Unique ID;Player;Best Pos;Position;Age;Nation of Birth;Club;Division;Appearances;Minutes;Rating;Playing Time;Transfer Value;Wage;Expires;Height;Preferred Foot;Left Foot;Right Foot;Poss Lost/90;Poss Won/90;Ps C/90;Ps A/90;Pr passes/90;OP-KP/90;Tcon/90;Ch C/90;Pres A/90;Pres C/90;Blk/90;Clr/90;Int/90;Tck/90;Dist/90;Drb/90;Sprints/90;OP-Crs A/90;xSv %;Sv %;CCC;OP-Crs C/90;Hdrs L/90;Hdrs W/90;Cln/90;xA/90;xG/90;xG-OP;NP-xG/90;Fouls Made;Fouls Against;Yel;Red cards;Aer A/90;K Hdrs/90;Crs A/90;Cr C/90;Con/90;Goals per 90 minutes;Saves/90;Tgls/90;MLG;Off;Asts/90;KP/90;xGP/90;Shots From Outside The Box Per 90 minutes;ShT/90;Shot/90;K Tck/90;Shts Blckd/90
2000265398;Carlos Bonilla;M (C);DM, M (C);19;Colombia;Valladolid;Second Division;32 (3);0;-;Scouting Required;Unknown;£230 - £320 p/w;30/6/2026;170 cm;Unknown Footedness;Very Weak;Very Weak;0.0;0.0;0.0;0.0;0.0;0.0;0.0;0.0;0.0;0.0;0.0;0.0;0.0;0.0;0.0;0.0;0.0;0.0;0;0;0;0.0;0.0;0.0;0.0;0.0;0.0;0;0.0;0;0;0;0;0.0;0.0;0.0;0.0;0.0;0.0;0;0.0;0;0;0.0;0.0;0.0;0.0;0.0;0.0;0.0;0.0
253310;Álvaro Yuste;D (C);D (C);23;Pays Basque;Melilla;Spanish Federation 1B;6 (1);572;6.73;Surplus to Requirements;£130K;£240 - £270 p/w;30/6/2024;185 cm;Right-Footed;Reasonable;Very Strong;5.0;9.8;63.7;68.1;3.6;0.2;1.3;0.0;3.9;1.3;1.1;2.2;0.9;0.6;10.9;0.0;3.5;0.0;0;0;0;0.0;1.9;2.4;0.0;0.0;0.0;-0.01;0.0;4;0;0;0;4.2;0.5;0.0;0.0;0.0;0.0;0;0.5;0;0;0.0;0.2;0.0;0.0;0.2;0.2;0.3;1.1
253315;Mangel;M (C);D (C), DM, M/AM (C);22;Spain;Ponferrada;Spanish Federation 1A;5 (8);645;6.68;Surplus to Requirements;£30K - £300K;£725 - £850 p/w;30/6/2026;192 cm;Right-Footed;Reasonable;Very Strong;7.4;9.8;45.2;51.6;3.3;0.6;1.7;0.0;7.3;1.8;0.6;1.3;1.0;1.1;12.9;0.8;9.6;0.1;0;0;0;0.0;3.1;4.2;0.0;0.1;0.1;0.39;0.1;6;3;0;0;7.3;0.8;0.1;0.0;0.0;0.1;0;1.0;0;0;0.0;0.6;0.0;0.0;0.4;0.8;0.0;0.1
2000265426;Asier Del Río;M (C);M (C);21;Spain;Sestao;Spanish Federation 1A;0 (6);146;6.38;Scouting Required;£0 - £40K;£110 - £140 p/w;30/6/2024;175 cm;Right-Footed;Reasonable;Very Strong;17.9;6.2;41.9;49.3;3.1;0.6;1.8;0.0;9.9;1.8;0.6;1.2;2.5;0.0;13.1;0.6;8.6;0.0;0;0;0;0.0;2.5;1.8;0.0;0.1;0.0;0;0.0;0;0;0;0;4.3;0.0;0.0;0.0;0.0;0.0;0;0.6;0;0;0.0;0.6;0.0;0.0;0.0;0.0;0.0;0.0
2000266884;George Andrews;AM (L);AM (RL), ST (C);19;Spain;A. Baleares;Spanish Federation 1B;0 (3);61;7.70;Scouting Required;£12K;£100 - £140 p/w;30/6/2025;187 cm;Right-Footed;Weak;Very Strong;0.0;0.0;0.0;0.0;0.0;0.0;0.0;0.0;0.0;0.0;0.0;0.0;0.0;0.0;0.0;0.0;0.0;0.0;0;0;0;0.0;0.0;0.0;0.0;0.0;0.0;0.58;0.0;0;0;0;0;0.0;0.0;0.0;0.0;0.0;0.0;0;0.0;0;0;0.0;0.0;0.0;0.0;0.0;0.0;0.0;0.0
2000269215;Marc Rodríguez;D (L);D (LC), WB (L);19;Andorra;Sabadell;Spanish Federation 1A;0;0;-;Scouting Required;£8K - £80K;£230 - £340 p/w;30/6/2025;177 cm;Left-Footed;Very Strong;Reasonable;0.0;0.0;0.0;0.0;0.0;0.0;0.0;0.0;0.0;0.0;0.0;0.0;0.0;0.0;0.0;0.0;0.0;0.0;0;0;0;0.0;0.0;0.0;0.0;0.0;0.0;0;0.0;0;0;0;0;0.0;0.0;0.0;0.0;0.0;0.0;0;0.0;0;0;0.0;0.0;0.0;0.0;0.0;0.0;0.0;0.0
2000269218;Nil Linares;D (R);D/M (R);18;Andorra;F.C. Andorra;Second Division;0;0;-;Scouting Required;£45K - £450K;£360 - £525 p/w;30/6/2025;181 cm;Right-Footed Only;Weak;Very Strong;0.0;0.0;0.0;0.0;0.0;0.0;0.0;0.0;0.0;0.0;0.0;0.0;0.0;0.0;0.0;0.0;0.0;0.0;0;0;0;0.0;0.0;0.0;0.0;0.0;0.0;0;0.0;0;0;0;0;0.0;0.0;0.0;0.0;0.0;0.0;0;0.0;0;0;0.0;0.0;0.0;0.0;0.0;0.0;0.0;0.0
12094080;Sékou Djambou;M (C);M (C);19;Burkina Faso;Leganés;Second Division;0;0;-;Future Prospect;£110K;£1.3K - £1.5K p/w;30/6/2025;184 cm;Right-Footed;Strong;Very Strong;0.0;0.0;0.0;0.0;0.0;0.0;0.0;0.0;0.0;0.0;0.0;0.0;0.0;0.0;0.0;0.0;0.0;0.0;0;0;0;0.0;0.0;0.0;0.0;0.0;0.0;0;0.0;0;0;0;0;0.0;0.0;0.0;0.0;0.0;0.0;0;0.0;0;0;0.0;0.0;0.0;0.0;0.0;0.0;0.0;0.0
13224821;Ben Hamed;AM (C);M/AM (C);21;Cameroon;Mérida;Spanish Federation 1B;0 (1);10;-;Scouting Required;£0;£250 - £360 p/w;30/6/2024;177 cm;Right-Footed;Weak;Very Strong;0.0;0.0;0.0;0.0;0.0;0.0;0.0;0.0;0.0;0.0;0.0;0.0;0.0;0.0;0.0;0.0;0.0;0.0;0;0;0;0.0;0.0;0.0;0.0;0.0;0.0;-0.01;0.0;0;0;0;0;0.0;0.0;0.0;0.0;0.0;0.0;0;0.0;0;0;0.0;0.0;0.0;0.0;0.0;0.0;0.0;0.0
2000269220;Gerard Solà;ST (C);ST (C);20;Andorra;F.C. Andorra;Second Division;0;0;-;Scouting Required;£0 - £30K;£1K - £1.5K p/w;30/6/2025;185 cm;Right-Footed;Weak;Very Strong;0.0;0.0;0.0;0.0;0.0;0.0;0.0;0.0;0.0;0.0;0.0;0.0;0.0;0.0;0.0;0.0;0.0;0.0;0;0;0;0.0;0.0;0.0;0.0;0.0;0.0;0;0.0;0;0;0;0;0.0;0.0;0.0;0.0;0.0;0.0;0;0.0;0;0;0.0;0.0;0.0;0.0;0.0;0.0;0.0;0.0
2000270525;Raúl de la Rosa;M (C);DM, M (C);20;Spain;Tenerife;Second Division;0;0;-;Scouting Required;£9K - £35K;£230 - £310 p/w;30/6/2024;186 cm;Right-Footed;Weak;Very Strong;0.0;0.0;0.0;0.0;0.0;0.0;0.0;0.0;0.0;0.0;0.0;0.0;0.0;0.0;0.0;0.0;0.0;0.0;0;0;0;0.0;0.0;0.0;0.0;0.0;0.0;0;0.0;0;0;0;0;0.0;0.0;0.0;0.0;0.0;0.0;0;0.0;0;0;0.0;0.0;0.0;0.0;0.0;0.0;0.0;0.0
18039613;José Antonio Salcedo;GK;GK;33;Spain;Melilla;Spanish Federation 1B;34 (7);390;6.68;Backup;£0;£380 - £450 p/w;30/6/2024;185 cm;Right-Footed Only;Weak;Very Strong;14.8;3.0;7.6;14.1;0.5;0.0;1.4;0.0;0.0;0.0;0.0;12.9;0.2;0.2;4.5;0.0;0.2;0.0;72;57;0;0.0;0.0;0.0;0.0;0.0;0.0;0;0.0;0;0;0;0;0.0;0.0;0.0;0.0;1.4;0.0;1;1.4;0;0;0.0;0.0;-0.0;0.0;0.0;0.0;0.0;0.0
2000270527;Adrián Sanmartín;AM (R);M (L), AM (RLC);18;Spain;Cartagena;Second Division;2;130;7.20;Scouting Required;£35K - £350K;£230 - £320 p/w;30/6/2025;171 cm;Right-Footed;Weak;Very Strong;12.5;6.2;23.5;28.4;2.8;2.1;0.7;0.0;13.8;2.8;0.7;1.4;1.4;4.2;12.9;3.5;22.2;4.2;0;0;0;0.0;8.3;1.4;0.0;0.1;0.4;1.39;0.4;2;1;0;0;9.7;0.0;4.2;0.0;0.0;1.4;0;2.1;0;0;0.0;2.1;0.0;0.0;2.8;2.8;0.0;0.0
2000272037;Rubén Richarte;AM (C);AM (LC);17;Spain;San Fernando;Spanish Federation 1B;0;0;-;Scouting Required;£180K - £650K;£75 - £100 p/w;30/6/2026;170 cm;Left-Footed;Very Strong;Reasonable;0.0;0.0;0.0;0.0;0.0;0.0;0.0;0.0;0.0;0.0;0.0;0.0;0.0;0.0;0.0;0.0;0.0;0.0;0;0;0;0.0;0.0;0.0;0.0;0.0;0.0;0;0.0;0;0;0;0;0.0;0.0;0.0;0.0;0.0;0.0;0;0.0;0;0;0.0;0.0;0.0;0.0;0.0;0.0;0.0;0.0
19290886;Cássio;DM;DM, M (C);25;Brazil;Tarazona;Spanish Federation 1A;6 (8);604;6.66;Surplus to Requirements;£40K;£240 - £290 p/w;30/6/2024;185 cm;Right-Footed Only;Weak;Very Strong;8.5;11.9;38.3;43.7;4.0;0.4;1.8;0.0;11.3;1.9;0.9;1.3;1.2;2.1;13.4;0.6;8.8;0.1;0;0;0;0.1;2.2;3.6;0.0;0.1;0.1;-0.41;0.1;5;2;1;0;5.8;0.6;0.1;0.1;0.0;0.0;0;0.4;0;0;0.0;0.4;0.0;0.3;0.3;0.6;0.3;0.3
2000272695;Ángel Cantero;GK;GK;18;Spain;Albacete;Second Division;1 (10);0;-;Scouting Required;£1K - £9K;£160 - £250 p/w;30/6/2024;180 cm;Right-Footed;Weak;Very Strong;0.0;0.0;0.0;0.0;0.0;0.0;0.0;0.0;0.0;0.0;0.0;0.0;0.0;0.0;0.0;0.0;0.0;0.0;0;0;0;0.0;0.0;0.0;0.0;0.0;0.0;0;0.0;0;0;0;0;0.0;0.0;0.0;0.0;0.0;0.0;0;0.0;0;0;0.0;0.0;0.0;0.0;0.0;0.0;0.0;0.0
2000272700;Guillermo Martín;DM;DM, M (C);18;Spain;Albacete;Second Division;0;0;-;Scouting Required;Unknown;£160 - £250 p/w;30/6/2024;186 cm;Unknown Footedness;Very Weak;Very Weak;0.0;0.0;0.0;0.0;0.0;0.0;0.0;0.0;0.0;0.0;0.0;0.0;0.0;0.0;0.0;0.0;0.0;0.0;0;0;0;0.0;0.0;0.0;0.0;0.0;0.0;0;0.0;0;0;0;0;0.0;0.0;0.0;0.0;0.0;0.0;0;0.0;0;0;0.0;0.0;0.0;0.0;0.0;0.0;0.0;0.0
20503500;Diyaeddine Abzi;D (L);D/WB (L);25;Morocco;Leganés;Second Division;8 (10);953;6.76;Scouting Required;£45K - £475K;£1.4K - £1.9K p/w;30/6/2025;183 cm;Left-Footed;Very Strong;Weak;12.7;9.1;40.3;46.1;6.3;0.8;1.2;0.0;8.8;2.0;0.6;1.1;2.8;2.4;13.6;1.3;16.5;2.1;0;0;0;0.6;1.9;2.2;0.0;0.1;0.0;0.82;0.0;6;7;1;0;4.1;0.5;2.2;0.6;0.0;0.1;0;1.5;0;2;0.1;0.8;0.0;0.1;0.2;0.5;0.1;0.1
2000272703;Álvaro Moreno;D (C);D (C);18;Spain;Albacete;Second Division;0;0;-;Scouting Required;Unknown;£170 - £260 p/w;30/6/2024;179 cm;Unknown Footedness;Very Weak;Very Weak;0.0;0.0;0.0;0.0;0.0;0.0;0.0;0.0;0.0;0.0;0.0;0.0;0.0;0.0;0.0;0.0;0.0;0.0;0;0;0;0.0;0.0;0.0;0.0;0.0;0.0;0;0.0;0;0;0;0;0.0;0.0;0.0;0.0;0.0;0.0;0;0.0;0;0;0.0;0.0;0.0;0.0;0.0;0.0;0.0;0.0
2000272705;Daniel Leal;AM (R);AM (R);18;Spain;Albacete;Second Division;0;0;-;Scouting Required;Unknown;£180 - £270 p/w;30/6/2024;172 cm;Unknown Footedness;Very Weak;Very Weak;0.0;0.0;0.0;0.0;0.0;0.0;0.0;0.0;0.0;0.0;0.0;0.0;0.0;0.0;0.0;0.0;0.0;0.0;0;0;0;0.0;0.0;0.0;0.0;0.0;0.0;0;0.0;0;0;0;0;0.0;0.0;0.0;0.0;0.0;0.0;0;0.0;0;0;0.0;0.0;0.0;0.0;0.0;0.0;0.0;0.0
2000272710;Alberto Morientes;ST (C);ST (C);18;Spain;Albacete;Second Division;0;0;-;Scouting Required;Unknown;£190 - £270 p/w;30/6/2024;174 cm;Unknown Footedness;Very Weak;Very Weak;0.0;0.0;0.0;0.0;0.0;0.0;0.0;0.0;0.0;0.0;0.0;0.0;0.0;0.0;0.0;0.0;0.0;0.0;0;0;0;0.0;0.0;0.0;0.0;0.0;0.0;0;0.0;0;0;0;0;0.0;0.0;0.0;0.0;0.0;0.0;0;0.0;0;0;0.0;0.0;0.0;0.0;0.0;0.0;0.0;0.0
2000273331;Viti;ST (C);ST (C);20;Spain;Tenerife;Second Division;0;0;-;Scouting Required;£0;£200 - £280 p/w;30/6/2025;195 cm;Right-Footed;Weak;Very Strong;0.0;0.0;0.0;0.0;0.0;0.0;0.0;0.0;0.0;0.0;0.0;0.0;0.0;0.0;0.0;0.0;0.0;0.0;0;0;0;0.0;0.0;0.0;0.0;0.0;0.0;0;0.0;0;0;0;0;0.0;0.0;0.0;0.0;0.0;0.0;0;0.0;0;0;0.0;0.0;0.0;0.0;0.0;0.0;0.0;0.0
2000273543;Aarón;ST (C);ST (C);19;Spain;Mirandés;Second Division;0 (1);18;6.40;Scouting Required;£9K - £95K;£925 - £1.4K p/w;30/6/2025;184 cm;Right-Footed;Reasonable;Very Strong;0.0;0.0;0.0;0.0;0.0;0.0;0.0;0.0;0.0;0.0;0.0;0.0;0.0;0.0;0.0;0.0;0.0;0.0;0;0;0;0.0;0.0;0.0;0.0;0.0;0.0;0;0.0;0;1;0;0;0.0;0.0;0.0;0.0;0.0;0.0;0;0.0;0;0;0.0;0.0;0.0;0.0;0.0;0.0;0.0;0.0
2000274880;Sander Ballero;M (C);M (C);20;Spain;Sabadell;Spanish Federation 1A;0 (1);6;-;Scouting Required;£24K - £230K;£430 - £600 p/w;30/6/2025;182 cm;Right-Footed;Fairly Strong;Very Strong;0.0;0.0;0.0;0.0;0.0;0.0;0.0;0.0;0.0;0.0;0.0;0.0;0.0;0.0;0.0;0.0;0.0;0.0;0;0;0;0.0;0.0;0.0;0.0;0.0;0.0;0;0.0;0;0;0;0;0.0;0.0;0.0;0.0;0.0;0.0;0;0.0;0;0;0.0;0.0;0.0;0.0;0.0;0.0;0.0;0.0
2000276996;Alejandro Mestanza;M (C);DM, M (C);19;Spain;A. Madrid B;Spanish Federation 1B;2 (1);163;6.67;Scouting Required;£20K - £210K;£190 - £280 p/w;30/6/2027;177 cm;Right-Footed;Reasonable;Very Strong;8.8;5.0;42.0;48.6;2.8;0.0;2.2;0.0;8.8;3.3;1.1;2.2;0.6;2.8;12.4;0.0;11.0;0.0;0;0;0;0.0;0.0;0.0;0.0;0.0;0.0;-0.08;0.0;4;1;1;0;0.0;0.0;0.0;0.0;0.0;0.0;0;1.7;0;0;0.0;0.0;0.0;1.1;0.0;1.1;0.6;1.1
2000277119;Manu Figueroa;GK;GK;20;Spain;Arenteiro;Spanish Federation 1A;1 (3);220;5.87;Scouting Required;£0;N/A;30/6/2026;176 cm;Right-Footed;Reasonable;Very Strong;9.4;1.2;9.0;18.0;0.0;0.0;2.9;0.0;0.0;0.0;0.0;8.6;0.0;0.0;3.6;0.0;0.0;0.0;94;22;0;0.0;0.0;0.0;0.4;0.0;0.0;0;0.0;0;1;0;0;0.0;0.0;0.0;0.0;2.9;0.0;0;0.8;0;0;0.0;0.0;-1.8;0.0;0.0;0.0;0.0;0.0
2000277495;Pere;ST (C);ST (C);20;Spain;Leonesa;Spanish Federation 1A;0 (5);157;6.68;Scouting Required;£0;£180 - £270 p/w;30/6/2025;185 cm;Right-Footed;Weak;Very Strong;27.5;0.0;21.2;22.9;1.1;1.1;0.0;0.0;4.6;2.9;0.0;0.6;0.0;1.7;10.1;0.0;4.0;1.1;0;0;0;0.0;8.0;1.1;0.0;0.0;0.5;0.09;0.5;1;3;0;0;9.2;0.6;1.1;0.0;0.0;0.6;0;1.7;0;0;0.0;1.1;0.0;1.1;1.7;4.6;0.0;0.0
28126239;Óscar Tarensi;D (L);D/WB (L);21;Spain;Vigo B;Spanish Federation 1A;0;0;-;Scouting Required;£30K - £325K;£120 - £170 p/w;30/6/2025;178 cm;Left-Footed Only;Very Strong;Weak;0.0;0.0;0.0;0.0;0.0;0.0;0.0;0.0;0.0;0.0;0.0;0.0;0.0;0.0;0.0;0.0;0.0;0.0;0;0;0;0.0;0.0;0.0;0.0;0.0;0.0;0;0.0;0;0;0;0;0.0;0.0;0.0;0.0;0.0;0.0;0;0.0;0;0;0.0;0.0;0.0;0.0;0.0;0.0;0.0;0.0
2000277723;Jesús Belza;WB (R);D/WB/M/AM (R);20;Spain;Tenerife;Second Division;0 (1);19;6.80;Scouting Required;£1K - £10K;£725 - £1K p/w;30/6/2024;174 cm;Right-Footed;Weak;Very Strong;0.0;0.0;0.0;0.0;0.0;0.0;0.0;0.0;0.0;0.0;0.0;0.0;0.0;0.0;0.0;0.0;0.0;0.0;0;0;0;0.0;0.0;0.0;0.0;0.0;0.0;-0.03;0.0;0;0;0;0;0.0;0.0;0.0;0.0;0.0;0.0;0;0.0;0;0;0.0;0.0;0.0;0.0;0.0;0.0;0.0;0.0
2000278199;Daniel Borrasca;ST (C);ST (C);21;Spain;Huelva;Spanish Federation 1B;4 (4);302;6.28;Scouting Required;£3.5K - £35K;£170 - £260 p/w;30/6/2025;181 cm;Left-Footed;Very Strong;Strong;4.2;2.7;13.7;15.5;0.3;0.0;1.2;0.0;4.2;1.8;0.3;0.9;0.3;0.0;11.3;0.3;3.9;0.0;0;0;0;0.0;8.9;1.5;0.0;0.0;0.0;-0.01;0.0;0;1;0;0;10.4;0.0;0.0;0.0;0.0;0.0;0;0.3;0;0;0.0;0.0;0.0;0.0;0.0;0.3;0.0;0.3
29156874;Jon Ceberio;M (C);M (C);27;Spain;Intercity;Spanish Federation 1B;1 (4);128;6.90;Scouting Required;£0;£1.1K - £1.5K p/w;30/6/2024;186 cm;Right-Footed;Weak;Very Strong;14.1;7.7;61.9;71.0;9.8;2.8;2.1;0.0;11.2;2.1;0.0;2.1;0.7;2.1;13.6;0.0;8.4;1.4;0;0;0;0.7;3.5;0.0;0.0;0.0;0.0;-0.03;0.0;0;1;0;0;3.5;0.7;1.4;0.7;0.0;0.0;0;0.7;0;0;0.0;2.8;0.0;0.7;0.0;0.7;0.0;0.0
2000278641;Óscar Jiménez;ST (C);ST (C);22;Spain;Córdoba;Spanish Federation 1B;0 (1);17;6.60;Surplus to Requirements;£200K - £700K;£650 - £775 p/w;30/6/2025;187 cm;Right-Footed;Reasonable;Very Strong;0.0;0.0;0.0;0.0;0.0;0.0;0.0;0.0;0.0;0.0;0.0;0.0;0.0;0.0;0.0;0.0;0.0;0.0;0;0;0;0.0;0.0;0.0;0.0;0.0;0.0;0;0.0;0;1;0;0;0.0;0.0;0.0;0.0;0.0;0.0;0;0.0;0;0;0.0;0.0;0.0;0.0;0.0;0.0;0.0;0.0
2000278754;Ethan Laínez;GK;GK;19;Spain;Teruel;Spanish Federation 1A;2 (1);202;6.57;Scouting Required;£45K - £425K;£350 - £525 p/w;30/6/2025;193 cm;Right-Footed;Reasonable;Very Strong;8.0;1.8;13.4;16.0;0.9;0.0;1.3;0.0;0.0;0.0;0.0;10.2;0.0;0.0;3.5;0.0;0.0;0.0;85;66;0;0.0;0.0;0.0;0.4;0.0;0.0;0;0.0;0;0;0;0;0.0;0.0;0.0;0.0;1.3;0.0;2;2.2;0;0;0.0;0.0;-0.2;0.0;0.0;0.0;0.0;0.0
2000278807;Nico Rodríguez;GK;GK;21;Spain;Teruel;Spanish Federation 1A;6 (2);650;6.41;Scouting Required;£1.5K - £12K;£240 - £330 p/w;30/6/2024;188 cm;Right-Footed;Fairly Strong;Very Strong;7.6;1.5;10.0;19.4;0.3;0.0;1.9;0.0;0.0;0.0;0.0;9.4;0.0;0.0;6.0;0.0;0.0;0.0;88;68;0;0.0;0.0;0.0;0.1;0.0;0.0;0;0.0;0;0;0;0;0.0;0.0;0.0;0.0;1.9;0.0;3;1.2;0;0;0.0;0.0;-0.4;0.0;0.0;0.0;0.0;0.0
2000278922;Hugo Solozábal;M (C);M (C);21;Spain;Leganés;Second Division;1 (3);73;6.90;Scouting Required;£55K - £550K;£1.1K - £1.6K p/w;30/6/2025;176 cm;Right-Footed;Reasonable;Very Strong;8.6;2.5;69.0;75.2;3.7;2.5;1.2;0.0;8.6;0.0;0.0;0.0;1.2;1.2;0.0;0.0;3.7;0.0;0;0;0;0.0;1.2;0.0;0.0;0.1;0.0;0;0.0;0;1;0;0;1.2;0.0;0.0;0.0;0.0;0.0;0;4.9;0;0;1.2;2.5;0.0;0.0;0.0;0.0;0.0;0.0
43096729;Stefan Simić;D (R);D (C);29;Czechia;Eibar;Second Division;4 (6);443;6.67;Squad Player;£5K - £14K;£2K - £2.4K p/w;30/6/2024;189 cm;Right-Footed;Weak;Very Strong;3.0;11.4;47.9;54.0;3.3;0.4;1.6;0.0;2.6;0.6;0.8;1.0;1.8;1.0;11.4;0.2;5.3;0.4;0;0;0;0.0;3.0;4.7;0.0;0.0;0.0;0;0.0;1;1;0;0;7.7;0.6;0.4;0.0;0.0;0.0;0;1.2;0;0;0.0;0.4;0.0;0.0;0.0;0.0;0.4;0.6
43124602;Antonino La Gumina;ST (C);AM (R), ST (C);28;Italy;Mirandés;Second Division;5 (6);532;6.67;Scouting Required;£110K - £1.1M;£10.75K - £16K p/w;30/6/2026;182 cm;Right-Footed;Reasonable;Very Strong;19.6;1.4;19.3;23.3;1.2;1.0;1.2;0.0;6.6;1.7;0.0;0.2;0.8;0.5;11.6;1.2;7.6;1.0;0;0;0;0.2;7.8;2.9;0.0;0.1;0.6;-2.37;0.6;13;11;0;0;10.7;0.2;1.0;0.2;0.0;0.2;0;0.7;0;3;0.0;1.0;0.0;1.5;1.4;4.4;0.0;0.0
2000279023;Iñigo García;AM (L);D/AM (L);19;Pays Basque;Alcorcón;Second Division;0;0;-;Scouting Required;£8K - £75K;£1.3K - £1.7K p/w;30/6/2026;173 cm;Left-Footed Only;Very Strong;Weak;0.0;0.0;0.0;0.0;0.0;0.0;0.0;0.0;0.0;0.0;0.0;0.0;0.0;0.0;0.0;0.0;0.0;0.0;0;0;0;0.0;0.0;0.0;0.0;0.0;0.0;0;0.0;0;0;0;0;0.0;0.0;0.0;0.0;0.0;0.0;0;0.0;0;0;0.0;0.0;0.0;0.0;0.0;0.0;0.0;0.0
2000279024;Nico Fernández;ST (C);ST (C);20;Spain;Alcorcón;Second Division;0;0;-;Scouting Required;£0 - £50K;£1.3K - £1.7K p/w;30/6/2025;188 cm;Right-Footed;Reasonable;Very Strong;0.0;0.0;0.0;0.0;0.0;0.0;0.0;0.0;0.0;0.0;0.0;0.0;0.0;0.0;0.0;0.0;0.0;0.0;0;0;0;0.0;0.0;0.0;0.0;0.0;0.0;0;0.0;0;0;0;0;0.0;0.0;0.0;0.0;0.0;0.0;0;0.0;0;0;0.0;0.0;0.0;0.0;0.0;0.0;0.0;0.0
2000279028;Héctor Criado;D (C);D (RC);19;Spain;Alcorcón;Second Division;0;0;-;Scouting Required;£22K - £230K;£850 - £1.3K p/w;30/6/2026;193 cm;Right-Footed Only;Weak;Very Strong;0.0;0.0;0.0;0.0;0.0;0.0;0.0;0.0;0.0;0.0;0.0;0.0;0.0;0.0;0.0;0.0;0.0;0.0;0;0;0;0.0;0.0;0.0;0.0;0.0;0.0;0;0.0;0;0;0;0;0.0;0.0;0.0;0.0;0.0;0.0;0;0.0;0;0;0.0;0.0;0.0;0.0;0.0;0.0;0.0;0.0
2000279045;Jaime Garrido;ST (C);ST (C);21;Spain;Alcorcón;Second Division;0;0;-;Scouting Required;£0;£875 - £1.3K p/w;30/6/2025;183 cm;Right-Footed;Reasonable;Very Strong;0.0;0.0;0.0;0.0;0.0;0.0;0.0;0.0;0.0;0.0;0.0;0.0;0.0;0.0;0.0;0.0;0.0;0.0;0;0;0;0.0;0.0;0.0;0.0;0.0;0.0;0;0.0;0;0;0;0;0.0;0.0;0.0;0.0;0.0;0.0;0;0.0;0;0;0.0;0.0;0.0;0.0;0.0;0.0;0.0;0.0
43458613;Pablo Moreno;AM (R);AM (RLC), ST (C);22;Spain;F.C. Andorra;Second Division;0 (5);101;6.53;Scouting Required;£325K - £1.2M;£1.5K - £2.2K p/w;30/6/2025;178 cm;Right-Footed;Weak;Very Strong;18.7;0.0;21.4;23.2;0.0;0.0;0.9;0.0;6.2;2.7;0.0;0.0;0.0;2.7;8.1;0.0;6.2;0.0;0;0;0;0.0;8.9;1.8;0.0;0.2;0.0;0;0.0;0;2;0;0;10.7;0.0;0.0;0.0;0.0;0.0;0;0.0;0;0;0.0;0.0;0.0;0.0;0.0;0.0;0.0;0.0
43465847;Alessio Salvato;GK;GK;22;Italy;Castellón;Spanish Federation 1B;7 (1);665;6.81;Scouting Required;£12K - £120K;£675 - £975 p/w;30/6/2025;181 cm;Right-Footed Only;Very Weak;Very Strong;2.0;7.0;31.0;32.8;0.0;0.0;1.5;0.0;0.0;0.0;0.0;1.5;0.1;0.0;6.1;0.0;0.0;0.0;80;62;0;0.0;0.0;0.0;0.5;0.0;0.0;0;0.0;0;1;0;0;0.0;0.0;0.0;0.0;1.5;0.0;2;1.6;0;0;0.0;0.0;-0.3;0.0;0.0;0.0;0.0;0.0
2000280495;Dani Ruiz;D (C);D (C);19;Spain;Burgos;Second Division;1;90;6.70;Scouting Required;£2K - £18K;£1K - £1.5K p/w;30/6/2025;188 cm;Left-Footed;Very Strong;Reasonable;4.0;8.0;42.0;48.0;5.0;0.0;1.0;0.0;6.0;3.0;0.0;2.0;0.0;4.0;11.0;0.0;5.0;0.0;0;0;0;0.0;1.0;7.0;0.0;0.1;0.0;0;0.0;2;0;0;0;8.0;2.0;0.0;0.0;0.0;0.0;0;2.0;0;0;0.0;0.0;0.0;0.0;0.0;0.0;0.0;0.0
48036407;Quentin Braat;GK;GK;26;France;Oviedo;Second Division;10 (3);1035;6.52;First-Choice Goalkeeper;£24K - £240K;£2.5K - £2.9K p/w;30/6/2025;194 cm;Right-Footed Only;Weak;Very Strong;12.2;2.3;13.2;22.8;0.1;0.0;1.5;0.0;0.0;0.0;0.0;9.1;0.1;0.0;5.5;0.0;0.0;0.0;85;66;0;0.0;0.0;0.0;0.3;0.0;0.0;0;0.0;1;5;1;0;0.0;0.0;0.0;0.0;1.5;0.0;2;1.1;0;0;0.0;0.0;-0.1;0.0;0.0;0.0;0.0;0.0
2000280908;Miguel Torguet;DM;DM;20;Spain;Huesca;Second Division;2 (9);385;6.50;Scouting Required;£35K;£1.1K - £1.6K p/w;30/6/2026;185 cm;Right-Footed;Reasonable;Very Strong;11.2;5.6;51.0;57.3;4.0;1.4;1.2;0.0;8.9;3.0;0.7;1.2;1.4;2.8;13.1;0.5;9.6;0.7;0;0;0;0.0;3.7;1.9;0.0;0.0;0.1;-0.22;0.1;3;1;0;0;5.6;0.2;0.7;0.0;0.0;0.0;0;2.6;0;1;0.2;1.4;0.0;0.5;0.0;0.5;0.0;0.5
48045952;Aurélien Scheidler;ST (C);ST (C);26;France;F.C. Andorra;Second Division;0 (15);248;6.66;Scouting Required;£150K - £1.5M;£4.9K - £6.75K p/w;30/6/2026;192 cm;Right-Footed Only;Weak;Very Strong;16.7;0.0;20.0;23.6;0.4;0.4;0.4;0.0;8.0;1.8;0.0;0.0;0.0;1.5;12.9;0.4;8.7;0.4;0;0;0;0.0;6.9;3.3;0.0;0.1;0.7;-0.8;0.7;1;8;1;0;10.2;0.0;0.4;0.0;0.0;0.4;0;1.1;0;0;0.4;0.4;0.0;1.5;1.8;4.4;0.0;0.0
48048269;Yann Kembo;D (C);D (C);22;France;S. Gijón;Second Division;0 (1);37;6.20;Scouting Required;£16K - £55K;£1.1K - £1.6K p/w;30/6/2025;195 cm;Left-Footed Only;Very Strong;Weak;0.0;0.0;0.0;0.0;0.0;0.0;0.0;0.0;0.0;0.0;0.0;0.0;0.0;0.0;0.0;0.0;0.0;0.0;0;0;0;0.0;0.0;0.0;0.0;0.0;0.0;0;0.0;0;0;0;0;0.0;0.0;0.0;0.0;0.0;0.0;0;0.0;0;0;0.0;0.0;0.0;0.0;0.0;0.0;0.0;0.0
2000280911;Nacho García;D (C);D (C);22;Spain;R. Majadahonda;Spanish Federation 1A;15;1314;6.59;Scouting Required;£14K - £130K;£220 - £310 p/w;30/6/2024;183 cm;Right-Footed;Fairly Strong;Very Strong;5.2;12.2;39.9;47.1;3.3;0.2;1.4;0.0;2.9;1.4;0.4;1.7;0.9;1.4;10.9;0.0;3.7;0.1;0;0;0;0.0;2.4;4.2;0.0;0.1;0.0;-0.53;0.0;7;5;0;0;6.6;0.5;0.1;0.0;0.0;0.0;0;1.6;0;0;0.0;0.2;0.0;0.1;0.0;0.3;0.3;0.5
49040095;Mathis Lachuer;M (C);D (C), DM, M (C);23;France;Mirandés;Second Division;1 (4);191;6.54;Scouting Required;£12K - £120K;£1.3K - £1.8K p/w;30/6/2025;184 cm;Left-Footed;Very Strong;Weak;7.5;9.9;58.9;66.9;2.4;0.5;2.8;0.0;6.6;3.8;0.0;0.0;1.4;0.5;13.1;0.0;12.3;0.0;0;0;0;0.0;2.4;3.3;0.0;0.0;0.1;-0.14;0.1;1;1;0;0;5.7;0.0;0.0;0.0;0.0;0.0;0;0.9;0;0;0.0;0.5;0.0;0.0;0.0;0.5;0.0;0.5
49048609;Sofiane El Ftouhi;ST (C);AM (RL), ST (C);23;France;Ceuta;Spanish Federation 1B;0 (3);38;6.70;Surplus to Requirements;£60K;£250 - £280 p/w;30/6/2026;182 cm;Right-Footed Only;Weak;Very Strong;0.0;0.0;0.0;0.0;0.0;0.0;0.0;0.0;0.0;0.0;0.0;0.0;0.0;0.0;0.0;0.0;0.0;0.0;0;0;0;0.0;0.0;0.0;0.0;0.0;0.0;-0.29;0.0;0;1;0;0;0.0;0.0;0.0;0.0;0.0;0.0;0;0.0;0;0;0.0;0.0;0.0;0.0;0.0;0.0;0.0;0.0
49060934;Redouane Halhal;D (C);D (C);21;France;A. Madrid B;Spanish Federation 1B;9 (3);822;6.71;Scouting Required;£18K - £170K;£160 - £250 p/w;30/6/2025;185 cm;Right-Footed;Reasonable;Very Strong;6.8;7.7;51.8;57.5;2.2;0.1;2.1;0.0;3.8;1.0;0.7;2.7;2.0;0.9;10.8;0.0;2.8;0.1;0;0;0;0.0;1.9;1.5;0.0;0.0;0.0;-0.11;0.0;5;2;0;0;3.4;0.1;0.1;0.0;0.0;0.0;0;1.1;0;0;0.0;0.1;0.0;0.0;0.0;0.1;0.5;0.5
49061259;Mathéo Sanchez;AM (C);AM (LC), ST (C);21;France;San Fernando;Spanish Federation 1B;0 (1);7;-;Scouting Required;£2K - £18K;£220 - £300 p/w;30/6/2025;175 cm;Right-Footed Only;Weak;Very Strong;0.0;0.0;0.0;0.0;0.0;0.0;0.0;0.0;0.0;0.0;0.0;0.0;0.0;0.0;0.0;0.0;0.0;0.0;0;0;0;0.0;0.0;0.0;0.0;0.0;0.0;0;0.0;0;0;0;0;0.0;0.0;0.0;0.0;0.0;0.0;0;0.0;0;0;0.0;0.0;0.0;0.0;0.0;0.0;0.0;0.0
2000283414;Oriol;M (C);M/AM (C);21;Spain;Ponferrada;Spanish Federation 1A;0;0;-;Scouting Required;£0;£210 - £300 p/w;30/6/2025;189 cm;Right-Footed;Reasonable;Very Strong;0.0;0.0;0.0;0.0;0.0;0.0;0.0;0.0;0.0;0.0;0.0;0.0;0.0;0.0;0.0;0.0;0.0;0.0;0;0;0;0.0;0.0;0.0;0.0;0.0;0.0;0;0.0;0;0;0;0;0.0;0.0;0.0;0.0;0.0;0.0;0;0.0;0;0;0.0;0.0;0.0;0.0;0.0;0.0;0.0;0.0
2000285471;Sergio Neira;ST (C);AM (LC), ST (C);18;Spain;Valladolid;Second Division;0 (1);1;-;Scouting Required;£35K - £325K;£310 - £420 p/w;30/6/2026;175 cm;Right-Footed;Weak;Very Strong;0.0;0.0;0.0;0.0;0.0;0.0;0.0;0.0;0.0;0.0;0.0;0.0;0.0;0.0;0.0;0.0;0.0;0.0;0;0;0;0.0;0.0;0.0;0.0;0.0;0.0;0;0.0;0;0;0;0;0.0;0.0;0.0;0.0;0.0;0.0;0;0.0;0;0;0.0;0.0;0.0;0.0;0.0;0.0;0.0;0.0
51078596;Jesús Hernández;ST (C);ST (C);20;Mexico;Murcia;Spanish Federation 1B;30 (1);2678;6.56;Breakthrough Prospect;£2.8M;£300 - £350 p/w;30/6/2025;183 cm;Right-Footed;Reasonable;Very Strong;4.2;2.8;15.4;17.7;0.1;0.1;1.6;0.0;4.7;1.0;0.0;0.6;0.7;0.6;11.4;0.4;3.7;0.1;0;0;0;0.0;7.7;3.8;0.0;0.0;0.3;0.76;0.3;21;25;2;0;11.5;0.1;0.1;0.0;0.0;0.3;0;1.0;0;10;0.0;0.1;0.0;0.3;0.8;1.8;0.0;0.0
2000288341;Hugo De Bustos;ST (C);ST (C);19;Spain;Unionistas;Spanish Federation 1A;3 (27);795;6.77;Breakthrough Prospect;£110K - £400K;£230 - £270 p/w;30/6/2026;182 cm;Right-Footed;Reasonable;Very Strong;16.9;0.6;17.8;21.4;0.5;0.5;1.4;0.0;6.1;1.0;0.2;0.5;0.9;0.8;11.3;0.9;5.8;0.7;0;0;0;0.1;9.1;1.1;0.0;0.0;0.3;4.41;0.3;13;21;1;0;10.2;0.1;0.7;0.1;0.0;0.8;0;2.3;0;4;0.0;0.5;0.0;0.6;1.6;2.2;0.0;0.0
55070267;André Ferreira;GK;GK;28;Portugal;Valladolid;Second Division;8;750;7.19;Scouting Required;£210K - £2.1M;£2.8K - £4.3K p/w;30/6/2026;193 cm;Right-Footed Only;Weak;Very Strong;7.4;4.8;16.3;23.6;0.2;0.0;0.5;0.0;0.0;0.0;0.0;9.5;0.0;0.0;6.0;0.0;0.0;0.0;84;81;0;0.0;0.0;0.0;0.5;0.0;0.0;0;0.0;0;1;0;0;0.0;0.0;0.0;0.0;0.5;0.0;1;1.7;0;0;0.0;0.0;0.4;0.0;0.0;0.0;0.0;0.0
55078869;Nélson Monte;D (C);D (RC);28;Portugal;Málaga;Spanish Federation 1B;32 (2);2877;6.91;Important Player;£1.1M - £1.7M;£3.3K p/w;30/6/2026;188 cm;Right-Footed;Reasonable;Very Strong;6.4;13.0;50.9;56.7;6.1;0.3;1.1;0.0;3.3;1.0;0.5;1.0;2.6;1.2;12.0;0.7;8.1;0.0;0;0;0;0.0;2.0;5.1;0.0;0.0;0.1;-1.52;0.1;22;7;7;0;7.2;0.7;0.0;0.0;0.0;0.0;0;2.1;1;1;0.0;0.3;0.0;0.1;0.3;0.8;0.4;0.4
2000291145;Aitor Bellón;D (C);D (C);18;Spain;Albacete;Second Division;0;0;-;Scouting Required;Unknown;£170 - £260 p/w;30/6/2026;190 cm;Unknown Footedness;Very Weak;Very Weak;0.0;0.0;0.0;0.0;0.0;0.0;0.0;0.0;0.0;0.0;0.0;0.0;0.0;0.0;0.0;0.0;0.0;0.0;0;0;0;0.0;0.0;0.0;0.0;0.0;0.0;0;0.0;0;0;0;0;0.0;0.0;0.0;0.0;0.0;0.0;0;0.0;0;0;0.0;0.0;0.0;0.0;0.0;0.0;0.0;0.0
2000291225;Hugo Martínez;M (L);M/AM (L);18;Spain;Albacete;Second Division;0;0;-;Scouting Required;Unknown;£290 - £410 p/w;30/6/2026;196 cm;Unknown Footedness;Very Weak;Very Weak;0.0;0.0;0.0;0.0;0.0;0.0;0.0;0.0;0.0;0.0;0.0;0.0;0.0;0.0;0.0;0.0;0.0;0.0;0;0;0;0.0;0.0;0.0;0.0;0.0;0.0;0;0.0;0;0;0;0;0.0;0.0;0.0;0.0;0.0;0.0;0;0.0;0;0;0.0;0.0;0.0;0.0;0.0;0.0;0.0;0.0
2000291228;Sergio Perea;AM (R);M/AM (R);18;Spain;Albacete;Second Division;1 (10);0;-;Scouting Required;Unknown;£230 - £310 p/w;30/6/2025;173 cm;Unknown Footedness;Very Weak;Very Weak;0.0;0.0;0.0;0.0;0.0;0.0;0.0;0.0;0.0;0.0;0.0;0.0;0.0;0.0;0.0;0.0;0.0;0.0;0;0;0;0.0;0.0;0.0;0.0;0.0;0.0;0;0.0;0;0;0;0;0.0;0.0;0.0;0.0;0.0;0.0;0;0.0;0;0;0.0;0.0;0.0;0.0;0.0;0.0;0.0;0.0
2000291361;Cristian Palacios;ST (C);ST (C);17;Spain;R. Santander;Second Division;0;0;-;Scouting Required;Unknown;£65 - £100 p/w;30/6/2025;188 cm;Unknown Footedness;Very Weak;Very Weak;0.0;0.0;0.0;0.0;0.0;0.0;0.0;0.0;0.0;0.0;0.0;0.0;0.0;0.0;0.0;0.0;0.0;0.0;0;0;0;0.0;0.0;0.0;0.0;0.0;0.0;0;0.0;0;0;0;0;0.0;0.0;0.0;0.0;0.0;0.0;0;0.0;0;0;0.0;0.0;0.0;0.0;0.0;0.0;0.0;0.0
2000291377;Asier García;M (L);M/AM (LC);18;Spain;R. Santander;Second Division;0;0;-;Scouting Required;Unknown;£160 - £250 p/w;30/6/2025;166 cm;Unknown Footedness;Very Weak;Very Weak;0.0;0.0;0.0;0.0;0.0;0.0;0.0;0.0;0.0;0.0;0.0;0.0;0.0;0.0;0.0;0.0;0.0;0.0;0;0;0;0.0;0.0;0.0;0.0;0.0;0.0;0;0.0;0;0;0;0;0.0;0.0;0.0;0.0;0.0;0.0;0;0.0;0;0;0.0;0.0;0.0;0.0;0.0;0.0;0.0;0.0
2000291381;Laro Gómez;GK;GK;17;Spain;R. Santander;Second Division;0;0;-;Scouting Required;Unknown;£70 - £100 p/w;30/6/2025;186 cm;Unknown Footedness;Very Weak;Very Weak;0.0;0.0;0.0;0.0;0.0;0.0;0.0;0.0;0.0;0.0;0.0;0.0;0.0;0.0;0.0;0.0;0.0;0.0;0;0;0;0.0;0.0;0.0;0.0;0.0;0.0;0;0.0;0;0;0;0;0.0;0.0;0.0;0.0;0.0;0.0;0;0.0;0;0;0.0;0.0;0.0;0.0;0.0;0.0;0.0;0.0
2000291452;Christian Lagüera;D (C);D (RC);17;Spain;R. Santander;Second Division;34 (7);0;-;Scouting Required;Unknown;£90 - £120 p/w;30/6/2026;175 cm;Unknown Footedness;Very Weak;Very Weak;0.0;0.0;0.0;0.0;0.0;0.0;0.0;0.0;0.0;0.0;0.0;0.0;0.0;0.0;0.0;0.0;0.0;0.0;0;0;0;0.0;0.0;0.0;0.0;0.0;0.0;0;0.0;0;0;0;0;0.0;0.0;0.0;0.0;0.0;0.0;0;0.0;0;0;0.0;0.0;0.0;0.0;0.0;0.0;0.0;0.0
62143070;Dragiša Gudelj;D (C);D (LC);26;Netherlands;Córdoba;Spanish Federation 1B;3;270;6.73;Regular Starter;£55K - £550K;£1.5K - £1.8K p/w;30/6/2025;186 cm;Left-Footed Only;Very Strong;Weak;4.7;10.0;72.0;76.0;5.3;0.3;1.0;0.0;8.7;1.7;0.3;1.3;0.7;1.3;12.3;0.0;5.0;0.3;0;0;0;0.0;0.3;4.7;0.0;0.0;0.0;0;0.0;4;0;2;0;5.0;0.3;0.3;0.0;0.0;0.0;0;1.7;0;0;0.0;0.3;0.0;0.0;0.0;0.0;0.0;0.3
62233893;Tomaž Stopajnik;GK;GK;23;Slovenia;Ceuta;Spanish Federation 1B;7;549;6.67;Emergency Backup;£2.5K - £9K;£550 - £675 p/w;30/6/2025;191 cm;Right-Footed;Reasonable;Very Strong;5.7;9.5;22.5;26.4;0.2;0.0;1.6;0.0;0.0;0.0;0.0;4.9;0.0;0.0;4.3;0.0;0.2;0.0;86;78;0;0.0;0.0;0.0;0.2;0.0;0.0;0;0.0;0;1;0;0;0.0;0.0;0.0;0.0;1.6;0.0;3;1.8;0;0;0.0;0.0;-0.3;0.0;0.0;0.0;0.2;0.0
2000291551;Diego Menéndez;M (C);M (C), AM (R);19;Spain;Oviedo;Second Division;0 (2);75;6.40;Scouting Required;£16K - £170K;£490 - £700 p/w;30/6/2025;186 cm;Right-Footed;Reasonable;Very Strong;20.4;4.8;37.2;46.8;2.4;0.0;0.0;0.0;13.2;1.2;1.2;0.0;1.2;1.2;0.0;2.4;6.0;1.2;0;0;0;0.0;1.2;2.4;0.0;0.0;0.0;0;0.0;1;1;0;0;3.6;0.0;1.2;0.0;0.0;0.0;0;0.0;0;0;0.0;0.0;0.0;0.0;0.0;0.0;0.0;0.0
2000291561;Dani Martín;GK;GK;18;Spain;R. Majadahonda;Spanish Federation 1A;36;3151;6.79;Important Player;£850K;£775 - £900 p/w;30/6/2026;186 cm;Right-Footed Only;Weak;Very Strong;9.4;4.0;13.3;20.8;0.1;0.0;1.2;0.0;0.0;0.0;0.0;8.5;0.0;0.1;5.6;0.0;0.0;0.0;87;74;0;0.0;0.0;0.0;0.3;0.0;0.0;0;0.0;0;14;0;1;0.0;0.0;0.0;0.0;1.2;0.0;3;1.2;0;0;0.0;0.0;0.1;0.0;0.0;0.0;0.0;0.0
2000292915;Dani Collado;AM (L);M/AM (L), ST (C);18;Spain;S. Gijón;Second Division;10 (3);0;-;Scouting Required;£2.5K - £24K;£160 - £250 p/w;30/6/2025;182 cm;Left-Footed;Very Strong;Reasonable;0.0;0.0;0.0;0.0;0.0;0.0;0.0;0.0;0.0;0.0;0.0;0.0;0.0;0.0;0.0;0.0;0.0;0.0;0;0;0;0.0;0.0;0.0;0.0;0.0;0.0;0;0.0;0;0;0;0;0.0;0.0;0.0;0.0;0.0;0.0;0;0.0;0;0;0.0;0.0;0.0;0.0;0.0;0.0;0.0;0.0
67009190;Jagoba Beobide;DM;DM, M (C);37;Spain;Real Irún;Spanish Federation 1A;33 (1);2708;6.76;Scouting Required;£0;£825 - £1.2K p/w;30/6/2024;177 cm;Right-Footed;Reasonable;Very Strong;8.0;9.8;46.6;52.5;4.0;0.7;1.2;0.0;9.4;2.3;0.4;0.9;1.6;1.9;12.2;0.7;9.2;0.3;0;0;0;0.1;2.9;2.7;0.0;0.1;0.1;-1.82;0.1;54;22;3;0;5.6;0.5;0.3;0.1;0.0;0.0;0;1.1;0;0;0.1;0.7;0.0;0.3;0.1;0.7;0.0;0.1
2000293266;Rodrigo Rocafort;GK;GK;18;Spain;Villarreal B;Second Division;0;0;-;Scouting Required;£12K - £120K;£180 - £270 p/w;30/6/2024;202 cm;Right-Footed;Fairly Strong;Very Strong;0.0;0.0;0.0;0.0;0.0;0.0;0.0;0.0;0.0;0.0;0.0;0.0;0.0;0.0;0.0;0.0;0.0;0.0;0;0;0;0.0;0.0;0.0;0.0;0.0;0.0;0;0.0;0;0;0;0;0.0;0.0;0.0;0.0;0.0;0.0;0;0.0;0;0;0.0;0.0;0.0;0.0;0.0;0.0;0.0;0.0
2000293638;Mikel González;WB (L);WB (L);19;Spain;Fuenlabrada;Spanish Federation 1A;0;0;-;Scouting Required;£0 - £45K;£230 - £320 p/w;30/6/2025;183 cm;Right-Footed;Weak;Very Strong;0.0;0.0;0.0;0.0;0.0;0.0;0.0;0.0;0.0;0.0;0.0;0.0;0.0;0.0;0.0;0.0;0.0;0.0;0;0;0;0.0;0.0;0.0;0.0;0.0;0.0;0;0.0;0;0;0;0;0.0;0.0;0.0;0.0;0.0;0.0;0;0.0;0;0;0.0;0.0;0.0;0.0;0.0;0.0;0.0;0.0
2000294396;Álex Lizancos;D (R);D (R);20;Spain;Lugo;Spanish Federation 1A;0 (1);34;6.60;Scouting Required;£0 - £80K;£230 - £320 p/w;30/6/2025;176 cm;Right-Footed;Reasonable;Very Strong;0.0;0.0;0.0;0.0;0.0;0.0;0.0;0.0;0.0;0.0;0.0;0.0;0.0;0.0;0.0;0.0;0.0;0.0;0;0;0;0.0;0.0;0.0;0.0;0.0;0.0;0;0.0;0;0;0;0;0.0;0.0;0.0;0.0;0.0;0.0;0;0.0;0;0;0.0;0.0;0.0;0.0;0.0;0.0;0.0;0.0
2000294793;Marc Bombardó;D (C);D (C);18;Spain;F.C. Andorra;Second Division;0;0;-;Scouting Required;£35K - £130K;£250 - £390 p/w;30/6/2025;185 cm;Right-Footed;Reasonable;Very Strong;0.0;0.0;0.0;0.0;0.0;0.0;0.0;0.0;0.0;0.0;0.0;0.0;0.0;0.0;0.0;0.0;0.0;0.0;0;0;0;0.0;0.0;0.0;0.0;0.0;0.0;0;0.0;0;0;0;0;0.0;0.0;0.0;0.0;0.0;0.0;0;0.0;0;0;0.0;0.0;0.0;0.0;0.0;0.0;0.0;0.0
2000295373;Oussama Boukir;D (C);D (LC);19;Morocco;Granada B;Spanish Federation 1B;0;0;-;Scouting Required;£12K - £45K;£230 - £320 p/w;30/6/2024;187 cm;Left-Footed;Very Strong;Reasonable;0.0;0.0;0.0;0.0;0.0;0.0;0.0;0.0;0.0;0.0;0.0;0.0;0.0;0.0;0.0;0.0;0.0;0.0;0;0;0;0.0;0.0;0.0;0.0;0.0;0.0;0;0.0;0;0;0;0;0.0;0.0;0.0;0.0;0.0;0.0;0;0.0;0;0;0.0;0.0;0.0;0.0;0.0;0.0;0.0;0.0
2000295418;Sergio Berrar;GK;GK;18;Pays Basque;Zaragoza;Second Division;0;0;-;Scouting Required;Unknown;£200 - £290 p/w;30/6/2024;181 cm;Unknown Footedness;Very Weak;Very Weak;0.0;0.0;0.0;0.0;0.0;0.0;0.0;0.0;0.0;0.0;0.0;0.0;0.0;0.0;0.0;0.0;0.0;0.0;0;0;0;0.0;0.0;0.0;0.0;0.0;0.0;0;0.0;0;0;0;0;0.0;0.0;0.0;0.0;0.0;0.0;0;0.0;0;0;0.0;0.0;0.0;0.0;0.0;0.0;0.0;0.0
2000295430;Daniel Olmos;D (R);D (RL), WB (R);18;Spain;Zaragoza;Second Division;0;0;-;Scouting Required;Unknown;£230 - £320 p/w;30/6/2024;179 cm;Unknown Footedness;Very Weak;Very Weak;0.0;0.0;0.0;0.0;0.0;0.0;0.0;0.0;0.0;0.0;0.0;0.0;0.0;0.0;0.0;0.0;0.0;0.0;0;0;0;0.0;0.0;0.0;0.0;0.0;0.0;0;0.0;0;0;0;0;0.0;0.0;0.0;0.0;0.0;0.0;0;0.0;0;0;0.0;0.0;0.0;0.0;0.0;0.0;0.0;0.0
2000295433;David García;D (C);D (RC);18;Spain;Zaragoza;Second Division;0;0;-;Scouting Required;Unknown;£600 - £825 p/w;30/6/2026;187 cm;Unknown Footedness;Very Weak;Very Weak;0.0;0.0;0.0;0.0;0.0;0.0;0.0;0.0;0.0;0.0;0.0;0.0;0.0;0.0;0.0;0.0;0.0;0.0;0;0;0;0.0;0.0;0.0;0.0;0.0;0.0;0;0.0;0;0;0;0;0.0;0.0;0.0;0.0;0.0;0.0;0;0.0;0;0;0.0;0.0;0.0;0.0;0.0;0.0;0.0;0.0
2000295436;Alejandro Conte;D (C);D (C);18;Spain;Zaragoza;Second Division;0;0;-;Scouting Required;Unknown;£250 - £340 p/w;30/6/2024;194 cm;Unknown Footedness;Very Weak;Very Weak;0.0;0.0;0.0;0.0;0.0;0.0;0.0;0.0;0.0;0.0;0.0;0.0;0.0;0.0;0.0;0.0;0.0;0.0;0;0;0;0.0;0.0;0.0;0.0;0.0;0.0;0;0.0;0;0;0;0;0.0;0.0;0.0;0.0;0.0;0.0;0;0.0;0;0;0.0;0.0;0.0;0.0;0.0;0.0;0.0;0.0
2000295456;Íñigo Cortés;M (C);M (RC);18;El Salvador;Zaragoza;Second Division;0;0;-;Scouting Required;Unknown;£490 - £725 p/w;30/6/2026;180 cm;Unknown Footedness;Very Weak;Very Weak;0.0;0.0;0.0;0.0;0.0;0.0;0.0;0.0;0.0;0.0;0.0;0.0;0.0;0.0;0.0;0.0;0.0;0.0;0;0;0;0.0;0.0;0.0;0.0;0.0;0.0;0;0.0;0;0;0;0;0.0;0.0;0.0;0.0;0.0;0.0;0;0.0;0;0;0.0;0.0;0.0;0.0;0.0;0.0;0.0;0.0
2000295462;Iker Vadillo;AM (L);M (L), AM (RL);18;Spain;Zaragoza;Second Division;0;0;-;Scouting Required;Unknown;£525 - £750 p/w;30/6/2025;178 cm;Unknown Footedness;Very Weak;Very Weak;0.0;0.0;0.0;0.0;0.0;0.0;0.0;0.0;0.0;0.0;0.0;0.0;0.0;0.0;0.0;0.0;0.0;0.0;0;0;0;0.0;0.0;0.0;0.0;0.0;0.0;0;0.0;0;0;0;0;0.0;0.0;0.0;0.0;0.0;0.0;0;0.0;0;0;0.0;0.0;0.0;0.0;0.0;0.0;0.0;0.0
2000295464;Hugo Pinilla;AM (R);M (R), AM (RLC);18;El Salvador;Zaragoza;Second Division;0;0;-;Scouting Required;£80K - £800K;£550 - £775 p/w;30/6/2026;176 cm;Right-Footed;Reasonable;Very Strong;0.0;0.0;0.0;0.0;0.0;0.0;0.0;0.0;0.0;0.0;0.0;0.0;0.0;0.0;0.0;0.0;0.0;0.0;0;0;0;0.0;0.0;0.0;0.0;0.0;0.0;0;0.0;0;0;0;0;0.0;0.0;0.0;0.0;0.0;0.0;0;0.0;0;0;0.0;0.0;0.0;0.0;0.0;0.0;0.0;0.0
2000295465;Dennis Rufo;ST (C);ST (C);18;Spain;Zaragoza;Second Division;0 (2);22;6.50;Scouting Required;£400K - £1.5M;£575 - £825 p/w;30/6/2026;184 cm;Right-Footed;Weak;Very Strong;0.0;0.0;0.0;0.0;0.0;0.0;0.0;0.0;0.0;0.0;0.0;0.0;0.0;0.0;0.0;0.0;0.0;0.0;0;0;1;0.0;0.0;0.0;0.0;0.0;0.0;-0.1;0.0;0;1;0;0;0.0;0.0;0.0;0.0;0.0;0.0;0;0.0;0;0;0.0;0.0;0.0;0.0;0.0;0.0;0.0;0.0
2000295467;Manu Sesé;AM (R);M/AM (R);18;Spain;Zaragoza;Second Division;0;0;-;Scouting Required;Unknown;£230 - £310 p/w;30/6/2024;181 cm;Unknown Footedness;Very Weak;Very Weak;0.0;0.0;0.0;0.0;0.0;0.0;0.0;0.0;0.0;0.0;0.0;0.0;0.0;0.0;0.0;0.0;0.0;0.0;0;0;0;0.0;0.0;0.0;0.0;0.0;0.0;0;0.0;0;0;0;0;0.0;0.0;0.0;0.0;0.0;0.0;0;0.0;0;0;0.0;0.0;0.0;0.0;0.0;0.0;0.0;0.0
2000295503;Yussif Saidu;M (C);DM, M (C);17;Ghana;Zaragoza;Second Division;0;0;-;Scouting Required;Unknown;£80 - £120 p/w;30/6/2024;178 cm;Unknown Footedness;Very Weak;Very Weak;0.0;0.0;0.0;0.0;0.0;0.0;0.0;0.0;0.0;0.0;0.0;0.0;0.0;0.0;0.0;0.0;0.0;0.0;0;0;0;0.0;0.0;0.0;0.0;0.0;0.0;0;0.0;0;0;0;0;0.0;0.0;0.0;0.0;0.0;0.0;0;0.0;0;0;0.0;0.0;0.0;0.0;0.0;0.0;0.0;0.0
2000295506;Salim Yenpariye;ST (C);ST (C);17;Ghana;Zaragoza;Second Division;34 (7);0;-;Scouting Required;Unknown;£85 - £120 p/w;30/6/2024;193 cm;Unknown Footedness;Very Weak;Very Weak;0.0;0.0;0.0;0.0;0.0;0.0;0.0;0.0;0.0;0.0;0.0;0.0;0.0;0.0;0.0;0.0;0.0;0.0;0;0;0;0.0;0.0;0.0;0.0;0.0;0.0;0;0.0;0;0;0;0;0.0;0.0;0.0;0.0;0.0;0.0;0;0.0;0;0;0.0;0.0;0.0;0.0;0.0;0.0;0.0;0.0
2000297082;Miguel Santaella;D (C);D (C);17;Spain;Málaga;Spanish Federation 1B;0;0;-;Future Prospect;£0 - £55K;£140 p/w;30/6/2024;178 cm;Left-Footed;Very Strong;Reasonable;0.0;0.0;0.0;0.0;0.0;0.0;0.0;0.0;0.0;0.0;0.0;0.0;0.0;0.0;0.0;0.0;0.0;0.0;0;0;0;0.0;0.0;0.0;0.0;0.0;0.0;0;0.0;0;0;0;0;0.0;0.0;0.0;0.0;0.0;0.0;0;0.0;0;0;0.0;0.0;0.0;0.0;0.0;0.0;0.0;0.0
2000297101;Lucio;D (C);D (C);21;Spain;Burgos;Second Division;0;0;-;Scouting Required;£16K;£1.1K - £1.6K p/w;30/6/2025;181 cm;Right-Footed;Fairly Strong;Very Strong;0.0;0.0;0.0;0.0;0.0;0.0;0.0;0.0;0.0;0.0;0.0;0.0;0.0;0.0;0.0;0.0;0.0;0.0;0;0;0;0.0;0.0;0.0;0.0;0.0;0.0;0;0.0;0;0;0;0;0.0;0.0;0.0;0.0;0.0;0.0;0;0.0;0;0;0.0;0.0;0.0;0.0;0.0;0.0;0.0;0.0
2000297122;Yeray Uzal;D (C);D (C);24;Spain;Sestao;Spanish Federation 1A;15;1245;6.67;Scouting Required;£0 - £35K;£230 - £320 p/w;30/6/2024;189 cm;Right-Footed;Reasonable;Very Strong;6.0;10.3;42.9;52.4;3.9;0.4;1.3;0.0;3.0;1.7;0.4;2.1;1.4;2.0;11.2;0.1;4.6;0.1;0;0;0;0.0;2.6;6.8;0.0;0.0;0.0;-0.25;0.0;9;2;3;0;9.4;1.0;0.1;0.0;0.0;0.0;0;0.9;0;0;0.0;0.4;0.0;0.1;0.0;0.2;0.3;0.4
2000297286;Aarón Alonso;GK;GK;19;Spain;Barcelona B;Spanish Federation 1A;0 (1);55;7.60;Scouting Required;£16K - £160K;£380 - £575 p/w;30/6/2024;185 cm;Right-Footed;Reasonable;Very Strong;0.0;0.0;0.0;0.0;0.0;0.0;0.0;0.0;0.0;0.0;0.0;0.0;0.0;0.0;0.0;0.0;0.0;0.0;0;0;0;0.0;0.0;0.0;0.0;0.0;0.0;0;0.0;0;0;0;0;0.0;0.0;0.0;0.0;0.0;0.0;0;0.0;0;0;0.0;0.0;0.0;0.0;0.0;0.0;0.0;0.0
67066747;Charly;DM;D (C), DM;32;Spain;Tarazona;Spanish Federation 1A;0 (5);154;6.53;Scouting Required;£0;£280 - £400 p/w;30/6/2024;185 cm;Right-Footed;Reasonable;Very Strong;4.7;7.6;44.4;53.2;3.5;0.6;1.2;0.0;6.4;2.3;0.0;1.2;0.6;1.8;12.9;0.0;10.5;0.0;0;0;0;0.0;2.3;3.5;0.0;0.1;0.0;0;0.0;2;2;1;0;5.8;0.0;0.0;0.0;0.0;0.0;0;1.2;0;0;0.6;0.6;0.0;0.0;0.0;0.0;0.6;1.8
2000297514;Nil Calderó;AM (R);AM (RL);19;Spain;Elche;Second Division;0;0;-;Scouting Required;£100K - £1M;£675 - £1K p/w;30/6/2026;176 cm;Right-Footed Only;Weak;Very Strong;0.0;0.0;0.0;0.0;0.0;0.0;0.0;0.0;0.0;0.0;0.0;0.0;0.0;0.0;0.0;0.0;0.0;0.0;0;0;0;0.0;0.0;0.0;0.0;0.0;0.0;0;0.0;0;0;0;0;0.0;0.0;0.0;0.0;0.0;0.0;0;0.0;0;0;0.0;0.0;0.0;0.0;0.0;0.0;0.0;0.0
2000297909;Jorge Espinal;ST (C);ST (C);19;Spain;Barcelona B;Spanish Federation 1A;0 (6);120;7.00;Scouting Required;£45K - £170K;£500 - £675 p/w;30/6/2024;184 cm;Right-Footed;Reasonable;Very Strong;20.2;0.0;19.5;24.0;0.8;1.5;1.5;0.0;4.5;0.8;0.0;0.0;0.0;0.8;11.6;1.5;4.5;0.8;0;0;0;0.0;6.0;3.0;0.0;0.0;0.3;1.57;0.3;1;3;0;0;9.0;0.0;0.8;0.0;0.0;1.5;0;2.2;0;1;0.8;1.5;0.0;0.8;3.0;4.5;0.0;0.0
2000299691;Alejandro Bueso;M (C);M (C);19;Spain;A. Baleares;Spanish Federation 1B;0 (4);83;6.60;Scouting Required;£4K - £40K;£170 - £260 p/w;30/6/2024;182 cm;Right-Footed;Reasonable;Very Strong;7.6;6.5;45.5;51.0;6.5;0.0;1.1;0.0;14.1;4.3;0.0;1.1;1.1;2.2;0.0;1.1;9.8;1.1;0;0;0;0.0;3.3;1.1;0.0;0.0;0.0;0;0.0;1;3;1;0;4.3;0.0;1.1;0.0;0.0;0.0;0;0.0;0;0;0.0;0.0;0.0;0.0;0.0;0.0;0.0;0.0
67071984;Erik Morán;DM;DM, M (C);33;Spain;Amorebieta;Second Division;0 (5);98;6.57;Scouting Required;£0;£430 - £650 p/w;30/6/2024;187 cm;Right-Footed Only;Weak;Very Strong;5.5;10.1;45.9;53.3;4.6;0.0;0.9;0.0;11.0;3.7;0.9;0.9;0.9;2.8;15.6;0.9;11.0;0.0;0;0;0;0.0;2.8;3.7;0.0;0.3;0.0;0;0.0;1;1;0;0;6.4;0.0;0.0;0.0;0.0;0.0;0;0.9;0;0;0.0;0.0;0.0;0.0;0.0;0.0;0.0;0.0
2000299693;Carlos Guirao;M (C);M/AM (C);21;Spain;Leganés;Second Division;1 (1);90;6.30;Scouting Required;£0;£925 - £1.4K p/w;30/6/2025;172 cm;Right-Footed;Fairly Strong;Very Strong;15.0;6.0;27.0;31.0;2.0;2.0;0.0;0.0;9.0;3.0;0.0;1.0;0.0;2.0;12.3;0.0;9.0;2.0;0;0;0;0.0;4.0;0.0;0.0;0.0;0.1;-0.1;0.1;0;1;0;0;4.0;0.0;2.0;0.0;0.0;0.0;0;0.0;0;0;0.0;2.0;0.0;0.0;1.0;1.0;0.0;0.0
2000299700;Ruby;ST (C);ST (C);20;Spain;Leganés;Second Division;0 (12);234;6.44;Scouting Required;£0;£1K - £1.5K p/w;30/6/2025;178 cm;Right-Footed;Fairly Strong;Very Strong;25.8;0.8;21.9;25.0;0.0;0.0;1.5;0.0;5.0;0.8;0.4;0.0;0.4;0.4;11.4;0.4;4.6;0.0;0;0;0;0.0;6.5;1.5;0.0;0.0;0.2;-0.43;0.2;5;1;0;0;8.1;0.0;0.0;0.0;0.0;0.0;0;0.8;0;3;0.0;0.0;0.0;0.4;0.8;2.3;0.0;0.0
2000299725;Cayetano;GK;GK;19;Spain;Levante;Second Division;0;0;-;Scouting Required;Unknown;£220 - £300 p/w;30/6/2025;187 cm;Unknown Footedness;Very Weak;Very Weak;0.0;0.0;0.0;0.0;0.0;0.0;0.0;0.0;0.0;0.0;0.0;0.0;0.0;0.0;0.0;0.0;0.0;0.0;0;0;0;0.0;0.0;0.0;0.0;0.0;0.0;0;0.0;0;0;0;0;0.0;0.0;0.0;0.0;0.0;0.0;0;0.0;0;0;0.0;0.0;0.0;0.0;0.0;0.0;0.0;0.0
67086925;Raúl Navas;D (C);D (C);36;Spain;Huelva;Spanish Federation 1B;21 (2);1855;6.62;Scouting Required;£0;£1.5K - £2.1K p/w;30/6/2024;185 cm;Right-Footed;Weak;Very Strong;5.0;9.8;54.5;58.5;3.0;0.1;2.0;0.0;2.2;0.6;0.6;1.5;1.3;0.9;10.8;0.1;4.9;0.0;0;0;0;0.0;1.9;4.9;0.0;0.0;0.0;-0.45;0.0;14;2;3;0;6.8;0.8;0.0;0.0;0.0;0.0;0;0.6;2;1;0.0;0.1;0.0;0.0;0.1;0.3;0.4;0.4
2000299745;Mateo Sciancalepore;M (L);M/AM (LC), ST (C);18;Spain;Espanyol;Second Division;0;0;-;Scouting Required;Unknown;£850 - £1.2K p/w;30/6/2026;174 cm;Unknown Footedness;Very Weak;Very Weak;0.0;0.0;0.0;0.0;0.0;0.0;0.0;0.0;0.0;0.0;0.0;0.0;0.0;0.0;0.0;0.0;0.0;0.0;0;0;0;0.0;0.0;0.0;0.0;0.0;0.0;0;0.0;0;0;0;0;0.0;0.0;0.0;0.0;0.0;0.0;0;0.0;0;0;0.0;0.0;0.0;0.0;0.0;0.0;0.0;0.0
67088150;Jon García;D (C);D (C);33;Spain;Ferrol;Second Division;16 (8);1683;6.61;Fringe Player;£0 - £55K;£1.4K - £1.6K p/w;30/6/2024;177 cm;Right-Footed;Fairly Strong;Very Strong;4.8;10.0;42.5;48.7;3.6;0.3;1.4;0.0;3.0;1.3;0.5;1.8;1.0;0.8;11.3;0.0;5.0;0.3;0;0;0;0.0;2.6;4.3;0.0;0.0;0.1;0.66;0.1;12;2;3;0;6.9;0.8;0.3;0.0;0.0;0.1;0;0.9;0;0;0.0;0.3;0.0;0.1;0.1;0.4;0.3;0.7
2000299749;Álvaro Pacheco;GK;GK;18;Spain;Espanyol;Second Division;0;0;-;Scouting Required;Unknown;£900 - £1.2K p/w;30/6/2026;185 cm;Unknown Footedness;Very Weak;Very Weak;0.0;0.0;0.0;0.0;0.0;0.0;0.0;0.0;0.0;0.0;0.0;0.0;0.0;0.0;0.0;0.0;0.0;0.0;0;0;0;0.0;0.0;0.0;0.0;0.0;0.0;0;0.0;0;0;0;0;0.0;0.0;0.0;0.0;0.0;0.0;0;0.0;0;0;0.0;0.0;0.0;0.0;0.0;0.0;0.0;0.0
67092251;Lago Junior;AM (L);M (RL), AM (RLC), ST (C);33;Ivory Coast;R. Santander;Second Division;2 (24);834;6.74;B Team Regular;£1.5K - £12K;£1.5K - £2.1K p/w;30/6/2025;180 cm;Right-Footed;Weak;Very Strong;19.6;2.7;25.9;31.7;2.3;0.9;1.4;0.0;12.4;2.7;0.2;0.4;2.1;2.2;12.8;2.3;14.4;2.7;0;0;0;0.4;3.0;2.5;0.0;0.1;0.2;-0.97;0.2;15;11;0;0;5.5;0.0;2.7;0.4;0.0;0.1;0;0.8;0;5;0.2;0.9;0.0;1.0;1.3;2.8;0.0;0.0
67092407;Pol Freixanet;GK;GK;32;Spain;A. Baleares;Spanish Federation 1B;0;0;-;Scouting Required;£12K;£975 - £1.4K p/w;30/6/2026;193 cm;Right-Footed Only;Weak;Very Strong;0.0;0.0;0.0;0.0;0.0;0.0;0.0;0.0;0.0;0.0;0.0;0.0;0.0;0.0;0.0;0.0;0.0;0.0;0;0;0;0.0;0.0;0.0;0.0;0.0;0.0;0;0.0;0;0;0;0;0.0;0.0;0.0;0.0;0.0;0.0;0;0.0;0;0;0.0;0.0;0.0;0.0;0.0;0.0;0.0;0.0
2000299900;Marcos Herrera;D (R);D (R);20;Spain;San Fernando;Spanish Federation 1B;0 (2);29;6.80;Scouting Required;£9K - £95K;£250 - £340 p/w;30/6/2025;180 cm;Right-Footed;Fairly Strong;Very Strong;0.0;0.0;0.0;0.0;0.0;0.0;0.0;0.0;0.0;0.0;0.0;0.0;0.0;0.0;0.0;0.0;0.0;0.0;0;0;1;0.0;0.0;0.0;0.0;0.0;0.0;0;0.0;0;0;0;0;0.0;0.0;0.0;0.0;0.0;0.0;0;0.0;0;0;0.0;0.0;0.0;0.0;0.0;0.0;0.0;0.0
2000300100;Édgar Alcañiz;AM (C);M/AM (C);19;Spain;Levante;Second Division;1 (1);45;6.60;Scouting Required;£140K - £1.4M;£600 - £900 p/w;30/6/2026;173 cm;Right-Footed;Fairly Strong;Very Strong;0.0;0.0;0.0;0.0;0.0;0.0;0.0;0.0;0.0;0.0;0.0;0.0;0.0;0.0;0.0;0.0;0.0;0.0;0;0;1;0.0;0.0;0.0;0.0;0.0;0.0;0;0.0;0;0;0;0;0.0;0.0;0.0;0.0;0.0;0.0;0;0.0;0;0;0.0;0.0;0.0;0.0;0.0;0.0;0.0;0.0
2000300218;Diego Rosado;D (R);D (RC), WB (R);19;Spain;A. Madrid B;Spanish Federation 1B;3 (1);266;6.78;Scouting Required;£12K - £120K;£160 - £250 p/w;30/6/2025;180 cm;Right-Footed;Reasonable;Very Strong;5.4;10.2;23.0;24.7;2.0;0.3;1.4;0.0;11.5;3.0;2.0;2.0;3.0;3.0;12.5;0.0;16.2;1.4;0;0;0;0.0;1.7;1.7;0.0;0.1;0.0;0;0.0;4;2;1;0;3.4;0.3;1.4;0.0;0.0;0.0;0;1.4;0;0;0.0;0.3;0.0;0.0;0.0;0.0;0.0;1.7
67101559;Alberto González;D (C);D (C);31;Spain;Murcia;Spanish Federation 1B;35;3150;6.85;Scouting Required;Not for Sale;£2.3K - £3.2K p/w;30/6/2026;183 cm;Right-Footed Only;Weak;Very Strong;4.4;10.7;53.7;57.7;2.5;0.2;1.7;0.0;3.0;0.7;0.5;1.4;2.0;1.2;11.1;0.1;3.0;0.0;0;0;0;0.0;1.9;5.0;0.0;0.0;0.0;1.01;0.0;21;3;1;0;6.9;0.9;0.0;0.0;0.0;0.1;0;1.3;0;3;0.0;0.2;0.0;0.0;0.2;0.4;0.5;0.5
67101622;Andrés Prieto;GK;GK;30;Spain;Ponferrada;Spanish Federation 1A;37;3330;6.87;Scouting Required;£75K - £750K;£1.2K - £1.8K p/w;30/6/2025;194 cm;Right-Footed;Reasonable;Very Strong;9.6;3.2;11.7;20.2;0.1;0.0;1.1;0.0;0.0;0.0;0.0;7.7;0.1;0.0;5.3;0.0;0.0;0.0;86;71;0;0.0;0.0;0.0;0.3;0.0;0.0;0;0.0;1;17;1;0;0.0;0.0;0.0;0.0;1.1;0.0;2;1.3;0;0;0.0;0.0;0.2;0.0;0.0;0.0;0.0;0.0
2000300222;Darío;M (C);DM, M (C);19;Pays Basque;A. Madrid B;Spanish Federation 1B;0 (1);16;6.90;Scouting Required;£16K - £160K;£170 - £260 p/w;30/6/2025;180 cm;Right-Footed;Strong;Very Strong;0.0;0.0;0.0;0.0;0.0;0.0;0.0;0.0;0.0;0.0;0.0;0.0;0.0;0.0;0.0;0.0;0.0;0.0;0;0;0;0.0;0.0;0.0;0.0;0.0;0.0;0;0.0;1;0;0;0;0.0;0.0;0.0;0.0;0.0;0.0;0;0.0;0;0;0.0;0.0;0.0;0.0;0.0;0.0;0.0;0.0
2000300235;Javi Alonso;ST (C);ST (C);19;Spain;A. Madrid B;Spanish Federation 1B;1;90;6.50;Scouting Required;£4.5K - £45K;£200 - £290 p/w;30/6/2025;176 cm;Right-Footed;Fairly Strong;Very Strong;5.0;6.0;19.0;23.0;2.0;1.0;1.0;0.0;5.0;1.0;0.0;1.0;3.0;2.0;11.5;0.0;12.0;0.0;0;0;0;0.0;12.0;0.0;0.0;0.1;0.1;-0.08;0.1;2;2;0;0;12.0;0.0;0.0;0.0;0.0;0.0;0;1.0;0;1;0.0;1.0;0.0;1.0;0.0;1.0;0.0;0.0
2000300641;Isma;GK;GK;18;Spain;Ferrol;Second Division;0;0;-;Scouting Required;Unknown;£45 - £65 p/w;30/6/2026;189 cm;Unknown Footedness;Very Weak;Very Weak;0.0;0.0;0.0;0.0;0.0;0.0;0.0;0.0;0.0;0.0;0.0;0.0;0.0;0.0;0.0;0.0;0.0;0.0;0;0;0;0.0;0.0;0.0;0.0;0.0;0.0;0;0.0;0;0;0;0;0.0;0.0;0.0;0.0;0.0;0.0;0;0.0;0;0;0.0;0.0;0.0;0.0;0.0;0.0;0.0;0.0
2000300644;Gabriel Balbas;ST (C);ST (C);19;Spain;Ferrol;Second Division;0 (1);8;-;Scouting Required;Unknown;£45 - £65 p/w;30/6/2025;179 cm;Unknown Footedness;Very Weak;Very Weak;0.0;0.0;0.0;0.0;0.0;0.0;0.0;0.0;0.0;0.0;0.0;0.0;0.0;0.0;0.0;0.0;0.0;0.0;0;0;0;0.0;0.0;0.0;0.0;0.0;0.0;0;0.0;0;0;0;0;0.0;0.0;0.0;0.0;0.0;0.0;0;0.0;0;0;0.0;0.0;0.0;0.0;0.0;0.0;0.0;0.0
67117362;Alfonso Herrero;GK;GK;30;Spain;Málaga;Spanish Federation 1B;36;3240;6.84;Important Player;£350K - £1.3M;£3.5K p/w;30/6/2027;183 cm;Right-Footed;Weak;Very Strong;4.3;5.4;14.2;17.6;0.6;0.0;1.2;0.0;0.0;0.0;0.0;2.4;0.1;0.0;6.5;0.0;0.0;0.0;80;68;0;0.0;0.0;0.0;0.3;0.0;0.0;0;0.0;0;0;0;0;0.0;0.0;0.0;0.0;1.2;0.0;2;2.1;1;0;0.0;0.0;-0.1;0.0;0.0;0.0;0.0;0.0
2000300648;David López;AM (C);M/AM (C);19;Spain;Ferrol;Second Division;0;0;-;Scouting Required;£0 - £80K;£45 - £65 p/w;30/6/2025;192 cm;Right-Footed;Fairly Strong;Very Strong;0.0;0.0;0.0;0.0;0.0;0.0;0.0;0.0;0.0;0.0;0.0;0.0;0.0;0.0;0.0;0.0;0.0;0.0;0;0;0;0.0;0.0;0.0;0.0;0.0;0.0;0;0.0;0;0;0;0;0.0;0.0;0.0;0.0;0.0;0.0;0;0.0;0;0;0.0;0.0;0.0;0.0;0.0;0.0;0.0;0.0
67127965;Raúl Lizoáin;GK;GK;33;Spain;Cartagena;Second Division;36;3197;6.74;B Team Regular;£500K - £1.1M;£1.7K - £2K p/w;30/6/2027;188 cm;Left-Footed;Very Strong;Weak;9.5;3.4;15.8;23.9;0.2;0.0;1.2;0.0;0.0;0.0;0.0;8.2;0.1;0.0;5.9;0.0;0.0;0.0;88;71;0;0.0;0.0;0.0;0.2;0.0;0.0;0;0.0;4;10;4;0;0.0;0.0;0.0;0.0;1.2;0.0;3;1.2;0;0;0.0;0.0;-0.0;0.0;0.0;0.0;0.0;0.0
67129903;Álvaro Vega;D (C);D (C), DM;33;Spain;Alcoyano;Spanish Federation 1B;5 (14);560;6.79;Scouting Required;£0;£550 - £800 p/w;30/6/2024;185 cm;Right-Footed Only;Weak;Very Strong;7.7;7.4;49.2;56.2;4.0;0.3;1.9;0.0;8.5;2.4;0.2;1.8;1.4;1.4;13.1;0.3;9.0;0.0;0;0;0;0.0;3.2;1.6;0.0;0.0;0.1;1.67;0.1;11;10;0;0;4.8;0.5;0.0;0.0;0.0;0.3;0;1.8;0;2;0.0;0.3;0.0;1.1;0.6;1.3;0.0;0.2
2000300655;Dani Fernández;D (C);D (C);19;Spain;Ferrol;Second Division;0;0;-;Scouting Required;£1.5K - £18K;£45 - £65 p/w;30/6/2025;186 cm;Right-Footed Only;Very Weak;Very Strong;0.0;0.0;0.0;0.0;0.0;0.0;0.0;0.0;0.0;0.0;0.0;0.0;0.0;0.0;0.0;0.0;0.0;0.0;0;0;0;0.0;0.0;0.0;0.0;0.0;0.0;0;0.0;0;0;0;0;0.0;0.0;0.0;0.0;0.0;0.0;0;0.0;0;0;0.0;0.0;0.0;0.0;0.0;0.0;0.0;0.0
2000300659;Nicolás Vilariño;ST (C);ST (C);17;Spain;Ferrol;Second Division;0 (1);14;-;Scouting Required;Unknown;£50 - £65 p/w;30/6/2027;186 cm;Unknown Footedness;Very Weak;Very Weak;0.0;0.0;0.0;0.0;0.0;0.0;0.0;0.0;0.0;0.0;0.0;0.0;0.0;0.0;0.0;0.0;0.0;0.0;0;0;0;0.0;0.0;0.0;0.0;0.0;0.0;0;0.0;0;0;0;0;0.0;0.0;0.0;0.0;0.0;0.0;0;0.0;0;0;0.0;0.0;0.0;0.0;0.0;0.0;0.0;0.0
2000300662;Lucas Beceiro;D (L);D (L);18;Spain;Ferrol;Second Division;0;0;-;Scouting Required;Unknown;£50 - £70 p/w;30/6/2026;183 cm;Unknown Footedness;Very Weak;Very Weak;0.0;0.0;0.0;0.0;0.0;0.0;0.0;0.0;0.0;0.0;0.0;0.0;0.0;0.0;0.0;0.0;0.0;0.0;0;0;0;0.0;0.0;0.0;0.0;0.0;0.0;0;0.0;0;0;0;0;0.0;0.0;0.0;0.0;0.0;0.0;0;0.0;0;0;0.0;0.0;0.0;0.0;0.0;0.0;0.0;0.0
2000300669;Felipe;D (C);D (C);18;Spain;Ferrol;Second Division;0 (1);15;-;Scouting Required;£28K - £110K;£50 - £70 p/w;30/6/2026;185 cm;Right-Footed;Fairly Strong;Very Strong;0.0;0.0;0.0;0.0;0.0;0.0;0.0;0.0;0.0;0.0;0.0;0.0;0.0;0.0;0.0;0.0;0.0;0.0;0;0;0;0.0;0.0;0.0;0.0;0.0;0.0;0;0.0;0;0;0;0;0.0;0.0;0.0;0.0;0.0;0.0;0;0.0;0;0;0.0;0.0;0.0;0.0;0.0;0.0;0.0;0.0
2000300672;Diego Miranda;D (C);D (C);17;Spain;Ferrol;Second Division;0;0;-;Scouting Required;Unknown;£50 - £70 p/w;30/6/2027;181 cm;Unknown Footedness;Very Weak;Very Weak;0.0;0.0;0.0;0.0;0.0;0.0;0.0;0.0;0.0;0.0;0.0;0.0;0.0;0.0;0.0;0.0;0.0;0.0;0;0;0;0.0;0.0;0.0;0.0;0.0;0.0;0;0.0;0;0;0;0;0.0;0.0;0.0;0.0;0.0;0.0;0;0.0;0;0;0.0;0.0;0.0;0.0;0.0;0.0;0.0;0.0
2000300676;David Carballo;M (C);M (C);18;Spain;Ferrol;Second Division;0;0;-;Scouting Required;£12K - £120K;£50 - £70 p/w;30/6/2026;180 cm;Right-Footed;Fairly Strong;Very Strong;0.0;0.0;0.0;0.0;0.0;0.0;0.0;0.0;0.0;0.0;0.0;0.0;0.0;0.0;0.0;0.0;0.0;0.0;0;0;0;0.0;0.0;0.0;0.0;0.0;0.0;0;0.0;0;0;0;0;0.0;0.0;0.0;0.0;0.0;0.0;0;0.0;0;0;0.0;0.0;0.0;0.0;0.0;0.0;0.0;0.0
2000300682;Bruno Gondar;M (C);M (C);18;Spain;Ferrol;Second Division;0;0;-;Scouting Required;£12K - £110K;£55 - £70 p/w;30/6/2026;176 cm;Right-Footed Only;Weak;Very Strong;0.0;0.0;0.0;0.0;0.0;0.0;0.0;0.0;0.0;0.0;0.0;0.0;0.0;0.0;0.0;0.0;0.0;0.0;0;0;0;0.0;0.0;0.0;0.0;0.0;0.0;0;0.0;0;0;0;0;0.0;0.0;0.0;0.0;0.0;0.0;0;0.0;0;0;0.0;0.0;0.0;0.0;0.0;0.0;0.0;0.0
2000300689;Pablo Rodríguez;D (C);D (C);18;Spain;Ferrol;Second Division;0;0;-;Scouting Required;Unknown;£55 - £75 p/w;30/6/2026;186 cm;Unknown Footedness;Very Weak;Very Weak;0.0;0.0;0.0;0.0;0.0;0.0;0.0;0.0;0.0;0.0;0.0;0.0;0.0;0.0;0.0;0.0;0.0;0.0;0;0;0;0.0;0.0;0.0;0.0;0.0;0.0;0;0.0;0;0;0;0;0.0;0.0;0.0;0.0;0.0;0.0;0;0.0;0;0;0.0;0.0;0.0;0.0;0.0;0.0;0.0;0.0
2000300699;Iván Pérez;ST (C);ST (C);18;Spain;Ferrol;Second Division;0;0;-;Scouting Required;Unknown;£35 - £55 p/w;30/6/2026;178 cm;Unknown Footedness;Very Weak;Very Weak;0.0;0.0;0.0;0.0;0.0;0.0;0.0;0.0;0.0;0.0;0.0;0.0;0.0;0.0;0.0;0.0;0.0;0.0;0;0;0;0.0;0.0;0.0;0.0;0.0;0.0;0;0.0;0;0;0;0;0.0;0.0;0.0;0.0;0.0;0.0;0;0.0;0;0;0.0;0.0;0.0;0.0;0.0;0.0;0.0;0.0
2000300700;Javi;ST (C);ST (C);17;Spain;Ferrol;Second Division;0 (1);6;-;Scouting Required;Unknown;£35 - £55 p/w;30/6/2027;181 cm;Unknown Footedness;Very Weak;Very Weak;0.0;0.0;0.0;0.0;0.0;0.0;0.0;0.0;0.0;0.0;0.0;0.0;0.0;0.0;0.0;0.0;0.0;0.0;0;0;0;0.0;0.0;0.0;0.0;0.0;0.0;0;0.0;0;0;0;0;0.0;0.0;0.0;0.0;0.0;0.0;0;0.0;0;0;0.0;0.0;0.0;0.0;0.0;0.0;0.0;0.0
2000300704;Iker Garel;D (C);D (C);18;Spain;Ferrol;Second Division;0;0;-;Scouting Required;Unknown;£35 - £55 p/w;30/6/2026;193 cm;Unknown Footedness;Very Weak;Very Weak;0.0;0.0;0.0;0.0;0.0;0.0;0.0;0.0;0.0;0.0;0.0;0.0;0.0;0.0;0.0;0.0;0.0;0.0;0;0;0;0.0;0.0;0.0;0.0;0.0;0.0;0;0.0;0;0;0;0;0.0;0.0;0.0;0.0;0.0;0.0;0;0.0;0;0;0.0;0.0;0.0;0.0;0.0;0.0;0.0;0.0
2000300706;Hugo Pita;AM (C);M/AM (C);17;Spain;Ferrol;Second Division;0;0;-;Scouting Required;£0 - £80K;£40 - £55 p/w;30/6/2027;170 cm;Right-Footed;Reasonable;Very Strong;0.0;0.0;0.0;0.0;0.0;0.0;0.0;0.0;0.0;0.0;0.0;0.0;0.0;0.0;0.0;0.0;0.0;0.0;0;0;0;0.0;0.0;0.0;0.0;0.0;0.0;0;0.0;0;0;0;0;0.0;0.0;0.0;0.0;0.0;0.0;0;0.0;0;0;0.0;0.0;0.0;0.0;0.0;0.0;0.0;0.0
2000300716;Carlos Morandeira;DM;DM, M/AM (C);17;Spain;Ferrol;Second Division;1 (1);60;6.75;Scouting Required;£12K - £120K;£40 - £60 p/w;30/6/2027;189 cm;Right-Footed;Weak;Very Strong;0.0;0.0;0.0;0.0;0.0;0.0;0.0;0.0;0.0;0.0;0.0;0.0;0.0;0.0;0.0;0.0;0.0;0.0;0;0;0;0.0;0.0;0.0;0.0;0.0;0.0;0;0.0;2;1;0;0;0.0;0.0;0.0;0.0;0.0;0.0;0;0.0;0;0;0.0;0.0;0.0;0.0;0.0;0.0;0.0;0.0
2000300721;Áxel Quesada;M (C);DM, M (C);17;Spain;Ferrol;Second Division;0 (1);9;-;Scouting Required;£35K - £130K;£40 - £60 p/w;30/6/2027;185 cm;Right-Footed;Weak;Very Strong;0.0;0.0;0.0;0.0;0.0;0.0;0.0;0.0;0.0;0.0;0.0;0.0;0.0;0.0;0.0;0.0;0.0;0.0;0;0;0;0.0;0.0;0.0;0.0;0.0;0.0;0;0.0;0;0;0;0;0.0;0.0;0.0;0.0;0.0;0.0;0;0.0;0;0;0.0;0.0;0.0;0.0;0.0;0.0;0.0;0.0
2000301561;Marcos Navarro;D (L);D/WB (L);20;Spain;Levante;Second Division;0 (1);54;6.50;Scouting Required;£400K - £1.5M;£1K - £1.5K p/w;30/6/2026;173 cm;Left-Footed Only;Very Strong;Weak;0.0;0.0;0.0;0.0;0.0;0.0;0.0;0.0;0.0;0.0;0.0;0.0;0.0;0.0;0.0;0.0;0.0;0.0;0;0;0;0.0;0.0;0.0;0.0;0.0;0.0;0;0.0;1;0;0;0;0.0;0.0;0.0;0.0;0.0;0.0;0;0.0;0;0;0.0;0.0;0.0;0.0;0.0;0.0;0.0;0.0
67149092;Miguel Bañuz;GK;GK;30;Spain;Leonesa;Spanish Federation 1A;38;3375;6.69;B Team Regular;£0 - £60K;£775 - £900 p/w;30/6/2024;185 cm;Right-Footed;Weak;Very Strong;7.5;3.4;13.0;21.4;0.0;0.0;1.1;0.0;0.0;0.0;0.0;8.3;0.1;0.0;5.7;0.0;0.0;0.0;87;70;0;0.0;0.0;0.0;0.3;0.0;0.0;0;0.0;0;15;0;0;0.0;0.0;0.0;0.0;1.1;0.0;2;1.3;1;0;0.0;0.0;-0.0;0.0;0.0;0.0;0.0;0.0
2000301955;Adrián Valenzuela;D (C);D (C);18;Spain;Granada B;Spanish Federation 1B;1;90;6.30;Scouting Required;£24K - £240K;£600 - £825 p/w;30/6/2026;178 cm;Right-Footed;Reasonable;Very Strong;8.0;7.0;37.0;45.0;6.0;0.0;2.0;0.0;1.0;0.0;0.0;0.0;1.0;2.0;10.4;0.0;1.0;0.0;0;0;0;0.0;1.0;1.0;0.0;0.0;0.0;0;0.0;0;0;0;0;2.0;0.0;0.0;0.0;0.0;0.0;0;0.0;0;0;0.0;0.0;0.0;0.0;0.0;0.0;0.0;0.0
2000302402;Oscar Naasei Oppong;D (C);D (C);18;Ghana;Granada B;Spanish Federation 1B;1;84;6.60;Scouting Required;£0 - £30K;£210 - £300 p/w;30/6/2024;185 cm;Right-Footed;Reasonable;Very Strong;4.3;6.4;33.2;36.4;4.3;0.0;3.2;0.0;3.2;1.1;0.0;0.0;2.1;0.0;0.0;0.0;7.5;0.0;0;0;0;0.0;3.2;1.1;0.0;0.0;0.8;0.24;0.8;0;0;0;0;4.3;0.0;0.0;0.0;0.0;1.1;0;1.1;1;0;0.0;0.0;0.0;0.0;1.1;1.1;0.0;0.0
2000302929;Rachid Bouchaiba;D (C);D (C);18;Spain;Espanyol;Second Division;0;0;-;Scouting Required;Unknown;£160 - £250 p/w;30/6/2025;183 cm;Unknown Footedness;Very Weak;Very Weak;0.0;0.0;0.0;0.0;0.0;0.0;0.0;0.0;0.0;0.0;0.0;0.0;0.0;0.0;0.0;0.0;0.0;0.0;0;0;0;0.0;0.0;0.0;0.0;0.0;0.0;0;0.0;0;0;0;0;0.0;0.0;0.0;0.0;0.0;0.0;0;0.0;0;0;0.0;0.0;0.0;0.0;0.0;0.0;0.0;0.0
2000303343;Sébastien Koula Tou;GK;GK;19;Burkina Faso;Sabadell;Spanish Federation 1A;0;0;-;Scouting Required;£7K - £65K;£180 - £270 p/w;30/6/2025;196 cm;Right-Footed;Reasonable;Very Strong;0.0;0.0;0.0;0.0;0.0;0.0;0.0;0.0;0.0;0.0;0.0;0.0;0.0;0.0;0.0;0.0;0.0;0.0;0;0;0;0.0;0.0;0.0;0.0;0.0;0.0;0;0.0;0;0;0;0;0.0;0.0;0.0;0.0;0.0;0.0;0;0.0;0;0;0.0;0.0;0.0;0.0;0.0;0.0;0.0;0.0
2000303555;José Ángel;D (R);D/WB (R);18;Spain;Espanyol;Second Division;34 (7);0;-;Scouting Required;Unknown;£675 - £1K p/w;30/6/2026;172 cm;Unknown Footedness;Very Weak;Very Weak;0.0;0.0;0.0;0.0;0.0;0.0;0.0;0.0;0.0;0.0;0.0;0.0;0.0;0.0;0.0;0.0;0.0;0.0;0;0;0;0.0;0.0;0.0;0.0;0.0;0.0;0;0.0;0;0;0;0;0.0;0.0;0.0;0.0;0.0;0.0;0;0.0;0;0;0.0;0.0;0.0;0.0;0.0;0.0;0.0;0.0
2000303557;Arnau Pedrola;ST (C);ST (C);18;Spain;Espanyol;Second Division;0;0;-;Scouting Required;Unknown;£180 - £270 p/w;30/6/2025;184 cm;Unknown Footedness;Very Weak;Very Weak;0.0;0.0;0.0;0.0;0.0;0.0;0.0;0.0;0.0;0.0;0.0;0.0;0.0;0.0;0.0;0.0;0.0;0.0;0;0;0;0.0;0.0;0.0;0.0;0.0;0.0;0;0.0;0;0;0;0;0.0;0.0;0.0;0.0;0.0;0.0;0;0.0;0;0;0.0;0.0;0.0;0.0;0.0;0.0;0.0;0.0
2000303606;Rodri De la Llana;AM (R);M/AM (RL), ST (C);18;Spain;S. Gijón;Second Division;0;0;-;Scouting Required;£100K - £1M;£200 - £290 p/w;30/6/2025;181 cm;Right-Footed;Reasonable;Very Strong;0.0;0.0;0.0;0.0;0.0;0.0;0.0;0.0;0.0;0.0;0.0;0.0;0.0;0.0;0.0;0.0;0.0;0.0;0;0;0;0.0;0.0;0.0;0.0;0.0;0.0;0;0.0;0;0;0;0;0.0;0.0;0.0;0.0;0.0;0.0;0;0.0;0;0;0.0;0.0;0.0;0.0;0.0;0.0;0.0;0.0
2000306120;Aarón Delgado;AM (L);AM (L), ST (C);19;Spain;Leganés;Second Division;0;0;-;Scouting Required;£85K - £850K;£380 - £550 p/w;30/6/2026;176 cm;Left-Footed;Very Strong;Weak;0.0;0.0;0.0;0.0;0.0;0.0;0.0;0.0;0.0;0.0;0.0;0.0;0.0;0.0;0.0;0.0;0.0;0.0;0;0;0;0.0;0.0;0.0;0.0;0.0;0.0;0;0.0;0;0;0;0;0.0;0.0;0.0;0.0;0.0;0.0;0;0.0;0;0;0.0;0.0;0.0;0.0;0.0;0.0;0.0;0.0
2000308269;Pau Fernández;D (L);D/WB (L);19;Spain;Sabadell;Spanish Federation 1A;3 (10);450;6.61;Scouting Required;£120K - £450K;£480 - £725 p/w;30/6/2025;178 cm;Left-Footed;Very Strong;Reasonable;15.6;9.6;43.4;51.8;7.2;1.2;1.6;0.0;9.6;1.8;0.6;1.2;2.4;0.8;13.1;1.8;14.0;3.0;0;0;0;0.2;2.2;2.0;0.0;0.0;0.0;-0.09;0.0;6;4;0;0;4.2;0.6;3.0;0.2;0.0;0.0;0;1.2;0;1;0.2;1.2;0.0;0.4;0.0;0.6;0.0;0.0
2000308883;Javi Alba;M (C);DM, M/AM (C);19;Spain;Cornellà;Spanish Federation 1A;0 (5);105;6.70;Scouting Required;£3K - £30K;£170 - £260 p/w;30/6/2026;177 cm;Right-Footed;Reasonable;Very Strong;11.1;6.9;44.6;47.1;6.9;0.9;0.0;0.0;9.4;3.4;0.0;0.9;0.0;0.9;11.5;0.0;7.7;0.9;0;0;0;0.0;2.6;0.0;0.0;0.0;0.3;-0.3;0.3;1;0;0;0;2.6;0.9;11.1;2.6;0.0;0.0;0;0.9;0;0;0.0;1.7;0.0;0.0;0.0;0.9;0.0;0.0
2000308957;Julià Aguilar;ST (C);AM (RLC), ST (C);19;Spain;Cornellà;Spanish Federation 1A;0 (4);55;6.60;Breakthrough Prospect;£35K - £130K;£230 - £270 p/w;30/6/2026;179 cm;Right-Footed;Reasonable;Very Strong;0.0;0.0;0.0;0.0;0.0;0.0;0.0;0.0;0.0;0.0;0.0;0.0;0.0;0.0;0.0;0.0;0.0;0.0;0;0;0;0.0;0.0;0.0;0.0;0.0;0.0;-0.42;0.0;0;0;0;0;0.0;0.0;0.0;0.0;0.0;0.0;0;0.0;0;0;0.0;0.0;0.0;0.0;0.0;0.0;0.0;0.0
2000309578;Llorenç Serred;GK;GK;18;Spain;Espanyol;Second Division;5 (14);0;-;Scouting Required;Unknown;£230 - £350 p/w;30/6/2025;188 cm;Unknown Footedness;Very Weak;Very Weak;0.0;0.0;0.0;0.0;0.0;0.0;0.0;0.0;0.0;0.0;0.0;0.0;0.0;0.0;0.0;0.0;0.0;0.0;0;0;0;0.0;0.0;0.0;0.0;0.0;0.0;0;0.0;0;0;0;0;0.0;0.0;0.0;0.0;0.0;0.0;0;0.0;0;0;0.0;0.0;0.0;0.0;0.0;0.0;0.0;0.0
2000309582;Hugo Pascual;D (C);D (C);18;Spain;Espanyol;Second Division;0;0;-;Scouting Required;Unknown;£170 - £260 p/w;30/6/2025;187 cm;Unknown Footedness;Very Weak;Very Weak;0.0;0.0;0.0;0.0;0.0;0.0;0.0;0.0;0.0;0.0;0.0;0.0;0.0;0.0;0.0;0.0;0.0;0.0;0;0;0;0.0;0.0;0.0;0.0;0.0;0.0;0;0.0;0;0;0;0;0.0;0.0;0.0;0.0;0.0;0.0;0;0.0;0;0;0.0;0.0;0.0;0.0;0.0;0.0;0.0;0.0
67157135;Germán Parreño;GK;GK;31;Spain;Coruña;Spanish Federation 1A;37;3121;6.96;Scouting Required;£30K - £325K;£1.8K - £2.6K p/w;30/6/2025;189 cm;Right-Footed Only;Very Weak;Very Strong;9.9;2.8;14.0;22.6;0.1;0.0;0.7;0.0;0.0;0.0;0.0;6.9;0.1;0.0;5.4;0.0;0.1;0.0;89;81;0;0.0;0.0;0.0;0.5;0.0;0.0;0;0.0;1;17;1;0;0.0;0.0;0.0;0.0;0.7;0.0;2;1.6;1;0;0.0;0.0;0.2;0.0;0.0;0.0;0.0;0.0
2000312830;Pol Fornell;D (C);D (LC);19;Spain;Sabadell;Spanish Federation 1A;0 (1);26;6.50;Scouting Required;£28K - £275K;£250 - £370 p/w;30/6/2025;189 cm;Left-Footed;Very Strong;Reasonable;0.0;0.0;0.0;0.0;0.0;0.0;0.0;0.0;0.0;0.0;0.0;0.0;0.0;0.0;0.0;0.0;0.0;0.0;0;0;0;0.0;0.0;0.0;0.0;0.0;0.0;0;0.0;0;0;0;0;0.0;0.0;0.0;0.0;0.0;0.0;0;0.0;0;0;0.0;0.0;0.0;0.0;0.0;0.0;0.0;0.0
2000318997;Tano;WB (L);D/WB (L);20;Spain;Antequera;Spanish Federation 1B;1 (4);109;7.20;Scouting Required;£12K - £50K;£240 - £330 p/w;30/6/2025;182 cm;Left-Footed;Very Strong;Reasonable;3.3;16.5;38.0;41.3;5.0;0.0;0.0;0.0;9.9;3.3;0.8;0.8;0.0;2.5;13.3;0.0;11.6;0.8;0;0;0;0.0;1.7;4.1;0.0;0.0;0.1;0.93;0.1;1;0;0;0;5.8;1.7;0.8;0.0;0.0;0.8;0;2.5;0;0;0.0;0.0;0.0;0.0;0.8;0.8;0.8;0.8
2000325641;Peque;D (C);D (RC);17;Spain;S. Gijón;Second Division;0;0;-;Scouting Required;Unknown;£70 - £110 p/w;30/6/2025;185 cm;Unknown Footedness;Very Weak;Very Weak;0.0;0.0;0.0;0.0;0.0;0.0;0.0;0.0;0.0;0.0;0.0;0.0;0.0;0.0;0.0;0.0;0.0;0.0;0;0;0;0.0;0.0;0.0;0.0;0.0;0.0;0;0.0;0;0;0;0;0.0;0.0;0.0;0.0;0.0;0.0;0;0.0;0;0;0.0;0.0;0.0;0.0;0.0;0.0;0.0;0.0
2000327569;Aidan Pérez;M (L);D/WB/M (L);18;Spain;Albacete;Second Division;0;0;-;Scouting Required;Unknown;£190 - £280 p/w;30/6/2025;183 cm;Unknown Footedness;Very Weak;Very Weak;0.0;0.0;0.0;0.0;0.0;0.0;0.0;0.0;0.0;0.0;0.0;0.0;0.0;0.0;0.0;0.0;0.0;0.0;0;0;0;0.0;0.0;0.0;0.0;0.0;0.0;0;0.0;0;0;0;0;0.0;0.0;0.0;0.0;0.0;0.0;0;0.0;0;0;0.0;0.0;0.0;0.0;0.0;0.0;0.0;0.0
2000328056;Yago Rubayo;M (C);M (C);17;Pays Basque;Albacete;Second Division;0;0;-;Scouting Required;Unknown;£85 - £120 p/w;30/6/2026;171 cm;Unknown Footedness;Very Weak;Very Weak;0.0;0.0;0.0;0.0;0.0;0.0;0.0;0.0;0.0;0.0;0.0;0.0;0.0;0.0;0.0;0.0;0.0;0.0;0;0;0;0.0;0.0;0.0;0.0;0.0;0.0;0;0.0;0;0;0;0;0.0;0.0;0.0;0.0;0.0;0.0;0;0.0;0;0;0.0;0.0;0.0;0.0;0.0;0.0;0.0;0.0
67157518;Ander Cantero;GK;GK;29;Spain;Ferrol;Second Division;41;3621;6.61;Important Player;£16K - £160K;£3.5K - £4K p/w;30/6/2024;189 cm;Left-Footed;Very Strong;Weak;8.9;4.2;14.7;22.2;0.5;0.0;1.4;0.0;0.0;0.0;0.0;8.0;0.1;0.0;5.6;0.0;0.0;0.0;87;74;0;0.0;0.0;0.0;0.2;0.0;0.0;0;0.0;0;13;0;0;0.0;0.0;0.0;0.0;1.4;0.0;3;1.0;1;0;0.0;0.0;-0.0;0.0;0.0;0.0;0.0;0.0
2000328410;Lucas Jiménez;GK;GK;17;Spain;Málaga;Spanish Federation 1B;0;0;-;Future Prospect;£26K - £275K;£100 p/w;30/6/2025;184 cm;Right-Footed;Reasonable;Very Strong;0.0;0.0;0.0;0.0;0.0;0.0;0.0;0.0;0.0;0.0;0.0;0.0;0.0;0.0;0.0;0.0;0.0;0.0;0;0;0;0.0;0.0;0.0;0.0;0.0;0.0;0;0.0;0;0;0;0;0.0;0.0;0.0;0.0;0.0;0.0;0;0.0;0;0;0.0;0.0;0.0;0.0;0.0;0.0;0.0;0.0
2000328411;Alfonso Rodríguez;D (C);D (C);18;Spain;Málaga;Spanish Federation 1B;0;0;-;Youngster;£500 - £6K;£250 p/w;30/6/2024;189 cm;Right-Footed;Weak;Very Strong;0.0;0.0;0.0;0.0;0.0;0.0;0.0;0.0;0.0;0.0;0.0;0.0;0.0;0.0;0.0;0.0;0.0;0.0;0;0;0;0.0;0.0;0.0;0.0;0.0;0.0;0;0.0;0;0;0;0;0.0;0.0;0.0;0.0;0.0;0.0;0;0.0;0;0;0.0;0.0;0.0;0.0;0.0;0.0;0.0;0.0
2000329855;Jean Luc;GK;GK;18;Puerto Rico;Granada B;Spanish Federation 1B;0;0;-;Scouting Required;£40K - £375K;£550 - £800 p/w;30/6/2026;187 cm;Right-Footed;Fairly Strong;Very Strong;0.0;0.0;0.0;0.0;0.0;0.0;0.0;0.0;0.0;0.0;0.0;0.0;0.0;0.0;0.0;0.0;0.0;0.0;0;0;0;0.0;0.0;0.0;0.0;0.0;0.0;0;0.0;0;0;0;0;0.0;0.0;0.0;0.0;0.0;0.0;0;0.0;0;0;0.0;0.0;0.0;0.0;0.0;0.0;0.0;0.0
2000330454;Hugo García;M (C);M (C);21;Spain;Burgos;Second Division;0 (1);4;-;Surplus to Requirements;£85K;£240 - £270 p/w;30/6/2024;172 cm;Right-Footed;Fairly Strong;Very Strong;0.0;0.0;0.0;0.0;0.0;0.0;0.0;0.0;0.0;0.0;0.0;0.0;0.0;0.0;0.0;0.0;0.0;0.0;0;0;0;0.0;0.0;0.0;0.0;0.0;0.0;0;0.0;0;0;0;0;0.0;0.0;0.0;0.0;0.0;0.0;0;0.0;0;0;0.0;0.0;0.0;0.0;0.0;0.0;0.0;0.0
67157617;Moisés Delgado;D (L);D/WB (L);30;Spain;Ferrol;Second Division;5 (5);382;6.56;Scouting Required;£65K - £240K;£1.4K - £1.9K p/w;30/6/2025;173 cm;Left-Footed;Very Strong;Weak;17.2;11.5;41.0;47.4;6.6;1.2;3.3;0.0;7.8;3.3;1.4;1.6;2.6;3.8;12.6;0.5;13.7;2.1;0;0;0;0.0;1.6;2.8;0.0;0.0;0.0;-0.15;0.0;3;0;1;0;4.5;0.7;2.1;0.0;0.0;0.0;0;0.5;1;0;0.0;1.4;0.0;0.2;0.0;0.5;0.2;0.2
2000330854;Adrián García;AM (C);AM (C), ST (C);18;Spain;Mirandés;Second Division;0;0;-;Scouting Required;£0 - £95K;£230 - £320 p/w;30/6/2025;174 cm;Right-Footed;Fairly Strong;Very Strong;0.0;0.0;0.0;0.0;0.0;0.0;0.0;0.0;0.0;0.0;0.0;0.0;0.0;0.0;0.0;0.0;0.0;0.0;0;0;0;0.0;0.0;0.0;0.0;0.0;0.0;0;0.0;0;0;0;0;0.0;0.0;0.0;0.0;0.0;0.0;0;0.0;0;0;0.0;0.0;0.0;0.0;0.0;0.0;0.0;0.0
67159151;Gianfranco Gazzaniga;GK;GK;30;Ecuador;Ferrol;Second Division;3 (1);369;6.73;Backup;£5K - £55K;£1.2K - £1.4K p/w;30/6/2027;184 cm;Right-Footed;Weak;Very Strong;11.2;3.4;12.7;21.2;0.0;0.0;1.5;0.0;0.0;0.0;0.0;7.3;0.2;0.0;6.1;0.0;0.0;0.0;84;66;0;0.0;0.0;0.0;0.5;0.0;0.0;0;0.0;0;1;0;0;0.0;0.0;0.0;0.0;1.5;0.0;2;1.7;0;0;0.0;0.0;-0.2;0.0;0.0;0.0;0.0;0.0
2000330859;Álex Jiménez;D (C);D (C);18;Spain;Mirandés;Second Division;0 (1);17;6.40;Scouting Required;£2.5K - £26K;£240 - £330 p/w;30/6/2025;187 cm;Right-Footed;Reasonable;Very Strong;0.0;0.0;0.0;0.0;0.0;0.0;0.0;0.0;0.0;0.0;0.0;0.0;0.0;0.0;0.0;0.0;0.0;0.0;0;0;0;0.0;0.0;0.0;0.0;0.0;0.0;0;0.0;0;0;0;0;0.0;0.0;0.0;0.0;0.0;0.0;0;0.0;0;0;0.0;0.0;0.0;0.0;0.0;0.0;0.0;0.0
2002071683;Daniel Jiménez;DM;DM, M (C);16;Spain;R. Santander;Second Division;34 (7);0;-;Scouting Required;Unknown;£50 - £70 p/w;30/6/2028;180 cm;Unknown Footedness;Very Weak;Very Weak;0.0;0.0;0.0;0.0;0.0;0.0;0.0;0.0;0.0;0.0;0.0;0.0;0.0;0.0;0.0;0.0;0.0;0.0;0;0;0;0.0;0.0;0.0;0.0;0.0;0.0;0;0.0;0;0;0;0;0.0;0.0;0.0;0.0;0.0;0.0;0;0.0;0;0;0.0;0.0;0.0;0.0;0.0;0.0;0.0;0.0
2002071685;Omar Rodríguez;AM (R);M/AM (R);15;Spain;R. Santander;Second Division;0;0;-;Scouting Required;Unknown;£55 - £70 p/w;30/6/2028;166 cm;Unknown Footedness;Very Weak;Very Weak;0.0;0.0;0.0;0.0;0.0;0.0;0.0;0.0;0.0;0.0;0.0;0.0;0.0;0.0;0.0;0.0;0.0;0.0;0;0;0;0.0;0.0;0.0;0.0;0.0;0.0;0;0.0;0;0;0;0;0.0;0.0;0.0;0.0;0.0;0.0;0;0.0;0;0;0.0;0.0;0.0;0.0;0.0;0.0;0.0;0.0
2002071687;Alberto Sukunza;D (C);D/M (C);16;Spain;R. Santander;Second Division;0;0;-;Scouting Required;Unknown;£55 - £75 p/w;30/6/2028;189 cm;Unknown Footedness;Very Weak;Very Weak;0.0;0.0;0.0;0.0;0.0;0.0;0.0;0.0;0.0;0.0;0.0;0.0;0.0;0.0;0.0;0.0;0.0;0.0;0;0;0;0.0;0.0;0.0;0.0;0.0;0.0;0;0.0;0;0;0;0;0.0;0.0;0.0;0.0;0.0;0.0;0;0.0;0;0;0.0;0.0;0.0;0.0;0.0;0.0;0.0;0.0
2002071691;Isaac Lobato;DM;DM;15;Spain;R. Santander;Second Division;0;0;-;Scouting Required;Unknown;£40 - £55 p/w;30/6/2028;181 cm;Unknown Footedness;Very Weak;Very Weak;0.0;0.0;0.0;0.0;0.0;0.0;0.0;0.0;0.0;0.0;0.0;0.0;0.0;0.0;0.0;0.0;0.0;0.0;0;0;0;0.0;0.0;0.0;0.0;0.0;0.0;0;0.0;0;0;0;0;0.0;0.0;0.0;0.0;0.0;0.0;0;0.0;0;0;0.0;0.0;0.0;0.0;0.0;0.0;0.0;0.0
2002071694;Adrián Fuentes;AM (L);AM (L), ST (C);15;Belgium;R. Santander;Second Division;0;0;-;Scouting Required;Unknown;£40 - £60 p/w;30/6/2028;180 cm;Unknown Footedness;Very Weak;Very Weak;0.0;0.0;0.0;0.0;0.0;0.0;0.0;0.0;0.0;0.0;0.0;0.0;0.0;0.0;0.0;0.0;0.0;0.0;0;0;0;0.0;0.0;0.0;0.0;0.0;0.0;0;0.0;0;0;0;0;0.0;0.0;0.0;0.0;0.0;0.0;0;0.0;0;0;0.0;0.0;0.0;0.0;0.0;0.0;0.0;0.0
2002071695;Antonio;ST (C);M/AM (L), ST (C);15;Spain;R. Santander;Second Division;0;0;-;Scouting Required;Unknown;£40 - £60 p/w;30/6/2028;180 cm;Unknown Footedness;Very Weak;Very Weak;0.0;0.0;0.0;0.0;0.0;0.0;0.0;0.0;0.0;0.0;0.0;0.0;0.0;0.0;0.0;0.0;0.0;0.0;0;0;0;0.0;0.0;0.0;0.0;0.0;0.0;0;0.0;0;0;0;0;0.0;0.0;0.0;0.0;0.0;0.0;0;0.0;0;0;0.0;0.0;0.0;0.0;0.0;0.0;0.0;0.0
2002071696;Rubén;GK;GK;15;Spain;R. Santander;Second Division;0;0;-;Scouting Required;Unknown;£45 - £60 p/w;30/6/2028;181 cm;Unknown Footedness;Very Weak;Very Weak;0.0;0.0;0.0;0.0;0.0;0.0;0.0;0.0;0.0;0.0;0.0;0.0;0.0;0.0;0.0;0.0;0.0;0.0;0;0;0;0.0;0.0;0.0;0.0;0.0;0.0;0;0.0;0;0;0;0;0.0;0.0;0.0;0.0;0.0;0.0;0;0.0;0;0;0.0;0.0;0.0;0.0;0.0;0.0;0.0;0.0
67175314;Javi Montoya;GK;GK;33;Spain;Melilla;Spanish Federation 1B;35;3147;6.81;First-Choice Goalkeeper;£0 - £30K;£675 - £800 p/w;30/6/2024;186 cm;Right-Footed;Reasonable;Very Strong;12.0;4.1;10.2;18.3;0.7;0.0;1.1;0.0;0.0;0.0;0.0;10.2;0.3;0.0;5.2;0.0;0.1;0.0;84;81;0;0.0;0.0;0.0;0.3;0.0;0.0;0;0.0;0;0;0;0;0.0;0.0;0.0;0.0;1.1;0.0;4;1.1;2;0;0.0;0.0;0.4;0.0;0.0;0.0;0.0;0.0
2002071905;Francisco Seguí;DM;DM;15;Spain;Levante;Second Division;0;0;-;Scouting Required;Unknown;£40 - £60 p/w;30/6/2028;181 cm;Unknown Footedness;Very Weak;Very Weak;0.0;0.0;0.0;0.0;0.0;0.0;0.0;0.0;0.0;0.0;0.0;0.0;0.0;0.0;0.0;0.0;0.0;0.0;0;0;0;0.0;0.0;0.0;0.0;0.0;0.0;0;0.0;0;0;0;0;0.0;0.0;0.0;0.0;0.0;0.0;0;0.0;0;0;0.0;0.0;0.0;0.0;0.0;0.0;0.0;0.0
67175521;Bernabé;GK;GK;31;Spain;Albacete;Second Division;44;3960;6.88;B Team Regular;£230K - £650K;£2.6K - £3.1K p/w;30/6/2024;189 cm;Right-Footed Only;Weak;Very Strong;8.9;3.8;14.8;23.6;0.2;0.0;1.0;0.0;0.0;0.0;0.0;7.4;0.1;0.0;5.3;0.0;0.1;0.0;88;75;0;0.0;0.0;0.0;0.3;0.0;0.0;0;0.0;1;9;1;0;0.0;0.0;0.0;0.0;1.0;0.0;2;1.3;0;0;0.0;0.0;0.1;0.0;0.0;0.0;0.0;0.0
2002071906;Abdoulaye Keita;M (C);M (C), AM (LC);15;France;Levante;Second Division;0;0;-;Scouting Required;Unknown;£45 - £60 p/w;30/6/2028;166 cm;Unknown Footedness;Very Weak;Very Weak;0.0;0.0;0.0;0.0;0.0;0.0;0.0;0.0;0.0;0.0;0.0;0.0;0.0;0.0;0.0;0.0;0.0;0.0;0;0;0;0.0;0.0;0.0;0.0;0.0;0.0;0;0.0;0;0;0;0;0.0;0.0;0.0;0.0;0.0;0.0;0;0.0;0;0;0.0;0.0;0.0;0.0;0.0;0.0;0.0;0.0
67175524;José Antonio Caro;D (R);D (RC);31;Spain;Melilla;Spanish Federation 1B;37;3330;6.94;Scouting Required;£0 - £5K;£1K - £1.4K p/w;30/6/2024;183 cm;Right-Footed Only;Weak;Very Strong;5.5;12.2;63.2;68.1;5.0;0.1;1.2;0.0;3.6;1.1;0.6;2.1;1.5;0.9;11.1;0.1;3.4;0.0;0;0;0;0.0;2.0;5.5;0.0;0.0;0.1;-0.24;0.1;15;0;5;0;7.4;0.8;0.0;0.0;0.0;0.1;0;1.2;0;1;0.0;0.1;0.0;0.0;0.2;0.5;0.3;0.5
2002071907;José Manuel;AM (L);D/AM (L);16;Spain;Levante;Second Division;0;0;-;Scouting Required;Unknown;£45 - £65 p/w;30/6/2028;175 cm;Unknown Footedness;Very Weak;Very Weak;0.0;0.0;0.0;0.0;0.0;0.0;0.0;0.0;0.0;0.0;0.0;0.0;0.0;0.0;0.0;0.0;0.0;0.0;0;0;0;0.0;0.0;0.0;0.0;0.0;0.0;0;0.0;0;0;0;0;0.0;0.0;0.0;0.0;0.0;0.0;0;0.0;0;0;0.0;0.0;0.0;0.0;0.0;0.0;0.0;0.0
2002071908;Israel Fondarella;D (C);D (C);15;Spain;Levante;Second Division;0;0;-;Scouting Required;Unknown;£45 - £65 p/w;30/6/2028;178 cm;Unknown Footedness;Very Weak;Very Weak;0.0;0.0;0.0;0.0;0.0;0.0;0.0;0.0;0.0;0.0;0.0;0.0;0.0;0.0;0.0;0.0;0.0;0.0;0;0;0;0.0;0.0;0.0;0.0;0.0;0.0;0;0.0;0;0;0;0;0.0;0.0;0.0;0.0;0.0;0.0;0;0.0;0;0;0.0;0.0;0.0;0.0;0.0;0.0;0.0;0.0
67176110;Raúl González;D (C);D (C), DM;31;Spain;A. Baleares;Spanish Federation 1B;6 (15);654;6.52;Scouting Required;£0;£1K - £1.5K p/w;30/6/2024;190 cm;Right-Footed;Reasonable;Very Strong;4.3;6.6;48.9;52.6;4.0;0.0;2.2;0.0;3.0;1.0;0.6;2.2;0.8;0.4;12.1;0.0;4.1;0.1;0;0;0;0.0;1.1;2.1;0.0;0.0;0.0;-0.12;0.0;2;0;0;0;3.2;0.1;0.1;0.0;0.0;0.0;0;1.2;0;0;0.0;0.0;0.0;0.0;0.0;0.3;0.1;0.1
67178170;Nico Ratti;GK;GK;30;Argentina;F.C. Andorra;Second Division;5;450;6.60;B Team Regular;£0 - £26K;£2.3K - £2.7K p/w;30/6/2024;179 cm;Right-Footed;Fairly Strong;Very Strong;4.2;5.2;24.0;28.8;0.0;0.0;1.6;0.0;0.0;0.0;0.0;4.6;0.0;0.0;6.0;0.0;0.0;0.0;89;69;0;0.0;0.0;0.0;0.0;0.0;0.0;0;0.0;0;0;0;0;0.0;0.0;0.0;0.0;1.6;0.0;3;1.0;0;0;0.0;0.0;-0.6;0.0;0.0;0.0;0.0;0.0
2002071909;Andrés Muñoz;D (R);D/WB (R);16;Spain;Levante;Second Division;0;0;-;Scouting Required;Unknown;£45 - £65 p/w;30/6/2028;169 cm;Unknown Footedness;Very Weak;Very Weak;0.0;0.0;0.0;0.0;0.0;0.0;0.0;0.0;0.0;0.0;0.0;0.0;0.0;0.0;0.0;0.0;0.0;0.0;0;0;0;0.0;0.0;0.0;0.0;0.0;0.0;0;0.0;0;0;0;0;0.0;0.0;0.0;0.0;0.0;0.0;0;0.0;0;0;0.0;0.0;0.0;0.0;0.0;0.0;0.0;0.0
2002071911;Christian;AM (C);M (C), AM (RC);15;Spain;Levante;Second Division;0;0;-;Scouting Required;Unknown;£50 - £65 p/w;30/6/2028;186 cm;Unknown Footedness;Very Weak;Very Weak;0.0;0.0;0.0;0.0;0.0;0.0;0.0;0.0;0.0;0.0;0.0;0.0;0.0;0.0;0.0;0.0;0.0;0.0;0;0;0;0.0;0.0;0.0;0.0;0.0;0.0;0;0.0;0;0;0;0;0.0;0.0;0.0;0.0;0.0;0.0;0;0.0;0;0;0.0;0.0;0.0;0.0;0.0;0.0;0.0;0.0
67179152;Álex Craninx;GK;GK;28;Spain;Fuenlabrada;Spanish Federation 1A;0;0;-;Scouting Required;£0 - £4.5K;£1.1K - £1.6K p/w;30/6/2024;197 cm;Right-Footed Only;Weak;Very Strong;0.0;0.0;0.0;0.0;0.0;0.0;0.0;0.0;0.0;0.0;0.0;0.0;0.0;0.0;0.0;0.0;0.0;0.0;0;0;0;0.0;0.0;0.0;0.0;0.0;0.0;0;0.0;0;0;0;0;0.0;0.0;0.0;0.0;0.0;0.0;0;0.0;0;0;0.0;0.0;0.0;0.0;0.0;0.0;0.0;0.0
2002071913;Sergio Ramos;D (C);D (C);15;Spain;Levante;Second Division;0;0;-;Scouting Required;Unknown;£50 - £70 p/w;30/6/2028;181 cm;Unknown Footedness;Very Weak;Very Weak;0.0;0.0;0.0;0.0;0.0;0.0;0.0;0.0;0.0;0.0;0.0;0.0;0.0;0.0;0.0;0.0;0.0;0.0;0;0;0;0.0;0.0;0.0;0.0;0.0;0.0;0;0.0;0;0;0;0;0.0;0.0;0.0;0.0;0.0;0.0;0;0.0;0;0;0.0;0.0;0.0;0.0;0.0;0.0;0.0;0.0
2002071914;Alejandro;D (C);D (RLC);15;Spain;Levante;Second Division;0;0;-;Scouting Required;Unknown;£50 - £70 p/w;30/6/2028;192 cm;Unknown Footedness;Very Weak;Very Weak;0.0;0.0;0.0;0.0;0.0;0.0;0.0;0.0;0.0;0.0;0.0;0.0;0.0;0.0;0.0;0.0;0.0;0.0;0;0;0;0.0;0.0;0.0;0.0;0.0;0.0;0;0.0;0;0;0;0;0.0;0.0;0.0;0.0;0.0;0.0;0;0.0;0;0;0.0;0.0;0.0;0.0;0.0;0.0;0.0;0.0
2002071916;Carlos Boix;AM (C);AM (C), ST (C);15;Spain;Levante;Second Division;0;0;-;Scouting Required;Unknown;£55 - £70 p/w;30/6/2028;181 cm;Unknown Footedness;Very Weak;Very Weak;0.0;0.0;0.0;0.0;0.0;0.0;0.0;0.0;0.0;0.0;0.0;0.0;0.0;0.0;0.0;0.0;0.0;0.0;0;0;0;0.0;0.0;0.0;0.0;0.0;0.0;0;0.0;0;0;0;0;0.0;0.0;0.0;0.0;0.0;0.0;0;0.0;0;0;0.0;0.0;0.0;0.0;0.0;0.0;0.0;0.0
2002071921;Emili Munells;GK;GK;16;Spain;Levante;Second Division;0;0;-;Scouting Required;Unknown;£35 - £55 p/w;30/6/2028;180 cm;Unknown Footedness;Very Weak;Very Weak;0.0;0.0;0.0;0.0;0.0;0.0;0.0;0.0;0.0;0.0;0.0;0.0;0.0;0.0;0.0;0.0;0.0;0.0;0;0;0;0.0;0.0;0.0;0.0;0.0;0.0;0;0.0;0;0;0;0;0.0;0.0;0.0;0.0;0.0;0.0;0;0.0;0;0;0.0;0.0;0.0;0.0;0.0;0.0;0.0;0.0
2002071922;Raúl Luis;AM (L);WB (L), AM (RL);15;Spain;S. Gijón;Second Division;0;0;-;Scouting Required;Unknown;£40 - £55 p/w;30/6/2028;175 cm;Unknown Footedness;Very Weak;Very Weak;0.0;0.0;0.0;0.0;0.0;0.0;0.0;0.0;0.0;0.0;0.0;0.0;0.0;0.0;0.0;0.0;0.0;0.0;0;0;0;0.0;0.0;0.0;0.0;0.0;0.0;0;0.0;0;0;0;0;0.0;0.0;0.0;0.0;0.0;0.0;0;0.0;0;0;0.0;0.0;0.0;0.0;0.0;0.0;0.0;0.0
67179555;Alberto Varo;GK;GK;31;Pays Basque;Tarragona;Spanish Federation 1A;36;3187;6.76;Scouting Required;£8K - £80K;£950 - £1.3K p/w;30/6/2025;191 cm;Left-Footed;Very Strong;Reasonable;9.5;4.1;12.8;20.8;0.1;0.0;1.1;0.0;0.0;0.0;0.0;9.2;0.0;0.0;5.0;0.0;0.1;0.0;86;73;0;0.0;0.0;0.0;0.3;0.0;0.0;0;0.0;0;14;0;0;0.0;0.0;0.0;0.0;1.1;0.0;2;1.3;3;0;0.0;0.0;0.2;0.0;0.0;0.0;0.0;0.0
2002071923;Robert Abutu;AM (L);AM (L), ST (C);16;Spain;S. Gijón;Second Division;0;0;-;Scouting Required;Unknown;£40 - £60 p/w;30/6/2028;176 cm;Unknown Footedness;Very Weak;Very Weak;0.0;0.0;0.0;0.0;0.0;0.0;0.0;0.0;0.0;0.0;0.0;0.0;0.0;0.0;0.0;0.0;0.0;0.0;0;0;0;0.0;0.0;0.0;0.0;0.0;0.0;0;0.0;0;0;0;0;0.0;0.0;0.0;0.0;0.0;0.0;0;0.0;0;0;0.0;0.0;0.0;0.0;0.0;0.0;0.0;0.0
2002071926;Alejandro Esteva;AM (C);AM (RLC);15;Spain;S. Gijón;Second Division;0;0;-;Scouting Required;Unknown;£40 - £60 p/w;30/6/2028;167 cm;Unknown Footedness;Very Weak;Very Weak;0.0;0.0;0.0;0.0;0.0;0.0;0.0;0.0;0.0;0.0;0.0;0.0;0.0;0.0;0.0;0.0;0.0;0.0;0;0;0;0.0;0.0;0.0;0.0;0.0;0.0;0;0.0;0;0;0;0;0.0;0.0;0.0;0.0;0.0;0.0;0;0.0;0;0;0.0;0.0;0.0;0.0;0.0;0.0;0.0;0.0
2002071927;José Manuel;D (C);D (RC), DM;16;Spain;S. Gijón;Second Division;0;0;-;Scouting Required;Unknown;£45 - £60 p/w;30/6/2028;178 cm;Unknown Footedness;Very Weak;Very Weak;0.0;0.0;0.0;0.0;0.0;0.0;0.0;0.0;0.0;0.0;0.0;0.0;0.0;0.0;0.0;0.0;0.0;0.0;0;0;0;0.0;0.0;0.0;0.0;0.0;0.0;0;0.0;0;0;0;0;0.0;0.0;0.0;0.0;0.0;0.0;0;0.0;0;0;0.0;0.0;0.0;0.0;0.0;0.0;0.0;0.0
2002071929;Manel;AM (C);M/AM (C);15;Spain;S. Gijón;Second Division;0;0;-;Scouting Required;Unknown;£45 - £65 p/w;30/6/2028;177 cm;Unknown Footedness;Very Weak;Very Weak;0.0;0.0;0.0;0.0;0.0;0.0;0.0;0.0;0.0;0.0;0.0;0.0;0.0;0.0;0.0;0.0;0.0;0.0;0;0;0;0.0;0.0;0.0;0.0;0.0;0.0;0;0.0;0;0;0;0;0.0;0.0;0.0;0.0;0.0;0.0;0;0.0;0;0;0.0;0.0;0.0;0.0;0.0;0.0;0.0;0.0
2002071931;Ismael Carrasco;GK;GK;15;Spain;S. Gijón;Second Division;0;0;-;Scouting Required;Unknown;£45 - £65 p/w;30/6/2028;190 cm;Unknown Footedness;Very Weak;Very Weak;0.0;0.0;0.0;0.0;0.0;0.0;0.0;0.0;0.0;0.0;0.0;0.0;0.0;0.0;0.0;0.0;0.0;0.0;0;0;0;0.0;0.0;0.0;0.0;0.0;0.0;0;0.0;0;0;0;0;0.0;0.0;0.0;0.0;0.0;0.0;0;0.0;0;0;0.0;0.0;0.0;0.0;0.0;0.0;0.0;0.0
2002072670;Pablo;DM;DM;16;Spain;Málaga;Spanish Federation 1B;0;0;-;Youngster;£10K - £100K;£55 p/w;30/6/2028;188 cm;Right-Footed;Reasonable;Very Strong;0.0;0.0;0.0;0.0;0.0;0.0;0.0;0.0;0.0;0.0;0.0;0.0;0.0;0.0;0.0;0.0;0.0;0.0;0;0;0;0.0;0.0;0.0;0.0;0.0;0.0;0;0.0;0;0;0;0;0.0;0.0;0.0;0.0;0.0;0.0;0;0.0;0;0;0.0;0.0;0.0;0.0;0.0;0.0;0.0;0.0
2000215198;Antonio Sánchez;D (C);D (C), DM;24;Spain;Sanluqueño;Spanish Federation 1B;0 (5);147;6.70;Scouting Required;£0 - £110K;£410 - £625 p/w;30/6/2025;190 cm;Right-Footed;Reasonable;Very Strong;6.1;8.6;86.3;89.4;8.0;0.0;1.8;0.0;3.7;1.2;0.6;2.4;3.7;0.0;11.4;0.0;2.4;0.0;0;0;0;0.0;1.8;2.4;0.0;0.0;0.1;-0.15;0.1;3;0;1;0;4.3;0.6;0.0;0.0;0.0;0.0;0;0.6;0;0;0.0;0.0;0.0;0.0;0.0;0.6;0.0;0.6
67184455;Rubén Gálvez;GK;GK;31;Spain;Huelva;Spanish Federation 1B;32;2910;6.57;Scouting Required;£0;£1.1K - £1.6K p/w;30/6/2024;182 cm;Right-Footed Only;Weak;Very Strong;11.7;3.5;11.5;20.3;0.7;0.0;1.7;0.0;0.0;0.0;0.0;8.9;0.2;0.1;6.0;0.0;0.1;0.0;79;70;0;0.0;0.0;0.0;0.1;0.0;0.0;0;0.0;0;1;0;0;0.0;0.0;0.0;0.0;1.7;0.0;3;0.7;0;0;0.0;0.0;0.0;0.0;0.0;0.0;0.0;0.0
2002072676;Jesús Serrano;D (R);D/WB (R);15;Spain;Málaga;Spanish Federation 1B;0;0;-;Youngster;£35K - £375K;£55 p/w;30/6/2028;173 cm;Right-Footed;Reasonable;Very Strong;0.0;0.0;0.0;0.0;0.0;0.0;0.0;0.0;0.0;0.0;0.0;0.0;0.0;0.0;0.0;0.0;0.0;0.0;0;0;0;0.0;0.0;0.0;0.0;0.0;0.0;0;0.0;0;0;0;0;0.0;0.0;0.0;0.0;0.0;0.0;0;0.0;0;0;0.0;0.0;0.0;0.0;0.0;0.0;0.0;0.0
67187296;Isi;M (C);DM, M/AM (C);28;Spain;Murcia;Spanish Federation 1B;1 (10);251;6.60;Regular Starter;£45K - £450K;£2.4K - £2.8K p/w;1/9/2024;173 cm;Right-Footed;Weak;Very Strong;10.8;6.8;47.0;53.8;2.5;0.7;2.5;0.0;11.5;2.5;0.0;0.4;1.1;1.8;14.9;1.4;12.2;0.4;0;0;0;0.0;1.4;2.2;0.0;0.0;0.1;-0.34;0.1;0;1;0;0;3.6;0.7;1.1;0.0;0.0;0.0;0;0.4;0;0;0.0;0.7;0.0;1.4;0.0;1.8;0.4;0.0
2002072679;Joaquín Sevillano;AM (R);M/AM (R);15;Spain;Málaga;Spanish Federation 1B;0;0;-;Youngster;£4K - £40K;£55 p/w;30/6/2028;157 cm;Right-Footed;Reasonable;Very Strong;0.0;0.0;0.0;0.0;0.0;0.0;0.0;0.0;0.0;0.0;0.0;0.0;0.0;0.0;0.0;0.0;0.0;0.0;0;0;0;0.0;0.0;0.0;0.0;0.0;0.0;0;0.0;0;0;0;0;0.0;0.0;0.0;0.0;0.0;0.0;0;0.0;0;0;0.0;0.0;0.0;0.0;0.0;0.0;0.0;0.0
2002072687;Manuel Bikoro;D (C);D (RC), DM;16;Eq. Guinea;Málaga;Spanish Federation 1B;0;0;-;Youngster;£12K - £120K;£55 p/w;30/6/2028;190 cm;Right-Footed;Reasonable;Very Strong;0.0;0.0;0.0;0.0;0.0;0.0;0.0;0.0;0.0;0.0;0.0;0.0;0.0;0.0;0.0;0.0;0.0;0.0;0;0;0;0.0;0.0;0.0;0.0;0.0;0.0;0;0.0;0;0;0;0;0.0;0.0;0.0;0.0;0.0;0.0;0;0.0;0;0;0.0;0.0;0.0;0.0;0.0;0.0;0.0;0.0
2002072688;Neizinho;WB (L);WB (L);16;Brazil;Málaga;Spanish Federation 1B;0;0;-;Youngster;£35K - £375K;£55 p/w;30/6/2028;174 cm;Left-Footed;Very Strong;Fairly Strong;0.0;0.0;0.0;0.0;0.0;0.0;0.0;0.0;0.0;0.0;0.0;0.0;0.0;0.0;0.0;0.0;0.0;0.0;0;0;0;0.0;0.0;0.0;0.0;0.0;0.0;0;0.0;0;0;0;0;0.0;0.0;0.0;0.0;0.0;0.0;0;0.0;0;0;0.0;0.0;0.0;0.0;0.0;0.0;0.0;0.0
67190701;Rubio;ST (C);ST (C);29;Spain;S.D. Logroñés;Spanish Federation 1A;1 (10);262;6.57;Scouting Required;£0;£220 - £340 p/w;30/6/2024;184 cm;Right-Footed;Fairly Strong;Very Strong;22.0;0.3;19.6;22.7;1.0;0.7;1.0;0.0;5.8;1.7;0.3;0.0;0.0;1.7;11.7;0.7;4.8;0.7;0;0;0;0.0;9.3;4.1;0.0;0.1;0.3;-0.85;0.3;4;7;0;0;13.4;0.0;0.7;0.0;0.0;0.0;0;0.7;0;4;0.3;0.7;0.0;0.7;0.7;2.1;0.0;0.0
2002072689;Alex Fortes;D (L);D/WB/M (L);16;Spain;Málaga;Spanish Federation 1B;0;0;-;Future Prospect;£150K - £400K;£460 p/w;30/6/2026;178 cm;Left-Footed;Very Strong;Reasonable;0.0;0.0;0.0;0.0;0.0;0.0;0.0;0.0;0.0;0.0;0.0;0.0;0.0;0.0;0.0;0.0;0.0;0.0;0;0;0;0.0;0.0;0.0;0.0;0.0;0.0;0;0.0;0;0;0;0;0.0;0.0;0.0;0.0;0.0;0.0;0;0.0;0;0;0.0;0.0;0.0;0.0;0.0;0.0;0.0;0.0
2002072690;Iván;M (C);M/AM (C);16;Spain;Málaga;Spanish Federation 1B;0;0;-;Future Prospect;£35K - £325K;£490 p/w;30/6/2026;175 cm;Right-Footed;Strong;Very Strong;0.0;0.0;0.0;0.0;0.0;0.0;0.0;0.0;0.0;0.0;0.0;0.0;0.0;0.0;0.0;0.0;0.0;0.0;0;0;0;0.0;0.0;0.0;0.0;0.0;0.0;0;0.0;0;0;0;0;0.0;0.0;0.0;0.0;0.0;0.0;0;0.0;0;0;0.0;0.0;0.0;0.0;0.0;0.0;0.0;0.0
67191696;David Soto;AM (L);M/AM (RL);31;Spain;Sabadell;Spanish Federation 1A;0 (2);20;6.70;Scouting Required;£0 - £28K;£300 - £430 p/w;30/6/2025;178 cm;Left-Footed;Very Strong;Reasonable;0.0;0.0;0.0;0.0;0.0;0.0;0.0;0.0;0.0;0.0;0.0;0.0;0.0;0.0;0.0;0.0;0.0;0.0;0;0;0;0.0;0.0;0.0;0.0;0.0;0.0;0;0.0;0;1;0;0;0.0;0.0;0.0;0.0;0.0;0.0;0;0.0;0;0;0.0;0.0;0.0;0.0;0.0;0.0;0.0;0.0
2002072691;Noe Bravo;AM (L);M/AM (L);16;Spain;Málaga;Spanish Federation 1B;0;0;-;Youngster;£16K - £160K;£55 p/w;30/6/2028;177 cm;Left-Footed Only;Very Strong;Weak;0.0;0.0;0.0;0.0;0.0;0.0;0.0;0.0;0.0;0.0;0.0;0.0;0.0;0.0;0.0;0.0;0.0;0.0;0;0;0;0.0;0.0;0.0;0.0;0.0;0.0;0;0.0;0;0;0;0;0.0;0.0;0.0;0.0;0.0;0.0;0;0.0;0;0;0.0;0.0;0.0;0.0;0.0;0.0;0.0;0.0
67192406;Nacho Monsalve;D (C);D (C);30;Spain;Eldense;Second Division;0;0;-;Regular Starter;£100K;£800 - £925 p/w;30/6/2025;188 cm;Right-Footed;Weak;Very Strong;0.0;0.0;0.0;0.0;0.0;0.0;0.0;0.0;0.0;0.0;0.0;0.0;0.0;0.0;0.0;0.0;0.0;0.0;0;0;0;0.0;0.0;0.0;0.0;0.0;0.0;0;0.0;0;0;0;0;0.0;0.0;0.0;0.0;0.0;0.0;0;0.0;0;0;0.0;0.0;0.0;0.0;0.0;0.0;0.0;0.0
2002072693;Ángel Luis Sánchez;AM (R);AM (R), ST (C);16;Spain;Málaga;Spanish Federation 1B;0;0;-;Future Prospect;£180K - £450K;£625 p/w;30/6/2026;171 cm;Right-Footed;Fairly Strong;Very Strong;0.0;0.0;0.0;0.0;0.0;0.0;0.0;0.0;0.0;0.0;0.0;0.0;0.0;0.0;0.0;0.0;0.0;0.0;0;0;0;0.0;0.0;0.0;0.0;0.0;0.0;0;0.0;0;0;0;0;0.0;0.0;0.0;0.0;0.0;0.0;0;0.0;0;0;0.0;0.0;0.0;0.0;0.0;0.0;0.0;0.0
2002072694;Jesús Castro;D (R);D/WB/AM (R);15;Spain;Málaga;Spanish Federation 1B;0;0;-;Youngster;£35K - £375K;£55 p/w;30/6/2028;170 cm;Left-Footed;Very Strong;Weak;0.0;0.0;0.0;0.0;0.0;0.0;0.0;0.0;0.0;0.0;0.0;0.0;0.0;0.0;0.0;0.0;0.0;0.0;0;0;0;0.0;0.0;0.0;0.0;0.0;0.0;0;0.0;0;0;0;0;0.0;0.0;0.0;0.0;0.0;0.0;0;0.0;0;0;0.0;0.0;0.0;0.0;0.0;0.0;0.0;0.0
2002072697;Jaime Almeida;AM (L);M/AM (L);16;Spain;Málaga;Spanish Federation 1B;0;0;-;Youngster;£26K - £65K;£55 p/w;30/6/2028;183 cm;Left-Footed;Very Strong;Weak;0.0;0.0;0.0;0.0;0.0;0.0;0.0;0.0;0.0;0.0;0.0;0.0;0.0;0.0;0.0;0.0;0.0;0.0;0;0;0;0.0;0.0;0.0;0.0;0.0;0.0;0;0.0;0;0;0;0;0.0;0.0;0.0;0.0;0.0;0.0;0;0.0;0;0;0.0;0.0;0.0;0.0;0.0;0.0;0.0;0.0
2002072704;Jordi Martin;GK;GK;15;Spain;Málaga;Spanish Federation 1B;0;0;-;Youngster;£28K - £275K;£55 p/w;30/6/2028;191 cm;Right-Footed;Weak;Very Strong;0.0;0.0;0.0;0.0;0.0;0.0;0.0;0.0;0.0;0.0;0.0;0.0;0.0;0.0;0.0;0.0;0.0;0.0;0;0;0;0.0;0.0;0.0;0.0;0.0;0.0;0;0.0;0;0;0;0;0.0;0.0;0.0;0.0;0.0;0.0;0;0.0;0;0;0.0;0.0;0.0;0.0;0.0;0.0;0.0;0.0
2002074197;Enric;AM (R);AM (RL), ST (C);16;Spain;Espanyol;Second Division;0;0;-;Scouting Required;Unknown;£45 - £65 p/w;30/6/2028;176 cm;Unknown Footedness;Very Weak;Very Weak;0.0;0.0;0.0;0.0;0.0;0.0;0.0;0.0;0.0;0.0;0.0;0.0;0.0;0.0;0.0;0.0;0.0;0.0;0;0;0;0.0;0.0;0.0;0.0;0.0;0.0;0;0.0;0;0;0;0;0.0;0.0;0.0;0.0;0.0;0.0;0;0.0;0;0;0.0;0.0;0.0;0.0;0.0;0.0;0.0;0.0
2002074208;Isidre Gestí;GK;GK;15;Spain;Espanyol;Second Division;0;0;-;Scouting Required;Unknown;£35 - £55 p/w;30/6/2028;179 cm;Unknown Footedness;Very Weak;Very Weak;0.0;0.0;0.0;0.0;0.0;0.0;0.0;0.0;0.0;0.0;0.0;0.0;0.0;0.0;0.0;0.0;0.0;0.0;0;0;0;0.0;0.0;0.0;0.0;0.0;0.0;0;0.0;0;0;0;0;0.0;0.0;0.0;0.0;0.0;0.0;0;0.0;0;0;0.0;0.0;0.0;0.0;0.0;0.0;0.0;0.0
67193460;Armando Ortiz;M (C);DM, M (C);33;Spain;Cornellà;Spanish Federation 1A;6 (7);714;6.70;Scouting Required;£0;£500 - £725 p/w;30/6/2024;179 cm;Right-Footed;Reasonable;Very Strong;13.1;11.1;39.6;44.4;4.4;1.4;1.3;0.0;8.7;2.6;0.4;1.3;2.0;0.9;11.8;1.3;8.6;0.9;0;0;0;0.3;2.1;3.3;0.0;0.1;0.2;-0.29;0.2;4;6;1;0;5.4;0.1;0.9;0.3;0.0;0.1;0;0.8;0;0;0.0;1.6;0.0;0.4;0.1;1.3;0.1;0.0
67193742;Marc Trilles;D (C);D (C);32;Spain;Tarazona;Spanish Federation 1A;37;3323;6.76;Scouting Required;£28K - £275K;£1.8K - £2.5K p/w;30/6/2027;187 cm;Right-Footed;Reasonable;Very Strong;4.3;14.9;47.0;52.8;3.3;0.2;1.3;0.0;2.8;1.1;0.5;1.7;1.3;1.1;11.2;0.1;4.9;0.0;0;0;0;0.0;2.1;4.9;0.0;0.0;0.1;-2.32;0.1;28;9;8;0;7.0;0.8;0.0;0.0;0.0;0.0;0;1.0;0;0;0.0;0.2;0.0;0.1;0.0;0.4;0.4;0.8
2002096407;Aythami Sirera;GK;GK;16;Spain;Elche;Second Division;34 (7);0;-;Scouting Required;Unknown;£35 - £55 p/w;30/6/2028;181 cm;Unknown Footedness;Very Weak;Very Weak;0.0;0.0;0.0;0.0;0.0;0.0;0.0;0.0;0.0;0.0;0.0;0.0;0.0;0.0;0.0;0.0;0.0;0.0;0;0;0;0.0;0.0;0.0;0.0;0.0;0.0;0;0.0;0;0;0;0;0.0;0.0;0.0;0.0;0.0;0.0;0;0.0;0;0;0.0;0.0;0.0;0.0;0.0;0.0;0.0;0.0
67195191;Juanjo Nieto;D (R);D (RL), WB (R);29;Spain;R. Santander;Second Division;10 (9);1038;6.73;Scouting Required;£10K - £100K;£1.1K - £1.5K p/w;30/6/2025;175 cm;Right-Footed Only;Weak;Very Strong;17.1;10.2;40.8;46.0;5.5;0.5;1.4;0.0;8.9;2.1;0.5;1.6;2.4;2.0;13.4;1.4;17.1;3.6;0;0;0;0.4;2.0;2.4;0.0;0.0;0.1;-0.58;0.1;8;6;0;0;4.4;0.3;3.6;0.4;0.0;0.0;0;1.3;0;2;0.2;0.5;0.0;0.2;0.1;0.4;0.1;0.5
2002096414;Rafael;ST (C);ST (C);16;Spain;Elche;Second Division;0;0;-;Scouting Required;Unknown;£45 - £65 p/w;30/6/2028;179 cm;Unknown Footedness;Very Weak;Very Weak;0.0;0.0;0.0;0.0;0.0;0.0;0.0;0.0;0.0;0.0;0.0;0.0;0.0;0.0;0.0;0.0;0.0;0.0;0;0;0;0.0;0.0;0.0;0.0;0.0;0.0;0;0.0;0;0;0;0;0.0;0.0;0.0;0.0;0.0;0.0;0;0.0;0;0;0.0;0.0;0.0;0.0;0.0;0.0;0.0;0.0
2002096415;Djibril Fané;M (R);M/AM (R);15;Spain;Elche;Second Division;0;0;-;Scouting Required;Unknown;£45 - £65 p/w;30/6/2028;175 cm;Unknown Footedness;Very Weak;Very Weak;0.0;0.0;0.0;0.0;0.0;0.0;0.0;0.0;0.0;0.0;0.0;0.0;0.0;0.0;0.0;0.0;0.0;0.0;0;0;0;0.0;0.0;0.0;0.0;0.0;0.0;0;0.0;0;0;0;0;0.0;0.0;0.0;0.0;0.0;0.0;0;0.0;0;0;0.0;0.0;0.0;0.0;0.0;0.0;0.0;0.0
2002096416;Moisés Crespo;M (C);M (C);15;Spain;Elche;Second Division;1 (10);0;-;Scouting Required;Unknown;£45 - £65 p/w;30/6/2028;172 cm;Unknown Footedness;Very Weak;Very Weak;0.0;0.0;0.0;0.0;0.0;0.0;0.0;0.0;0.0;0.0;0.0;0.0;0.0;0.0;0.0;0.0;0.0;0.0;0;0;0;0.0;0.0;0.0;0.0;0.0;0.0;0;0.0;0;0;0;0;0.0;0.0;0.0;0.0;0.0;0.0;0;0.0;0;0;0.0;0.0;0.0;0.0;0.0;0.0;0.0;0.0
2002096418;Benjamín;AM (L);M/AM (L), ST (C);15;Spain;Elche;Second Division;0;0;-;Scouting Required;Unknown;£50 - £65 p/w;30/6/2028;178 cm;Unknown Footedness;Very Weak;Very Weak;0.0;0.0;0.0;0.0;0.0;0.0;0.0;0.0;0.0;0.0;0.0;0.0;0.0;0.0;0.0;0.0;0.0;0.0;0;0;0;0.0;0.0;0.0;0.0;0.0;0.0;0;0.0;0;0;0;0;0.0;0.0;0.0;0.0;0.0;0.0;0;0.0;0;0;0.0;0.0;0.0;0.0;0.0;0.0;0.0;0.0
2002096419;Rubén Baños;M (C);M/AM (C);16;Spain;Elche;Second Division;0;0;-;Scouting Required;Unknown;£50 - £70 p/w;30/6/2028;178 cm;Unknown Footedness;Very Weak;Very Weak;0.0;0.0;0.0;0.0;0.0;0.0;0.0;0.0;0.0;0.0;0.0;0.0;0.0;0.0;0.0;0.0;0.0;0.0;0;0;0;0.0;0.0;0.0;0.0;0.0;0.0;0;0.0;0;0;0;0;0.0;0.0;0.0;0.0;0.0;0.0;0;0.0;0;0;0.0;0.0;0.0;0.0;0.0;0.0;0.0;0.0
2002096420;Pablo;WB (L);WB (L);15;Spain;Elche;Second Division;0;0;-;Scouting Required;Unknown;£50 - £70 p/w;30/6/2028;169 cm;Unknown Footedness;Very Weak;Very Weak;0.0;0.0;0.0;0.0;0.0;0.0;0.0;0.0;0.0;0.0;0.0;0.0;0.0;0.0;0.0;0.0;0.0;0.0;0;0;0;0.0;0.0;0.0;0.0;0.0;0.0;0;0.0;0;0;0;0;0.0;0.0;0.0;0.0;0.0;0.0;0;0.0;0;0;0.0;0.0;0.0;0.0;0.0;0.0;0.0;0.0
2002096421;Antonio;AM (R);D/AM (R);15;Spain;Elche;Second Division;0;0;-;Scouting Required;Unknown;£50 - £70 p/w;30/6/2028;178 cm;Unknown Footedness;Very Weak;Very Weak;0.0;0.0;0.0;0.0;0.0;0.0;0.0;0.0;0.0;0.0;0.0;0.0;0.0;0.0;0.0;0.0;0.0;0.0;0;0;0;0.0;0.0;0.0;0.0;0.0;0.0;0;0.0;0;0;0;0;0.0;0.0;0.0;0.0;0.0;0.0;0;0.0;0;0;0.0;0.0;0.0;0.0;0.0;0.0;0.0;0.0
2002096422;José;GK;GK;15;Spain;Valladolid;Second Division;0;0;-;Scouting Required;Unknown;£50 - £70 p/w;30/6/2028;180 cm;Unknown Footedness;Very Weak;Very Weak;0.0;0.0;0.0;0.0;0.0;0.0;0.0;0.0;0.0;0.0;0.0;0.0;0.0;0.0;0.0;0.0;0.0;0.0;0;0;0;0.0;0.0;0.0;0.0;0.0;0.0;0;0.0;0;0;0;0;0.0;0.0;0.0;0.0;0.0;0.0;0;0.0;0;0;0.0;0.0;0.0;0.0;0.0;0.0;0.0;0.0
2002096425;Javier;M (C);M (LC), AM (C);16;Spain;Valladolid;Second Division;0;0;-;Scouting Required;Unknown;£55 - £75 p/w;30/6/2028;180 cm;Unknown Footedness;Very Weak;Very Weak;0.0;0.0;0.0;0.0;0.0;0.0;0.0;0.0;0.0;0.0;0.0;0.0;0.0;0.0;0.0;0.0;0.0;0.0;0;0;0;0.0;0.0;0.0;0.0;0.0;0.0;0;0.0;0;0;0;0;0.0;0.0;0.0;0.0;0.0;0.0;0;0.0;0;0;0.0;0.0;0.0;0.0;0.0;0.0;0.0;0.0
2002096426;Héctor Santiago;AM (C);M (C), AM (LC), ST (C);16;Spain;Valladolid;Second Division;0;0;-;Scouting Required;Unknown;£35 - £55 p/w;30/6/2028;172 cm;Unknown Footedness;Very Weak;Very Weak;0.0;0.0;0.0;0.0;0.0;0.0;0.0;0.0;0.0;0.0;0.0;0.0;0.0;0.0;0.0;0.0;0.0;0.0;0;0;0;0.0;0.0;0.0;0.0;0.0;0.0;0;0.0;0;0;0;0;0.0;0.0;0.0;0.0;0.0;0.0;0;0.0;0;0;0.0;0.0;0.0;0.0;0.0;0.0;0.0;0.0
2002096428;Manolo Soto;AM (L);M/AM (L), ST (C);16;Spain;Valladolid;Second Division;0;0;-;Scouting Required;Unknown;£35 - £55 p/w;30/6/2028;181 cm;Unknown Footedness;Very Weak;Very Weak;0.0;0.0;0.0;0.0;0.0;0.0;0.0;0.0;0.0;0.0;0.0;0.0;0.0;0.0;0.0;0.0;0.0;0.0;0;0;0;0.0;0.0;0.0;0.0;0.0;0.0;0;0.0;0;0;0;0;0.0;0.0;0.0;0.0;0.0;0.0;0;0.0;0;0;0.0;0.0;0.0;0.0;0.0;0.0;0.0;0.0
2002096432;Daniel;DM;DM;15;Spain;Valladolid;Second Division;0;0;-;Scouting Required;Unknown;£40 - £60 p/w;30/6/2028;173 cm;Unknown Footedness;Very Weak;Very Weak;0.0;0.0;0.0;0.0;0.0;0.0;0.0;0.0;0.0;0.0;0.0;0.0;0.0;0.0;0.0;0.0;0.0;0.0;0;0;0;0.0;0.0;0.0;0.0;0.0;0.0;0;0.0;0;0;0;0;0.0;0.0;0.0;0.0;0.0;0.0;0;0.0;0;0;0.0;0.0;0.0;0.0;0.0;0.0;0.0;0.0
2002096433;José Manuel;ST (C);ST (C);15;Pays Basque;Valladolid;Second Division;0;0;-;Scouting Required;Unknown;£40 - £60 p/w;30/6/2028;184 cm;Unknown Footedness;Very Weak;Very Weak;0.0;0.0;0.0;0.0;0.0;0.0;0.0;0.0;0.0;0.0;0.0;0.0;0.0;0.0;0.0;0.0;0.0;0.0;0;0;0;0.0;0.0;0.0;0.0;0.0;0.0;0;0.0;0;0;0;0;0.0;0.0;0.0;0.0;0.0;0.0;0;0.0;0;0;0.0;0.0;0.0;0.0;0.0;0.0;0.0;0.0
2002096437;Luis;M (R);M (RC), AM (C);16;Spain;Granada B;Spanish Federation 1B;0;0;-;Scouting Required;£150K - £550K;£45 - £65 p/w;30/6/2028;171 cm;Right-Footed;Reasonable;Very Strong;0.0;0.0;0.0;0.0;0.0;0.0;0.0;0.0;0.0;0.0;0.0;0.0;0.0;0.0;0.0;0.0;0.0;0.0;0;0;0;0.0;0.0;0.0;0.0;0.0;0.0;0;0.0;0;0;0;0;0.0;0.0;0.0;0.0;0.0;0.0;0;0.0;0;0;0.0;0.0;0.0;0.0;0.0;0.0;0.0;0.0
2002096584;Khalid Khadijah;M (R);D/WB/M (R);16;Israel;Zaragoza;Second Division;0;0;-;Scouting Required;Unknown;£45 - £65 p/w;30/6/2028;182 cm;Unknown Footedness;Very Weak;Very Weak;0.0;0.0;0.0;0.0;0.0;0.0;0.0;0.0;0.0;0.0;0.0;0.0;0.0;0.0;0.0;0.0;0.0;0.0;0;0;0;0.0;0.0;0.0;0.0;0.0;0.0;0;0.0;0;0;0;0;0.0;0.0;0.0;0.0;0.0;0.0;0;0.0;0;0;0.0;0.0;0.0;0.0;0.0;0.0;0.0;0.0
2002096585;José Luis Vallina;AM (L);AM (RLC);15;Spain;Zaragoza;Second Division;0;0;-;Scouting Required;Unknown;£45 - £65 p/w;30/6/2028;172 cm;Unknown Footedness;Very Weak;Very Weak;0.0;0.0;0.0;0.0;0.0;0.0;0.0;0.0;0.0;0.0;0.0;0.0;0.0;0.0;0.0;0.0;0.0;0.0;0;0;0;0.0;0.0;0.0;0.0;0.0;0.0;0;0.0;0;0;0;0;0.0;0.0;0.0;0.0;0.0;0.0;0;0.0;0;0;0.0;0.0;0.0;0.0;0.0;0.0;0.0;0.0
2002096588;Thierno Lô;AM (L);AM (RL), ST (C);15;Spain;Zaragoza;Second Division;0;0;-;Scouting Required;Unknown;£50 - £70 p/w;30/6/2028;178 cm;Unknown Footedness;Very Weak;Very Weak;0.0;0.0;0.0;0.0;0.0;0.0;0.0;0.0;0.0;0.0;0.0;0.0;0.0;0.0;0.0;0.0;0.0;0.0;0;0;0;0.0;0.0;0.0;0.0;0.0;0.0;0;0.0;0;0;0;0;0.0;0.0;0.0;0.0;0.0;0.0;0;0.0;0;0;0.0;0.0;0.0;0.0;0.0;0.0;0.0;0.0
2002096607;Eugeni;D (L);D (RL), WB (L);15;Spain;Tenerife;Second Division;0;0;-;Scouting Required;Unknown;£50 - £65 p/w;30/6/2028;180 cm;Unknown Footedness;Very Weak;Very Weak;0.0;0.0;0.0;0.0;0.0;0.0;0.0;0.0;0.0;0.0;0.0;0.0;0.0;0.0;0.0;0.0;0.0;0.0;0;0;0;0.0;0.0;0.0;0.0;0.0;0.0;0;0.0;0;0;0;0;0.0;0.0;0.0;0.0;0.0;0.0;0;0.0;0;0;0.0;0.0;0.0;0.0;0.0;0.0;0.0;0.0
67199250;Miquel Parera;GK;GK;28;Spain;R. Santander;Second Division;40;3522;6.53;Scouting Required;£100K - £1M;£2.5K - £3.6K p/w;30/6/2025;180 cm;Right-Footed Only;Weak;Very Strong;8.6;4.3;14.2;24.8;0.3;0.0;1.3;0.0;0.0;0.0;0.0;7.4;0.1;0.0;5.8;0.0;0.0;0.0;89;68;0;0.0;0.0;0.0;0.2;0.0;0.0;0;0.0;6;9;6;0;0.0;0.0;0.0;0.0;1.3;0.0;2;1.3;1;0;0.0;0.0;-0.1;0.0;0.0;0.0;0.0;0.0
2002096609;Thiago Navarro;AM (R);WB (R), AM (RL);15;Spain;Tenerife;Second Division;0;0;-;Scouting Required;Unknown;£50 - £70 p/w;30/6/2028;170 cm;Unknown Footedness;Very Weak;Very Weak;0.0;0.0;0.0;0.0;0.0;0.0;0.0;0.0;0.0;0.0;0.0;0.0;0.0;0.0;0.0;0.0;0.0;0.0;0;0;0;0.0;0.0;0.0;0.0;0.0;0.0;0;0.0;0;0;0;0;0.0;0.0;0.0;0.0;0.0;0.0;0;0.0;0;0;0.0;0.0;0.0;0.0;0.0;0.0;0.0;0.0
2002096610;Aday;DM;DM, M (C);16;Spain;Tenerife;Second Division;0;0;-;Scouting Required;Unknown;£50 - £70 p/w;30/6/2028;181 cm;Unknown Footedness;Very Weak;Very Weak;0.0;0.0;0.0;0.0;0.0;0.0;0.0;0.0;0.0;0.0;0.0;0.0;0.0;0.0;0.0;0.0;0.0;0.0;0;0;0;0.0;0.0;0.0;0.0;0.0;0.0;0;0.0;0;0;0;0;0.0;0.0;0.0;0.0;0.0;0.0;0;0.0;0;0;0.0;0.0;0.0;0.0;0.0;0.0;0.0;0.0
2002096613;Thiago Concha;D (C);D (LC), DM;15;Spain;Tenerife;Second Division;0;0;-;Scouting Required;Unknown;£55 - £75 p/w;30/6/2028;181 cm;Unknown Footedness;Very Weak;Very Weak;0.0;0.0;0.0;0.0;0.0;0.0;0.0;0.0;0.0;0.0;0.0;0.0;0.0;0.0;0.0;0.0;0.0;0.0;0;0;0;0.0;0.0;0.0;0.0;0.0;0.0;0;0.0;0;0;0;0;0.0;0.0;0.0;0.0;0.0;0.0;0;0.0;0;0;0.0;0.0;0.0;0.0;0.0;0.0;0.0;0.0
67199407;Adrián Lapeña;D (C);D (C);28;Spain;Córdoba;Spanish Federation 1B;18 (4);1627;7.04;Squad Player;£65K - £650K;£3.4K - £4K p/w;30/6/2027;182 cm;Right-Footed;Reasonable;Very Strong;5.0;11.3;85.2;89.7;5.9;0.1;0.8;0.0;2.0;0.5;0.3;1.3;2.0;1.2;11.1;0.0;5.1;0.0;0;0;0;0.0;1.4;3.9;0.0;0.0;0.0;-0.37;0.0;11;1;2;0;5.3;0.5;0.0;0.0;0.0;0.0;0;1.1;1;0;0.0;0.1;0.0;0.0;0.3;0.5;0.4;0.2
2002096615;Malick Sall;AM (R);M (C), AM (RC);16;Spain;Tenerife;Second Division;0;0;-;Scouting Required;Unknown;£35 - £55 p/w;30/6/2028;172 cm;Unknown Footedness;Very Weak;Very Weak;0.0;0.0;0.0;0.0;0.0;0.0;0.0;0.0;0.0;0.0;0.0;0.0;0.0;0.0;0.0;0.0;0.0;0.0;0;0;0;0.0;0.0;0.0;0.0;0.0;0.0;0;0.0;0;0;0;0;0.0;0.0;0.0;0.0;0.0;0.0;0;0.0;0;0;0.0;0.0;0.0;0.0;0.0;0.0;0.0;0.0
2002096616;Yadel Sáiz;M (C);DM, M/AM (C);16;Spain;Tenerife;Second Division;0;0;-;Scouting Required;Unknown;£35 - £55 p/w;30/6/2028;170 cm;Unknown Footedness;Very Weak;Very Weak;0.0;0.0;0.0;0.0;0.0;0.0;0.0;0.0;0.0;0.0;0.0;0.0;0.0;0.0;0.0;0.0;0.0;0.0;0;0;0;0.0;0.0;0.0;0.0;0.0;0.0;0;0.0;0;0;0;0;0.0;0.0;0.0;0.0;0.0;0.0;0;0.0;0;0;0.0;0.0;0.0;0.0;0.0;0.0;0.0;0.0
2002096617;Neizan Rodríguez García;AM (C);M (RC), AM (C);15;Spain;Tenerife;Second Division;0;0;-;Scouting Required;Unknown;£35 - £55 p/w;30/6/2028;176 cm;Unknown Footedness;Very Weak;Very Weak;0.0;0.0;0.0;0.0;0.0;0.0;0.0;0.0;0.0;0.0;0.0;0.0;0.0;0.0;0.0;0.0;0.0;0.0;0;0;0;0.0;0.0;0.0;0.0;0.0;0.0;0;0.0;0;0;0;0;0.0;0.0;0.0;0.0;0.0;0.0;0;0.0;0;0;0.0;0.0;0.0;0.0;0.0;0.0;0.0;0.0
2002096654;John Carlos de Ossa;WB (L);WB (L);16;Colombia;Oviedo;Second Division;0;0;-;Scouting Required;Unknown;£55 - £70 p/w;30/6/2028;173 cm;Unknown Footedness;Very Weak;Very Weak;0.0;0.0;0.0;0.0;0.0;0.0;0.0;0.0;0.0;0.0;0.0;0.0;0.0;0.0;0.0;0.0;0.0;0.0;0;0;0;0.0;0.0;0.0;0.0;0.0;0.0;0;0.0;0;0;0;0;0.0;0.0;0.0;0.0;0.0;0.0;0;0.0;0;0;0.0;0.0;0.0;0.0;0.0;0.0;0.0;0.0
67201185;Piña;D (C);D (C);29;Spain;Eldense;Second Division;2 (3);108;6.20;Scouting Required;£130K - £500K;£1.4K - £1.9K p/w;30/6/2026;188 cm;Right-Footed Only;Weak;Very Strong;4.2;14.2;51.7;55.8;4.2;0.0;1.7;0.0;3.3;0.8;0.0;0.8;3.3;0.8;9.6;0.0;3.3;0.0;0;0;0;0.0;0.8;4.2;0.0;0.0;0.0;-0.03;0.0;1;1;0;1;5.0;0.0;0.0;0.0;0.0;0.0;0;0.8;0;0;0.0;0.0;0.0;0.0;0.0;0.8;0.0;0.8
67202349;José Carlos;D (C);D (C);28;Spain;San Fernando;Spanish Federation 1B;2 (7);250;6.95;Scouting Required;£130K - £475K;£1K - £1.5K p/w;30/6/2026;182 cm;Right-Footed;Weak;Very Strong;10.1;16.2;54.4;63.4;8.6;0.0;0.7;0.0;1.4;0.4;1.1;2.9;2.2;1.4;11.2;0.0;1.8;0.0;0;0;0;0.0;2.2;6.1;0.0;0.0;0.0;-0.05;0.0;0;0;0;0;8.3;1.1;0.0;0.0;0.0;0.0;0;2.2;0;0;0.0;0.0;0.0;0.0;0.0;0.4;0.0;0.7
2002096655;Marcos;M (C);DM, M (C), AM (R);15;Spain;Oviedo;Second Division;0;0;-;Scouting Required;Unknown;£55 - £75 p/w;30/6/2028;187 cm;Unknown Footedness;Very Weak;Very Weak;0.0;0.0;0.0;0.0;0.0;0.0;0.0;0.0;0.0;0.0;0.0;0.0;0.0;0.0;0.0;0.0;0.0;0.0;0;0;0;0.0;0.0;0.0;0.0;0.0;0.0;0;0.0;0;0;0;0;0.0;0.0;0.0;0.0;0.0;0.0;0;0.0;0;0;0.0;0.0;0.0;0.0;0.0;0.0;0.0;0.0
2002096658;Javier Cabello;D (L);D/WB (L);16;Spain;Oviedo;Second Division;0;0;-;Scouting Required;Unknown;£35 - £55 p/w;30/6/2028;175 cm;Unknown Footedness;Very Weak;Very Weak;0.0;0.0;0.0;0.0;0.0;0.0;0.0;0.0;0.0;0.0;0.0;0.0;0.0;0.0;0.0;0.0;0.0;0.0;0;0;0;0.0;0.0;0.0;0.0;0.0;0.0;0;0.0;0;0;0;0;0.0;0.0;0.0;0.0;0.0;0.0;0;0.0;0;0;0.0;0.0;0.0;0.0;0.0;0.0;0.0;0.0
2002096659;Iker Barbero;DM;DM, M (C);15;Spain;Oviedo;Second Division;0;0;-;Scouting Required;Unknown;£35 - £55 p/w;30/6/2028;171 cm;Unknown Footedness;Very Weak;Very Weak;0.0;0.0;0.0;0.0;0.0;0.0;0.0;0.0;0.0;0.0;0.0;0.0;0.0;0.0;0.0;0.0;0.0;0.0;0;0;0;0.0;0.0;0.0;0.0;0.0;0.0;0;0.0;0;0;0;0;0.0;0.0;0.0;0.0;0.0;0.0;0;0.0;0;0;0.0;0.0;0.0;0.0;0.0;0.0;0.0;0.0
2002096662;Aitor;AM (L);M/AM (L);15;Spain;Oviedo;Second Division;0;0;-;Scouting Required;Unknown;£40 - £60 p/w;30/6/2028;191 cm;Unknown Footedness;Very Weak;Very Weak;0.0;0.0;0.0;0.0;0.0;0.0;0.0;0.0;0.0;0.0;0.0;0.0;0.0;0.0;0.0;0.0;0.0;0.0;0;0;0;0.0;0.0;0.0;0.0;0.0;0.0;0;0.0;0;0;0;0;0.0;0.0;0.0;0.0;0.0;0.0;0;0.0;0;0;0.0;0.0;0.0;0.0;0.0;0.0;0.0;0.0
2002096663;Alfredo Vázquez;DM;D (C), DM;16;Spain;Oviedo;Second Division;0;0;-;Scouting Required;Unknown;£40 - £60 p/w;30/6/2028;185 cm;Unknown Footedness;Very Weak;Very Weak;0.0;0.0;0.0;0.0;0.0;0.0;0.0;0.0;0.0;0.0;0.0;0.0;0.0;0.0;0.0;0.0;0.0;0.0;0;0;0;0.0;0.0;0.0;0.0;0.0;0.0;0;0.0;0;0;0;0;0.0;0.0;0.0;0.0;0.0;0.0;0;0.0;0;0;0.0;0.0;0.0;0.0;0.0;0.0;0.0;0.0
2002096665;Alejandro Molina;D (C);D (RC), WB (R);15;Spain;Oviedo;Second Division;0;0;-;Scouting Required;Unknown;£45 - £60 p/w;30/6/2028;197 cm;Unknown Footedness;Very Weak;Very Weak;0.0;0.0;0.0;0.0;0.0;0.0;0.0;0.0;0.0;0.0;0.0;0.0;0.0;0.0;0.0;0.0;0.0;0.0;0;0;0;0.0;0.0;0.0;0.0;0.0;0.0;0;0.0;0;0;0;0;0.0;0.0;0.0;0.0;0.0;0.0;0;0.0;0;0;0.0;0.0;0.0;0.0;0.0;0.0;0.0;0.0
2002096667;Paco Medina;DM;DM;15;Spain;Coruña;Spanish Federation 1A;0;0;-;Scouting Required;Unknown;£45 - £65 p/w;30/6/2028;185 cm;Unknown Footedness;Very Weak;Very Weak;0.0;0.0;0.0;0.0;0.0;0.0;0.0;0.0;0.0;0.0;0.0;0.0;0.0;0.0;0.0;0.0;0.0;0.0;0;0;0;0.0;0.0;0.0;0.0;0.0;0.0;0;0.0;0;0;0;0;0.0;0.0;0.0;0.0;0.0;0.0;0;0.0;0;0;0.0;0.0;0.0;0.0;0.0;0.0;0.0;0.0
2002096668;Ignacio Ferrer;D (C);D (RC);16;Spain;Coruña;Spanish Federation 1A;1 (10);0;-;Scouting Required;Unknown;£45 - £65 p/w;30/6/2028;190 cm;Unknown Footedness;Very Weak;Very Weak;0.0;0.0;0.0;0.0;0.0;0.0;0.0;0.0;0.0;0.0;0.0;0.0;0.0;0.0;0.0;0.0;0.0;0.0;0;0;0;0.0;0.0;0.0;0.0;0.0;0.0;0;0.0;0;0;0;0;0.0;0.0;0.0;0.0;0.0;0.0;0;0.0;0;0;0.0;0.0;0.0;0.0;0.0;0.0;0.0;0.0
2002096669;Miguel Albés;D (C);D (RC), DM;16;Spain;Coruña;Spanish Federation 1A;0;0;-;Scouting Required;Unknown;£45 - £65 p/w;30/6/2028;180 cm;Unknown Footedness;Very Weak;Very Weak;0.0;0.0;0.0;0.0;0.0;0.0;0.0;0.0;0.0;0.0;0.0;0.0;0.0;0.0;0.0;0.0;0.0;0.0;0;0;0;0.0;0.0;0.0;0.0;0.0;0.0;0;0.0;0;0;0;0;0.0;0.0;0.0;0.0;0.0;0.0;0;0.0;0;0;0.0;0.0;0.0;0.0;0.0;0.0;0.0;0.0
2002096670;Dionisio Mariña;D (R);D/WB/AM (R);15;Spain;Coruña;Spanish Federation 1A;0;0;-;Scouting Required;Unknown;£50 - £65 p/w;30/6/2028;176 cm;Unknown Footedness;Very Weak;Very Weak;0.0;0.0;0.0;0.0;0.0;0.0;0.0;0.0;0.0;0.0;0.0;0.0;0.0;0.0;0.0;0.0;0.0;0.0;0;0;0;0.0;0.0;0.0;0.0;0.0;0.0;0;0.0;0;0;0;0;0.0;0.0;0.0;0.0;0.0;0.0;0;0.0;0;0;0.0;0.0;0.0;0.0;0.0;0.0;0.0;0.0
67206505;Pol Moreno;D (C);D (C);30;Spain;R. Santander;Second Division;7 (3);827;6.80;Regular Starter;£200K - £600K;£2.1K - £2.5K p/w;30/6/2025;188 cm;Right-Footed Only;Weak;Very Strong;4.4;12.7;49.6;57.0;4.0;0.4;1.4;0.0;4.4;1.3;0.7;1.2;1.5;1.6;11.1;0.0;4.5;0.1;0;0;0;0.0;1.5;6.2;0.0;0.0;0.0;-0.05;0.0;7;3;1;0;7.7;0.9;0.1;0.0;0.0;0.0;0;1.4;0;1;0.0;0.4;0.0;0.2;0.0;0.2;0.3;0.4
2002096671;David;M (C);DM, M (C);15;Spain;Coruña;Spanish Federation 1A;0;0;-;Scouting Required;Unknown;£50 - £70 p/w;30/6/2028;184 cm;Unknown Footedness;Very Weak;Very Weak;0.0;0.0;0.0;0.0;0.0;0.0;0.0;0.0;0.0;0.0;0.0;0.0;0.0;0.0;0.0;0.0;0.0;0.0;0;0;0;0.0;0.0;0.0;0.0;0.0;0.0;0;0.0;0;0;0;0;0.0;0.0;0.0;0.0;0.0;0.0;0;0.0;0;0;0.0;0.0;0.0;0.0;0.0;0.0;0.0;0.0
2002096672;Eric Díaz;DM;DM, M (C);16;Spain;Coruña;Spanish Federation 1A;0;0;-;Scouting Required;Unknown;£50 - £70 p/w;30/6/2028;173 cm;Unknown Footedness;Very Weak;Very Weak;0.0;0.0;0.0;0.0;0.0;0.0;0.0;0.0;0.0;0.0;0.0;0.0;0.0;0.0;0.0;0.0;0.0;0.0;0;0;0;0.0;0.0;0.0;0.0;0.0;0.0;0;0.0;0;0;0;0;0.0;0.0;0.0;0.0;0.0;0.0;0;0.0;0;0;0.0;0.0;0.0;0.0;0.0;0.0;0.0;0.0
67210974;Jero Lario;GK;GK;29;Spain;A. Baleares;Spanish Federation 1B;33;2941;6.56;Scouting Required;£0;£490 - £725 p/w;30/6/2024;181 cm;Right-Footed;Fairly Strong;Very Strong;12.3;4.3;5.5;13.3;0.6;0.0;1.7;0.0;0.0;0.0;0.0;11.4;0.2;0.1;4.2;0.0;0.1;0.0;80;64;0;0.0;0.0;0.0;0.0;0.0;0.0;0;0.0;0;0;0;0;0.0;0.0;0.0;0.0;1.7;0.0;2;1.3;3;0;0.0;0.0;-0.4;0.0;0.0;0.0;0.0;0.0
2002096673;Constantin Bărbuţ;DM;D (L), DM, M (C);15;Romania;Coruña;Spanish Federation 1A;0;0;-;Scouting Required;Unknown;£50 - £70 p/w;30/6/2028;182 cm;Unknown Footedness;Very Weak;Very Weak;0.0;0.0;0.0;0.0;0.0;0.0;0.0;0.0;0.0;0.0;0.0;0.0;0.0;0.0;0.0;0.0;0.0;0.0;0;0;0;0.0;0.0;0.0;0.0;0.0;0.0;0;0.0;0;0;0;0;0.0;0.0;0.0;0.0;0.0;0.0;0;0.0;0;0;0.0;0.0;0.0;0.0;0.0;0.0;0.0;0.0
67211705;Carlos Marín;GK;GK;27;Spain;Córdoba;Spanish Federation 1B;42;3780;6.93;Important Player;£500K;£2.9K - £3.3K p/w;30/6/2025;187 cm;Right-Footed Only;Weak;Very Strong;0.8;6.7;24.9;25.5;0.2;0.0;1.0;0.0;0.0;0.0;0.0;0.4;0.2;0.0;5.9;0.0;0.1;0.0;80;68;0;0.0;0.0;0.0;0.4;0.0;0.0;0;0.0;0;0;0;0;0.0;0.0;0.0;0.0;1.0;0.0;1;1.4;1;0;0.0;0.0;-0.1;0.0;0.0;0.0;0.0;0.0
2002096675;Roberto;D (C);D (RC), DM;15;Spain;Coruña;Spanish Federation 1A;0;0;-;Scouting Required;Unknown;£55 - £70 p/w;30/6/2028;177 cm;Unknown Footedness;Very Weak;Very Weak;0.0;0.0;0.0;0.0;0.0;0.0;0.0;0.0;0.0;0.0;0.0;0.0;0.0;0.0;0.0;0.0;0.0;0.0;0;0;0;0.0;0.0;0.0;0.0;0.0;0.0;0;0.0;0;0;0;0;0.0;0.0;0.0;0.0;0.0;0.0;0;0.0;0;0;0.0;0.0;0.0;0.0;0.0;0.0;0.0;0.0
67211740;Alberto;D (L);D/WB (L);29;Pays Basque;Lugo;Spanish Federation 1A;8 (4);692;6.81;Scouting Required;£40K - £425K;£1.5K - £2.1K p/w;30/6/2026;173 cm;Left-Footed;Very Strong;Weak;10.9;13.9;40.2;46.6;5.1;0.9;0.9;0.0;9.2;2.5;1.2;1.6;2.6;3.1;12.9;1.0;11.7;3.1;0;0;0;0.4;1.7;3.9;0.0;0.2;0.1;-0.61;0.1;11;7;2;0;5.6;0.7;3.1;0.4;0.0;0.0;0;1.3;0;1;0.1;0.9;0.0;0.1;0.0;0.3;0.0;0.4
2002096676;Raúl;AM (R);M/AM (R);16;Spain;Coruña;Spanish Federation 1A;0;0;-;Scouting Required;Unknown;£55 - £75 p/w;30/6/2028;173 cm;Unknown Footedness;Very Weak;Very Weak;0.0;0.0;0.0;0.0;0.0;0.0;0.0;0.0;0.0;0.0;0.0;0.0;0.0;0.0;0.0;0.0;0.0;0.0;0;0;0;0.0;0.0;0.0;0.0;0.0;0.0;0;0.0;0;0;0;0;0.0;0.0;0.0;0.0;0.0;0.0;0;0.0;0;0;0.0;0.0;0.0;0.0;0.0;0.0;0.0;0.0
2002096677;Óscar Alonso;AM (L);M/AM (L);16;Spain;Coruña;Spanish Federation 1A;0;0;-;Scouting Required;Unknown;£55 - £75 p/w;30/6/2028;177 cm;Unknown Footedness;Very Weak;Very Weak;0.0;0.0;0.0;0.0;0.0;0.0;0.0;0.0;0.0;0.0;0.0;0.0;0.0;0.0;0.0;0.0;0.0;0.0;0;0;0;0.0;0.0;0.0;0.0;0.0;0.0;0;0.0;0;0;0;0;0.0;0.0;0.0;0.0;0.0;0.0;0;0.0;0;0;0.0;0.0;0.0;0.0;0.0;0.0;0.0;0.0
67211778;Guillermo Vallejo;GK;GK;29;Spain;Eldense;Second Division;3 (3);482;6.45;Scouting Required;£50K - £475K;£1K - £1.5K p/w;30/6/2026;182 cm;Right-Footed;Reasonable;Very Strong;9.7;2.2;19.4;26.3;0.0;0.0;1.3;0.0;0.0;0.0;0.0;8.0;0.0;0.0;6.0;0.0;0.2;0.0;87;66;0;0.0;0.0;0.0;0.4;0.0;0.0;0;0.0;0;6;0;0;0.0;0.0;0.0;0.0;1.3;0.0;2;0.6;0;0;0.0;0.0;-0.3;0.0;0.0;0.0;0.0;0.0
2002096679;Enrique Antas;D (L);D (LC), WB (L);16;Spain;Coruña;Spanish Federation 1A;0;0;-;Scouting Required;Unknown;£35 - £55 p/w;30/6/2028;177 cm;Unknown Footedness;Very Weak;Very Weak;0.0;0.0;0.0;0.0;0.0;0.0;0.0;0.0;0.0;0.0;0.0;0.0;0.0;0.0;0.0;0.0;0.0;0.0;0;0;0;0.0;0.0;0.0;0.0;0.0;0.0;0;0.0;0;0;0;0;0.0;0.0;0.0;0.0;0.0;0.0;0;0.0;0;0;0.0;0.0;0.0;0.0;0.0;0.0;0.0;0.0
2002096680;José Raúl;GK;GK;15;Spain;Albacete;Second Division;0;0;-;Scouting Required;Unknown;£35 - £55 p/w;30/6/2028;191 cm;Unknown Footedness;Very Weak;Very Weak;0.0;0.0;0.0;0.0;0.0;0.0;0.0;0.0;0.0;0.0;0.0;0.0;0.0;0.0;0.0;0.0;0.0;0.0;0;0;0;0.0;0.0;0.0;0.0;0.0;0.0;0;0.0;0;0;0;0;0.0;0.0;0.0;0.0;0.0;0.0;0;0.0;0;0;0.0;0.0;0.0;0.0;0.0;0.0;0.0;0.0
2002096686;Jonathan;M (L);M/AM (L), ST (C);16;Spain;Albacete;Second Division;0;0;-;Scouting Required;Unknown;£45 - £60 p/w;30/6/2028;186 cm;Unknown Footedness;Very Weak;Very Weak;0.0;0.0;0.0;0.0;0.0;0.0;0.0;0.0;0.0;0.0;0.0;0.0;0.0;0.0;0.0;0.0;0.0;0.0;0;0;0;0.0;0.0;0.0;0.0;0.0;0.0;0;0.0;0;0;0;0;0.0;0.0;0.0;0.0;0.0;0.0;0;0.0;0;0;0.0;0.0;0.0;0.0;0.0;0.0;0.0;0.0
67211904;Borja Sánchez;AM (L);M/AM (LC);28;Spain;Oviedo;Second Division;10 (16);870;6.72;Scouting Required;£70K - £700K;£2.1K - £3.2K p/w;30/6/2025;185 cm;Right-Footed;Reasonable;Very Strong;17.4;3.6;25.9;30.9;2.9;1.4;0.9;0.0;12.8;3.9;0.1;0.4;1.3;3.5;11.5;2.5;15.7;3.5;0;0;0;0.4;4.8;2.5;0.0;0.1;0.2;0.54;0.2;6;9;0;0;7.2;0.0;4.7;0.5;0.0;0.2;0;1.3;0;1;0.0;1.9;0.0;0.3;0.8;1.3;0.1;0.0
67212015;Alberto Solís;AM (C);M (C), AM (LC);26;Spain;Real Irún;Spanish Federation 1A;0 (4);52;6.50;Scouting Required;£0;£525 - £750 p/w;30/6/2024;178 cm;Right-Footed;Fairly Strong;Very Strong;0.0;0.0;0.0;0.0;0.0;0.0;0.0;0.0;0.0;0.0;0.0;0.0;0.0;0.0;0.0;0.0;0.0;0.0;0;0;1;0.0;0.0;0.0;0.0;0.0;0.0;0;0.0;0;0;0;0;0.0;0.0;0.0;0.0;0.0;0.0;0;0.0;0;0;0.0;0.0;0.0;0.0;0.0;0.0;0.0;0.0
2002096854;Juan Vidal;GK;GK;15;Spain;Córdoba;Spanish Federation 1B;0;0;-;Future Prospect;£16K - £170K;£50 - £60 p/w;30/6/2028;189 cm;Right-Footed;Reasonable;Very Strong;0.0;0.0;0.0;0.0;0.0;0.0;0.0;0.0;0.0;0.0;0.0;0.0;0.0;0.0;0.0;0.0;0.0;0.0;0;0;0;0.0;0.0;0.0;0.0;0.0;0.0;0;0.0;0;0;0;0;0.0;0.0;0.0;0.0;0.0;0.0;0;0.0;0;0;0.0;0.0;0.0;0.0;0.0;0.0;0.0;0.0
2002096858;Francisco;D (C);D (RLC);15;Spain;Córdoba;Spanish Federation 1B;1 (10);0;-;Future Prospect;£30K - £300K;£50 - £60 p/w;30/6/2028;182 cm;Right-Footed;Fairly Strong;Very Strong;0.0;0.0;0.0;0.0;0.0;0.0;0.0;0.0;0.0;0.0;0.0;0.0;0.0;0.0;0.0;0.0;0.0;0.0;0;0;0;0.0;0.0;0.0;0.0;0.0;0.0;0;0.0;0;0;0;0;0.0;0.0;0.0;0.0;0.0;0.0;0;0.0;0;0;0.0;0.0;0.0;0.0;0.0;0.0;0.0;0.0
2002096859;Óscar Silva;AM (R);M/AM (R), ST (C);15;Spain;Córdoba;Spanish Federation 1B;0;0;-;Future Prospect;£7K - £65K;£50 - £60 p/w;30/6/2028;176 cm;Right-Footed;Fairly Strong;Very Strong;0.0;0.0;0.0;0.0;0.0;0.0;0.0;0.0;0.0;0.0;0.0;0.0;0.0;0.0;0.0;0.0;0.0;0.0;0;0;0;0.0;0.0;0.0;0.0;0.0;0.0;0;0.0;0;0;0;0;0.0;0.0;0.0;0.0;0.0;0.0;0;0.0;0;0;0.0;0.0;0.0;0.0;0.0;0.0;0.0;0.0
2002096860;Albert Moreno;M (C);M/AM (C);15;Spain;Córdoba;Spanish Federation 1B;0;0;-;Youngster;£0 - £80K;£50 - £60 p/w;30/6/2028;178 cm;Right-Footed;Reasonable;Very Strong;0.0;0.0;0.0;0.0;0.0;0.0;0.0;0.0;0.0;0.0;0.0;0.0;0.0;0.0;0.0;0.0;0.0;0.0;0;0;0;0.0;0.0;0.0;0.0;0.0;0.0;0;0.0;0;0;0;0;0.0;0.0;0.0;0.0;0.0;0.0;0;0.0;0;0;0.0;0.0;0.0;0.0;0.0;0.0;0.0;0.0
2002096861;Alieu Sonko;D (R);D/WB/AM (R);15;The Gambia;Córdoba;Spanish Federation 1B;0;0;-;Future Prospect;£55K - £190K;£50 - £60 p/w;30/6/2028;171 cm;Right-Footed;Reasonable;Very Strong;0.0;0.0;0.0;0.0;0.0;0.0;0.0;0.0;0.0;0.0;0.0;0.0;0.0;0.0;0.0;0.0;0.0;0.0;0;0;0;0.0;0.0;0.0;0.0;0.0;0.0;0;0.0;0;0;0;0;0.0;0.0;0.0;0.0;0.0;0.0;0;0.0;0;0;0.0;0.0;0.0;0.0;0.0;0.0;0.0;0.0
2002096862;Pepe Pérez;DM;DM;15;Spain;Córdoba;Spanish Federation 1B;1 (10);0;-;Future Prospect;£20K - £190K;£55 - £60 p/w;30/6/2028;176 cm;Left-Footed;Very Strong;Reasonable;0.0;0.0;0.0;0.0;0.0;0.0;0.0;0.0;0.0;0.0;0.0;0.0;0.0;0.0;0.0;0.0;0.0;0.0;0;0;0;0.0;0.0;0.0;0.0;0.0;0.0;0;0.0;0;0;0;0;0.0;0.0;0.0;0.0;0.0;0.0;0;0.0;0;0;0.0;0.0;0.0;0.0;0.0;0.0;0.0;0.0
2002096863;Carlos Calero;D (R);D/WB (R);16;Spain;Córdoba;Spanish Federation 1B;0;0;-;Future Prospect;£5K - £50K;£55 - £60 p/w;30/6/2028;184 cm;Right-Footed;Fairly Strong;Very Strong;0.0;0.0;0.0;0.0;0.0;0.0;0.0;0.0;0.0;0.0;0.0;0.0;0.0;0.0;0.0;0.0;0.0;0.0;0;0;0;0.0;0.0;0.0;0.0;0.0;0.0;0;0.0;0;0;0;0;0.0;0.0;0.0;0.0;0.0;0.0;0;0.0;0;0;0.0;0.0;0.0;0.0;0.0;0.0;0.0;0.0
2002096864;Manuel Jiménez;ST (C);AM (R), ST (C);16;Spain;Córdoba;Spanish Federation 1B;0;0;-;Future Prospect;£28K - £275K;£320 - £370 p/w;30/6/2026;197 cm;Right-Footed;Fairly Strong;Very Strong;0.0;0.0;0.0;0.0;0.0;0.0;0.0;0.0;0.0;0.0;0.0;0.0;0.0;0.0;0.0;0.0;0.0;0.0;0;0;0;0.0;0.0;0.0;0.0;0.0;0.0;0;0.0;0;0;0;0;0.0;0.0;0.0;0.0;0.0;0.0;0;0.0;0;0;0.0;0.0;0.0;0.0;0.0;0.0;0.0;0.0
67216538;Diego Conde;GK;GK;25;Spain;Leganés;Second Division;4 (4);543;6.79;Scouting Required;£60K - £600K;£1.4K - £2K p/w;30/6/2025;188 cm;Right-Footed;Reasonable;Very Strong;7.8;3.5;16.7;22.2;0.0;0.0;1.3;0.0;0.0;0.0;0.0;6.6;0.0;0.0;6.3;0.0;0.0;0.0;88;72;0;0.0;0.0;0.0;0.2;0.0;0.0;0;0.0;0;1;0;0;0.0;0.0;0.0;0.0;1.3;0.0;3;1.0;0;0;0.0;0.0;0.1;0.0;0.0;0.0;0.0;0.0
2002096865;Francisco Javier Rubio;AM (L);AM (LC), ST (C);16;Spain;Córdoba;Spanish Federation 1B;0;0;-;Youngster;£26K - £90K;£55 - £60 p/w;30/6/2028;179 cm;Left-Footed;Very Strong;Fairly Strong;0.0;0.0;0.0;0.0;0.0;0.0;0.0;0.0;0.0;0.0;0.0;0.0;0.0;0.0;0.0;0.0;0.0;0.0;0;0;0;0.0;0.0;0.0;0.0;0.0;0.0;0;0.0;0;0;0;0;0.0;0.0;0.0;0.0;0.0;0.0;0;0.0;0;0;0.0;0.0;0.0;0.0;0.0;0.0;0.0;0.0
67216759;Samu Pérez;GK;GK;27;Spain;Sanluqueño;Spanish Federation 1B;35;3150;6.81;Scouting Required;£4K - £40K;£575 - £850 p/w;30/6/2025;192 cm;Right-Footed;Reasonable;Very Strong;3.3;5.9;21.0;23.1;0.2;0.0;1.6;0.0;0.0;0.0;0.0;3.2;0.1;0.1;4.3;0.0;0.1;0.0;79;66;0;0.0;0.0;0.0;0.3;0.0;0.0;0;0.0;0;1;0;0;0.0;0.0;0.0;0.0;1.6;0.0;2;1.2;3;0;0.0;0.0;-0.3;0.0;0.0;0.0;0.0;0.0
2002096866;Alberto Navarro;D (C);D (C);16;Spain;Córdoba;Spanish Federation 1B;0;0;-;Youngster;£0 - £45K;£55 - £65 p/w;30/6/2028;187 cm;Right-Footed;Weak;Very Strong;0.0;0.0;0.0;0.0;0.0;0.0;0.0;0.0;0.0;0.0;0.0;0.0;0.0;0.0;0.0;0.0;0.0;0.0;0;0;0;0.0;0.0;0.0;0.0;0.0;0.0;0;0.0;0;0;0;0;0.0;0.0;0.0;0.0;0.0;0.0;0;0.0;0;0;0.0;0.0;0.0;0.0;0.0;0.0;0.0;0.0
2002096867;Joseph Chukwu;AM (R);WB (R), M (C), AM (R);15;Spain;Córdoba;Spanish Federation 1B;0;0;-;Youngster;£1.5K - £16K;£45 - £55 p/w;30/6/2028;173 cm;Right-Footed;Reasonable;Very Strong;0.0;0.0;0.0;0.0;0.0;0.0;0.0;0.0;0.0;0.0;0.0;0.0;0.0;0.0;0.0;0.0;0.0;0.0;0;0;0;0.0;0.0;0.0;0.0;0.0;0.0;0;0.0;0;0;0;0;0.0;0.0;0.0;0.0;0.0;0.0;0;0.0;0;0;0.0;0.0;0.0;0.0;0.0;0.0;0.0;0.0
67217545;Juan Pérez;GK;GK;27;Spain;Huesca;Second Division;6 (1);554;6.75;Backup;£500K - £1.1M;£2.8K - £3.3K p/w;30/6/2026;191 cm;Right-Footed;Fairly Strong;Very Strong;9.3;4.5;17.5;26.0;0.0;0.0;1.6;0.0;0.0;0.0;0.0;6.3;0.0;0.3;6.1;0.0;0.0;0.0;88;81;0;0.0;0.0;0.0;0.2;0.0;0.0;0;0.0;1;2;1;0;0.0;0.0;0.0;0.0;1.6;0.0;5;1.8;0;0;0.0;0.0;-0.0;0.0;0.0;0.0;0.0;0.0
2002096868;Carlos;DM;D (C), DM;15;Spain;Córdoba;Spanish Federation 1B;0;0;-;Youngster;£0 - £80K;£45 - £55 p/w;30/6/2028;179 cm;Right-Footed;Fairly Strong;Very Strong;0.0;0.0;0.0;0.0;0.0;0.0;0.0;0.0;0.0;0.0;0.0;0.0;0.0;0.0;0.0;0.0;0.0;0.0;0;0;0;0.0;0.0;0.0;0.0;0.0;0.0;0;0.0;0;0;0;0;0.0;0.0;0.0;0.0;0.0;0.0;0;0.0;0;0;0.0;0.0;0.0;0.0;0.0;0.0;0.0;0.0
2002096875;Luki Herráez;D (C);D (RC), DM;15;Andorra;F.C. Andorra;Second Division;0;0;-;Scouting Required;Unknown;£45 - £60 p/w;30/6/2028;193 cm;Unknown Footedness;Very Weak;Very Weak;0.0;0.0;0.0;0.0;0.0;0.0;0.0;0.0;0.0;0.0;0.0;0.0;0.0;0.0;0.0;0.0;0.0;0.0;0;0;0;0.0;0.0;0.0;0.0;0.0;0.0;0;0.0;0;0;0;0;0.0;0.0;0.0;0.0;0.0;0.0;0;0.0;0;0;0.0;0.0;0.0;0.0;0.0;0.0;0.0;0.0
2002096877;Eloi;AM (L);M/AM (L);15;Spain;F.C. Andorra;Second Division;0;0;-;Scouting Required;Unknown;£45 - £65 p/w;30/6/2028;179 cm;Unknown Footedness;Very Weak;Very Weak;0.0;0.0;0.0;0.0;0.0;0.0;0.0;0.0;0.0;0.0;0.0;0.0;0.0;0.0;0.0;0.0;0.0;0.0;0;0;0;0.0;0.0;0.0;0.0;0.0;0.0;0;0.0;0;0;0;0;0.0;0.0;0.0;0.0;0.0;0.0;0;0.0;0;0;0.0;0.0;0.0;0.0;0.0;0.0;0.0;0.0
67219331;David Del Pozo;M (C);M (C);27;Spain;Huelva;Spanish Federation 1B;0 (1);4;-;Scouting Required;£0;£675 - £1K p/w;30/6/2024;178 cm;Right-Footed Only;Weak;Very Strong;0.0;0.0;0.0;0.0;0.0;0.0;0.0;0.0;0.0;0.0;0.0;0.0;0.0;0.0;0.0;0.0;0.0;0.0;0;0;0;0.0;0.0;0.0;0.0;0.0;0.0;0;0.0;0;0;0;0;0.0;0.0;0.0;0.0;0.0;0.0;0;0.0;0;0;0.0;0.0;0.0;0.0;0.0;0.0;0.0;0.0
2002096879;Bruno Gómez;AM (R);AM (R), ST (C);15;Andorra;F.C. Andorra;Second Division;0;0;-;Scouting Required;Unknown;£45 - £65 p/w;30/6/2028;173 cm;Unknown Footedness;Very Weak;Very Weak;0.0;0.0;0.0;0.0;0.0;0.0;0.0;0.0;0.0;0.0;0.0;0.0;0.0;0.0;0.0;0.0;0.0;0.0;0;0;0;0.0;0.0;0.0;0.0;0.0;0.0;0;0.0;0;0;0;0;0.0;0.0;0.0;0.0;0.0;0.0;0;0.0;0;0;0.0;0.0;0.0;0.0;0.0;0.0;0.0;0.0
2002096884;Chechu Castro;ST (C);AM (L), ST (C);15;Andorra;F.C. Andorra;Second Division;18 (4);0;-;Scouting Required;Unknown;£50 - £70 p/w;30/6/2028;193 cm;Unknown Footedness;Very Weak;Very Weak;0.0;0.0;0.0;0.0;0.0;0.0;0.0;0.0;0.0;0.0;0.0;0.0;0.0;0.0;0.0;0.0;0.0;0.0;0;0;0;0.0;0.0;0.0;0.0;0.0;0.0;0;0.0;0;0;0;0;0.0;0.0;0.0;0.0;0.0;0.0;0;0.0;0;0;0.0;0.0;0.0;0.0;0.0;0.0;0.0;0.0
2002096885;Robert;GK;GK;15;Spain;Cornellà;Spanish Federation 1A;0;0;-;Scouting Required;Unknown;£55 - £70 p/w;30/6/2028;176 cm;Unknown Footedness;Very Weak;Very Weak;0.0;0.0;0.0;0.0;0.0;0.0;0.0;0.0;0.0;0.0;0.0;0.0;0.0;0.0;0.0;0.0;0.0;0.0;0;0;0;0.0;0.0;0.0;0.0;0.0;0.0;0;0.0;0;0;0;0;0.0;0.0;0.0;0.0;0.0;0.0;0;0.0;0;0;0.0;0.0;0.0;0.0;0.0;0.0;0.0;0.0
67222322;Santi Samanés;AM (L);M/AM (RL), ST (C);28;Spain;Leonesa;Spanish Federation 1A;3 (4);334;7.10;Scouting Required;£0;£320 - £430 p/w;30/6/2024;176 cm;Left-Footed;Very Strong;Reasonable;21.3;2.7;23.2;28.0;1.6;0.8;0.8;0.0;12.9;3.0;0.3;1.9;2.4;2.7;12.7;2.7;13.7;6.5;0;0;0;1.6;4.3;0.8;0.0;0.0;0.1;2.52;0.1;3;6;0;0;5.1;0.3;6.5;1.6;0.0;0.8;0;1.9;0;3;0.0;0.8;0.0;0.3;1.1;1.6;0.0;0.0
67222711;Iñaki Olaortua;D (C);D (C);30;Spain;Ibiza;Spanish Federation 1B;0 (1);0;-;Scouting Required;£6K - £60K;£825 - £1.2K p/w;30/6/2025;183 cm;Right-Footed Only;Weak;Very Strong;0.0;0.0;0.0;0.0;0.0;0.0;0.0;0.0;0.0;0.0;0.0;0.0;0.0;0.0;0.0;0.0;0.0;0.0;0;0;0;0.0;0.0;0.0;0.0;0.0;0.0;0;0.0;0;0;0;0;0.0;0.0;0.0;0.0;0.0;0.0;0;0.0;0;0;0.0;0.0;0.0;0.0;0.0;0.0;0.0;0.0
67222901;Nacho;D (C);D (C);29;Spain;Tarragona;Spanish Federation 1A;3 (4);356;6.43;Scouting Required;£40K - £140K;£300 - £420 p/w;30/6/2025;185 cm;Right-Footed;Weak;Very Strong;4.8;11.9;49.3;54.1;2.5;0.3;1.3;0.0;2.5;1.3;0.5;2.3;2.3;0.5;10.5;0.0;3.8;0.0;0;0;0;0.0;2.0;5.8;0.0;0.0;0.0;-0.06;0.0;4;1;1;0;7.8;0.8;0.0;0.0;0.0;0.0;0;1.0;0;0;0.0;0.3;0.0;0.3;0.0;0.5;0.0;0.3
2002096893;Antoni;D (R);D/M (R);16;Spain;Cornellà;Spanish Federation 1A;10 (16);0;-;Scouting Required;Unknown;£40 - £60 p/w;30/6/2028;178 cm;Unknown Footedness;Very Weak;Very Weak;0.0;0.0;0.0;0.0;0.0;0.0;0.0;0.0;0.0;0.0;0.0;0.0;0.0;0.0;0.0;0.0;0.0;0.0;0;0;0;0.0;0.0;0.0;0.0;0.0;0.0;0;0.0;0;0;0;0;0.0;0.0;0.0;0.0;0.0;0.0;0;0.0;0;0;0.0;0.0;0.0;0.0;0.0;0.0;0.0;0.0
67223075;Miguel San Román;GK;GK;26;Spain;Elche;Second Division;5 (3);590;7.03;Scouting Required;£12K - £120K;£1.5K - £2K p/w;30/6/2025;189 cm;Left-Footed Only;Very Strong;Very Weak;8.1;4.9;13.3;23.2;0.8;0.0;1.1;0.0;0.0;0.0;0.0;7.5;0.0;0.2;6.2;0.0;0.0;0.0;83;76;0;0.0;0.0;0.0;0.6;0.0;0.0;0;0.0;0;1;0;0;0.0;0.0;0.0;0.0;1.1;0.0;3;1.5;1;0;0.0;0.0;0.3;0.0;0.0;0.0;0.0;0.0
2002096895;Andreu Molins;M (L);M/AM (L);15;Spain;Cornellà;Spanish Federation 1A;0;0;-;Scouting Required;Unknown;£40 - £60 p/w;30/6/2028;176 cm;Unknown Footedness;Very Weak;Very Weak;0.0;0.0;0.0;0.0;0.0;0.0;0.0;0.0;0.0;0.0;0.0;0.0;0.0;0.0;0.0;0.0;0.0;0.0;0;0;0;0.0;0.0;0.0;0.0;0.0;0.0;0;0.0;0;0;0;0;0.0;0.0;0.0;0.0;0.0;0.0;0;0.0;0;0;0.0;0.0;0.0;0.0;0.0;0.0;0.0;0.0
67223077;Luis Perea;DM;D (C), DM, M (C);26;Spain;Leganés;Second Division;5 (21);809;6.66;Surplus to Requirements;£240K;£1.3K - £1.6K p/w;30/6/2025;191 cm;Right-Footed;Fairly Strong;Very Strong;11.0;7.2;49.1;55.0;4.2;0.4;1.1;0.0;9.2;2.0;0.7;0.8;1.3;1.3;12.1;0.3;10.8;0.1;0;0;0;0.0;1.6;2.4;0.0;0.1;0.0;-0.22;0.0;9;4;0;0;4.0;0.2;0.1;0.0;0.0;0.0;0;1.2;0;0;0.0;0.4;0.0;0.1;0.1;0.4;0.1;0.2
67223146;Iker Bilbao;M (C);DM, M (C);28;Spain;Tarazona;Spanish Federation 1A;13 (1);971;6.65;Scouting Required;£0;£675 - £1K p/w;30/6/2024;181 cm;Left-Footed;Very Strong;Reasonable;12.7;6.9;36.1;39.9;2.6;1.1;1.9;0.0;10.2;3.4;0.7;0.6;0.9;1.7;12.7;0.6;9.3;1.2;0;0;0;0.1;2.7;2.5;0.0;0.1;0.2;-0.67;0.1;12;8;1;0;5.2;0.5;2.4;0.1;0.0;0.1;0;0.9;0;2;0.1;1.3;0.0;0.1;0.2;0.7;0.0;0.2
2002097351;Ignacio Bilbao;D (C);D (RC);15;Spain;Eibar;Second Division;0;0;-;Scouting Required;Unknown;£35 - £55 p/w;30/6/2028;188 cm;Unknown Footedness;Very Weak;Very Weak;0.0;0.0;0.0;0.0;0.0;0.0;0.0;0.0;0.0;0.0;0.0;0.0;0.0;0.0;0.0;0.0;0.0;0.0;0;0;0;0.0;0.0;0.0;0.0;0.0;0.0;0;0.0;0;0;0;0;0.0;0.0;0.0;0.0;0.0;0.0;0;0.0;0;0;0.0;0.0;0.0;0.0;0.0;0.0;0.0;0.0
2002097353;David Santos;AM (R);M/AM (R), ST (C);15;Spain;Eibar;Second Division;0;0;-;Scouting Required;Unknown;£40 - £55 p/w;30/6/2028;188 cm;Unknown Footedness;Very Weak;Very Weak;0.0;0.0;0.0;0.0;0.0;0.0;0.0;0.0;0.0;0.0;0.0;0.0;0.0;0.0;0.0;0.0;0.0;0.0;0;0;0;0.0;0.0;0.0;0.0;0.0;0.0;0;0.0;0;0;0;0;0.0;0.0;0.0;0.0;0.0;0.0;0;0.0;0;0;0.0;0.0;0.0;0.0;0.0;0.0;0.0;0.0
2002097355;Ibán Ruiz;M (C);M/AM (C);15;Pays Basque;Eibar;Second Division;0;0;-;Scouting Required;Unknown;£40 - £60 p/w;30/6/2028;176 cm;Unknown Footedness;Very Weak;Very Weak;0.0;0.0;0.0;0.0;0.0;0.0;0.0;0.0;0.0;0.0;0.0;0.0;0.0;0.0;0.0;0.0;0.0;0.0;0;0;0;0.0;0.0;0.0;0.0;0.0;0.0;0;0.0;0;0;0;0;0.0;0.0;0.0;0.0;0.0;0.0;0;0.0;0;0;0.0;0.0;0.0;0.0;0.0;0.0;0.0;0.0
67225480;Darío;GK;GK;24;Spain;Málaga;Spanish Federation 1B;4;360;6.55;Backup;£30K - £325K;£1.7K p/w;30/6/2026;191 cm;Right-Footed;Fairly Strong;Very Strong;5.2;4.0;15.5;18.8;0.8;0.0;1.5;0.0;0.0;0.0;0.0;7.8;0.0;0.0;6.3;0.0;0.0;0.0;79;62;0;0.0;0.0;0.0;0.2;0.1;0.0;0;0.0;0;0;0;0;0.0;0.0;0.0;0.0;1.5;0.0;2;1.2;1;0;0.0;0.0;-0.4;0.0;0.0;0.0;0.0;0.0
2002097362;Imanol Pérez;AM (L);AM (RL), ST (C);15;Spain;Eibar;Second Division;0;0;-;Scouting Required;Unknown;£45 - £65 p/w;30/6/2028;166 cm;Unknown Footedness;Very Weak;Very Weak;0.0;0.0;0.0;0.0;0.0;0.0;0.0;0.0;0.0;0.0;0.0;0.0;0.0;0.0;0.0;0.0;0.0;0.0;0;0;0;0.0;0.0;0.0;0.0;0.0;0.0;0;0.0;0;0;0;0;0.0;0.0;0.0;0.0;0.0;0.0;0;0.0;0;0;0.0;0.0;0.0;0.0;0.0;0.0;0.0;0.0
2002097365;Jorge Hernández;GK;GK;16;Spain;Leganés;Second Division;0;0;-;Scouting Required;Unknown;£50 - £70 p/w;30/6/2028;191 cm;Unknown Footedness;Very Weak;Very Weak;0.0;0.0;0.0;0.0;0.0;0.0;0.0;0.0;0.0;0.0;0.0;0.0;0.0;0.0;0.0;0.0;0.0;0.0;0;0;0;0.0;0.0;0.0;0.0;0.0;0.0;0;0.0;0;0;0;0;0.0;0.0;0.0;0.0;0.0;0.0;0;0.0;0;0;0.0;0.0;0.0;0.0;0.0;0.0;0.0;0.0
2002097368;Manu;ST (C);ST (C);15;Spain;Leganés;Second Division;0;0;-;Scouting Required;Unknown;£55 - £70 p/w;30/6/2028;186 cm;Unknown Footedness;Very Weak;Very Weak;0.0;0.0;0.0;0.0;0.0;0.0;0.0;0.0;0.0;0.0;0.0;0.0;0.0;0.0;0.0;0.0;0.0;0.0;0;0;0;0.0;0.0;0.0;0.0;0.0;0.0;0;0.0;0;0;0;0;0.0;0.0;0.0;0.0;0.0;0.0;0;0.0;0;0;0.0;0.0;0.0;0.0;0.0;0.0;0.0;0.0
2002097370;Renny Quiñónez;D (C);D (C), WB (R), DM;15;Ecuador;Leganés;Second Division;0;0;-;Scouting Required;Unknown;£55 - £75 p/w;30/6/2028;187 cm;Unknown Footedness;Very Weak;Very Weak;0.0;0.0;0.0;0.0;0.0;0.0;0.0;0.0;0.0;0.0;0.0;0.0;0.0;0.0;0.0;0.0;0.0;0.0;0;0;0;0.0;0.0;0.0;0.0;0.0;0.0;0;0.0;0;0;0;0;0.0;0.0;0.0;0.0;0.0;0.0;0;0.0;0;0;0.0;0.0;0.0;0.0;0.0;0.0;0.0;0.0
67225740;Álvaro;M (C);M/AM (C);27;Spain;Unionistas;Spanish Federation 1A;0 (1);14;-;Fringe Player;£0;£320 - £370 p/w;30/6/2024;179 cm;Right-Footed;Reasonable;Very Strong;0.0;0.0;0.0;0.0;0.0;0.0;0.0;0.0;0.0;0.0;0.0;0.0;0.0;0.0;0.0;0.0;0.0;0.0;0;0;0;0.0;0.0;0.0;0.0;0.0;0.0;0;0.0;0;0;0;0;0.0;0.0;0.0;0.0;0.0;0.0;0;0.0;0;0;0.0;0.0;0.0;0.0;0.0;0.0;0.0;0.0
2002097371;Valeri Kanchev;M (C);M/AM (C), ST (C);15;Spain;Leganés;Second Division;0;0;-;Scouting Required;Unknown;£35 - £55 p/w;30/6/2028;171 cm;Unknown Footedness;Very Weak;Very Weak;0.0;0.0;0.0;0.0;0.0;0.0;0.0;0.0;0.0;0.0;0.0;0.0;0.0;0.0;0.0;0.0;0.0;0.0;0;0;0;0.0;0.0;0.0;0.0;0.0;0.0;0;0.0;0;0;0;0;0.0;0.0;0.0;0.0;0.0;0.0;0;0.0;0;0;0.0;0.0;0.0;0.0;0.0;0.0;0.0;0.0
2002097373;Daniel Díaz;DM;DM, M (C);16;Spain;Leganés;Second Division;0;0;-;Scouting Required;Unknown;£35 - £55 p/w;30/6/2028;181 cm;Unknown Footedness;Very Weak;Very Weak;0.0;0.0;0.0;0.0;0.0;0.0;0.0;0.0;0.0;0.0;0.0;0.0;0.0;0.0;0.0;0.0;0.0;0.0;0;0;0;0.0;0.0;0.0;0.0;0.0;0.0;0;0.0;0;0;0;0;0.0;0.0;0.0;0.0;0.0;0.0;0;0.0;0;0;0.0;0.0;0.0;0.0;0.0;0.0;0.0;0.0
67226514;Luismi;AM (C);M (L), AM (RLC), ST (C);28;Spain;Antequera;Spanish Federation 1B;2 (24);575;6.78;Scouting Required;£30K - £300K;£625 - £850 p/w;30/6/2025;175 cm;Right-Footed;Reasonable;Very Strong;10.3;3.8;19.3;22.7;0.9;0.3;1.6;0.0;11.3;3.1;0.0;0.3;1.1;1.1;14.4;1.1;8.0;1.9;0;0;0;0.0;7.7;1.3;0.0;0.1;0.2;1.46;0.2;11;12;0;0;8.9;0.0;1.9;0.0;0.0;0.5;0;1.6;0;6;0.2;0.3;0.0;0.3;0.8;1.3;0.0;0.0
2002097376;José María;D (L);D/WB (L);15;Spain;Leganés;Second Division;18 (4);0;-;Scouting Required;Unknown;£40 - £60 p/w;30/6/2028;189 cm;Unknown Footedness;Very Weak;Very Weak;0.0;0.0;0.0;0.0;0.0;0.0;0.0;0.0;0.0;0.0;0.0;0.0;0.0;0.0;0.0;0.0;0.0;0.0;0;0;0;0.0;0.0;0.0;0.0;0.0;0.0;0;0.0;0;0;0;0;0.0;0.0;0.0;0.0;0.0;0.0;0;0.0;0;0;0.0;0.0;0.0;0.0;0.0;0.0;0.0;0.0
2002097377;Félix Manzano;D (R);D/WB (R);16;Spain;Leganés;Second Division;0;0;-;Scouting Required;Unknown;£40 - £60 p/w;30/6/2028;169 cm;Unknown Footedness;Very Weak;Very Weak;0.0;0.0;0.0;0.0;0.0;0.0;0.0;0.0;0.0;0.0;0.0;0.0;0.0;0.0;0.0;0.0;0.0;0.0;0;0;0;0.0;0.0;0.0;0.0;0.0;0.0;0;0.0;0;0;0;0;0.0;0.0;0.0;0.0;0.0;0.0;0;0.0;0;0;0.0;0.0;0.0;0.0;0.0;0.0;0.0;0.0
2002097380;Valentín Martínez;M (L);M/AM (L);15;Spain;Leganés;Second Division;0;0;-;Scouting Required;Unknown;£45 - £65 p/w;30/6/2028;176 cm;Unknown Footedness;Very Weak;Very Weak;0.0;0.0;0.0;0.0;0.0;0.0;0.0;0.0;0.0;0.0;0.0;0.0;0.0;0.0;0.0;0.0;0.0;0.0;0;0;0;0.0;0.0;0.0;0.0;0.0;0.0;0;0.0;0;0;0;0;0.0;0.0;0.0;0.0;0.0;0.0;0;0.0;0;0;0.0;0.0;0.0;0.0;0.0;0.0;0.0;0.0
2002097385;Isaac;M (C);M/AM (RC);16;Spain;Lugo;Spanish Federation 1A;0;0;-;Scouting Required;£140K - £550K;£310 - £430 p/w;30/6/2026;167 cm;Right-Footed;Reasonable;Very Strong;0.0;0.0;0.0;0.0;0.0;0.0;0.0;0.0;0.0;0.0;0.0;0.0;0.0;0.0;0.0;0.0;0.0;0.0;0;0;0;0.0;0.0;0.0;0.0;0.0;0.0;0;0.0;0;0;0;0;0.0;0.0;0.0;0.0;0.0;0.0;0;0.0;0;0;0.0;0.0;0.0;0.0;0.0;0.0;0.0;0.0
2002097386;Tosin Umoh;AM (L);D/AM (L);15;Spain;Lugo;Spanish Federation 1A;0;0;-;Scouting Required;Unknown;£50 - £70 p/w;30/6/2028;167 cm;Unknown Footedness;Very Weak;Very Weak;0.0;0.0;0.0;0.0;0.0;0.0;0.0;0.0;0.0;0.0;0.0;0.0;0.0;0.0;0.0;0.0;0.0;0.0;0;0;0;0.0;0.0;0.0;0.0;0.0;0.0;0;0.0;0;0;0;0;0.0;0.0;0.0;0.0;0.0;0.0;0;0.0;0;0;0.0;0.0;0.0;0.0;0.0;0.0;0.0;0.0
2002097387;Manuel Mouriño;DM;D (RC), DM;15;Spain;Lugo;Spanish Federation 1A;0;0;-;Scouting Required;Unknown;£50 - £70 p/w;30/6/2028;186 cm;Unknown Footedness;Very Weak;Very Weak;0.0;0.0;0.0;0.0;0.0;0.0;0.0;0.0;0.0;0.0;0.0;0.0;0.0;0.0;0.0;0.0;0.0;0.0;0;0;0;0.0;0.0;0.0;0.0;0.0;0.0;0;0.0;0;0;0;0;0.0;0.0;0.0;0.0;0.0;0.0;0;0.0;0;0;0.0;0.0;0.0;0.0;0.0;0.0;0.0;0.0
67228278;Eric Curbelo;D (C);D (RC), WB (R);30;Spain;Valladolid;Second Division;1 (4);309;6.30;Scouting Required;£170K - £1.7M;£2.8K - £3.9K p/w;30/6/2026;181 cm;Right-Footed;Weak;Very Strong;9.0;11.4;42.2;46.0;4.1;0.6;1.7;0.0;8.7;3.5;1.7;2.6;1.5;3.5;12.6;0.6;11.1;2.6;0;0;0;0.6;2.3;2.9;0.0;0.0;0.0;-0.03;0.0;4;0;0;0;5.2;0.0;2.6;0.6;0.0;0.0;0;1.2;0;0;0.0;0.6;0.0;0.3;0.0;0.3;0.6;0.9
67228471;Lucas Díaz;GK;GK;28;Switzerland;Lugo;Spanish Federation 1A;5 (3);548;6.92;Scouting Required;£10K - £110K;£1.2K - £1.7K p/w;30/6/2026;188 cm;Left-Footed Only;Very Strong;Weak;7.7;4.1;16.1;24.0;0.0;0.0;1.3;0.0;0.0;0.0;0.0;8.5;0.0;0.0;5.5;0.0;0.0;0.0;83;74;0;0.0;0.0;0.0;0.7;0.0;0.0;0;0.0;1;1;1;0;0.0;0.0;0.0;0.0;1.3;0.0;3;1.1;0;0;0.0;0.0;0.1;0.0;0.0;0.0;0.0;0.0
2002097391;Wei Liwei;D (C);D/M (C);15;China;Lugo;Spanish Federation 1A;0;0;-;Scouting Required;Unknown;£55 - £75 p/w;30/6/2028;177 cm;Unknown Footedness;Very Weak;Very Weak;0.0;0.0;0.0;0.0;0.0;0.0;0.0;0.0;0.0;0.0;0.0;0.0;0.0;0.0;0.0;0.0;0.0;0.0;0;0;0;0.0;0.0;0.0;0.0;0.0;0.0;0;0.0;0;0;0;0;0.0;0.0;0.0;0.0;0.0;0.0;0;0.0;0;0;0.0;0.0;0.0;0.0;0.0;0.0;0.0;0.0
2002097393;Rafael Quindimil;DM;DM;15;Spain;Lugo;Spanish Federation 1A;0;0;-;Scouting Required;Unknown;£35 - £55 p/w;30/6/2028;180 cm;Unknown Footedness;Very Weak;Very Weak;0.0;0.0;0.0;0.0;0.0;0.0;0.0;0.0;0.0;0.0;0.0;0.0;0.0;0.0;0.0;0.0;0.0;0.0;0;0;0;0.0;0.0;0.0;0.0;0.0;0.0;0;0.0;0;0;0;0;0.0;0.0;0.0;0.0;0.0;0.0;0;0.0;0;0;0.0;0.0;0.0;0.0;0.0;0.0;0.0;0.0
2002097394;Marc Figueira;AM (L);AM (RL), ST (C);15;Spain;Lugo;Spanish Federation 1A;0;0;-;Scouting Required;Unknown;£35 - £55 p/w;30/6/2028;174 cm;Unknown Footedness;Very Weak;Very Weak;0.0;0.0;0.0;0.0;0.0;0.0;0.0;0.0;0.0;0.0;0.0;0.0;0.0;0.0;0.0;0.0;0.0;0.0;0;0;0;0.0;0.0;0.0;0.0;0.0;0.0;0;0.0;0;0;0;0;0.0;0.0;0.0;0.0;0.0;0.0;0;0.0;0;0;0.0;0.0;0.0;0.0;0.0;0.0;0.0;0.0
2002097395;Bréhima Coulibaly;M (C);D (C), DM, M (C);15;Spain;Lugo;Spanish Federation 1A;0;0;-;Scouting Required;Unknown;£40 - £55 p/w;30/6/2028;177 cm;Unknown Footedness;Very Weak;Very Weak;0.0;0.0;0.0;0.0;0.0;0.0;0.0;0.0;0.0;0.0;0.0;0.0;0.0;0.0;0.0;0.0;0.0;0.0;0;0;0;0.0;0.0;0.0;0.0;0.0;0.0;0;0.0;0;0;0;0;0.0;0.0;0.0;0.0;0.0;0.0;0;0.0;0;0;0.0;0.0;0.0;0.0;0.0;0.0;0.0;0.0
2002097771;José María Fuentes;GK;GK;15;Spain;Cartagena;Second Division;0;0;-;Scouting Required;Unknown;£35 - £55 p/w;30/6/2028;191 cm;Unknown Footedness;Very Weak;Very Weak;0.0;0.0;0.0;0.0;0.0;0.0;0.0;0.0;0.0;0.0;0.0;0.0;0.0;0.0;0.0;0.0;0.0;0.0;0;0;0;0.0;0.0;0.0;0.0;0.0;0.0;0;0.0;0;0;0;0;0.0;0.0;0.0;0.0;0.0;0.0;0;0.0;0;0;0.0;0.0;0.0;0.0;0.0;0.0;0.0;0.0
67228752;Carlos Isaac;D (R);D/WB (R);26;Spain;Albacete;Second Division;6 (9);643;6.81;Scouting Required;£130K - £1.3M;£2.2K - £3.1K p/w;30/6/2025;184 cm;Right-Footed;Reasonable;Very Strong;11.2;14.7;40.9;45.3;5.3;1.1;1.0;0.0;9.1;3.4;0.6;1.5;1.3;3.2;13.0;1.7;17.2;3.2;0;0;0;0.4;2.1;3.1;0.0;0.0;0.2;-1.22;0.2;8;11;3;0;5.2;0.4;3.4;0.4;0.0;0.0;0;1.7;0;0;0.0;1.5;0.0;0.1;0.1;1.0;0.1;0.7
2002097777;Justo García;AM (C);AM (LC), ST (C);16;Spain;Cartagena;Second Division;1 (10);0;-;Scouting Required;£120K - £425K;£40 - £60 p/w;30/6/2028;170 cm;Left-Footed;Very Strong;Reasonable;0.0;0.0;0.0;0.0;0.0;0.0;0.0;0.0;0.0;0.0;0.0;0.0;0.0;0.0;0.0;0.0;0.0;0.0;0;0;0;0.0;0.0;0.0;0.0;0.0;0.0;0;0.0;0;0;0;0;0.0;0.0;0.0;0.0;0.0;0.0;0;0.0;0;0;0.0;0.0;0.0;0.0;0.0;0.0;0.0;0.0
2002097778;Adrián Pérez García;D (C);D (LC), DM;16;Spain;Cartagena;Second Division;0;0;-;Scouting Required;£35K - £350K;£45 - £60 p/w;30/6/2028;199 cm;Right-Footed;Fairly Strong;Very Strong;0.0;0.0;0.0;0.0;0.0;0.0;0.0;0.0;0.0;0.0;0.0;0.0;0.0;0.0;0.0;0.0;0.0;0.0;0;0;0;0.0;0.0;0.0;0.0;0.0;0.0;0;0.0;0;0;0;0;0.0;0.0;0.0;0.0;0.0;0.0;0;0.0;0;0;0.0;0.0;0.0;0.0;0.0;0.0;0.0;0.0
2002097779;David;AM (R);M/AM (R);15;Spain;Cartagena;Second Division;0;0;-;Scouting Required;£14K - £130K;£45 - £65 p/w;30/6/2028;168 cm;Right-Footed;Weak;Very Strong;0.0;0.0;0.0;0.0;0.0;0.0;0.0;0.0;0.0;0.0;0.0;0.0;0.0;0.0;0.0;0.0;0.0;0.0;0;0;0;0.0;0.0;0.0;0.0;0.0;0.0;0;0.0;0;0;0;0;0.0;0.0;0.0;0.0;0.0;0.0;0;0.0;0;0;0.0;0.0;0.0;0.0;0.0;0.0;0.0;0.0
67228780;José Carlos;D (L);D/WB/M (L);27;Spain;Real Irún;Spanish Federation 1A;4 (2);373;6.38;Scouting Required;£0;£320 - £440 p/w;30/6/2024;179 cm;Left-Footed;Very Strong;Weak;16.2;7.2;36.0;45.1;4.6;0.7;1.2;0.0;6.5;2.7;0.7;1.7;1.7;3.4;13.9;1.7;15.0;3.6;0;0;0;0.7;2.2;1.7;0.0;0.0;0.0;0;0.0;4;2;0;0;3.9;0.2;3.6;0.7;0.0;0.0;0;0.7;0;0;0.0;0.7;0.0;0.0;0.0;0.0;0.0;0.0
67228804;Diego Fuoli;GK;GK;26;Spain;San Fernando;Spanish Federation 1B;36;3240;6.79;Scouting Required;£90K - £900K;£1K - £1.5K p/w;30/6/2026;188 cm;Left-Footed;Very Strong;Reasonable;11.0;3.2;5.5;13.4;0.7;0.0;1.2;0.0;0.0;0.0;0.0;9.0;0.1;0.0;4.1;0.0;0.0;0.0;84;74;0;0.0;0.0;0.0;0.3;0.0;0.0;0;0.0;1;0;1;0;0.0;0.0;0.0;0.0;1.2;0.0;2;1.3;0;0;0.0;0.0;-0.1;0.0;0.0;0.0;0.0;0.0
67229236;Amin;AM (C);AM (C);27;Spain;Murcia;Spanish Federation 1B;4 (7);511;6.68;Scouting Required;£0;£260 - £380 p/w;30/6/2024;181 cm;Right-Footed;Weak;Very Strong;10.6;3.9;29.6;34.7;1.1;0.7;1.8;0.0;12.0;2.5;0.9;1.4;0.9;1.1;13.7;2.6;10.6;1.2;0;0;0;0.2;3.5;1.4;0.0;0.0;0.2;0.1;0.2;5;9;1;0;4.9;0.0;1.2;0.2;0.0;0.2;0;1.2;0;1;0.2;0.7;0.0;0.4;0.4;1.2;0.0;0.4
2002097781;Carlos Silva;AM (R);M (C), AM (RC);15;Angola;Cartagena;Second Division;0;0;-;Scouting Required;Unknown;£45 - £65 p/w;30/6/2028;178 cm;Unknown Footedness;Very Weak;Very Weak;0.0;0.0;0.0;0.0;0.0;0.0;0.0;0.0;0.0;0.0;0.0;0.0;0.0;0.0;0.0;0.0;0.0;0.0;0;0;0;0.0;0.0;0.0;0.0;0.0;0.0;0;0.0;0;0;0;0;0.0;0.0;0.0;0.0;0.0;0.0;0;0.0;0;0;0.0;0.0;0.0;0.0;0.0;0.0;0.0;0.0
2002097791;Gheorghe Androne;AM (L);AM (L), ST (C);15;Romania;Sabadell;Spanish Federation 1A;0;0;-;Scouting Required;Unknown;£35 - £55 p/w;30/6/2028;174 cm;Unknown Footedness;Very Weak;Very Weak;0.0;0.0;0.0;0.0;0.0;0.0;0.0;0.0;0.0;0.0;0.0;0.0;0.0;0.0;0.0;0.0;0.0;0.0;0;0;0;0.0;0.0;0.0;0.0;0.0;0.0;0;0.0;0;0;0;0;0.0;0.0;0.0;0.0;0.0;0.0;0;0.0;0;0;0.0;0.0;0.0;0.0;0.0;0.0;0.0;0.0
2002097794;Andreu Rosanas;AM (C);AM (RLC);15;Spain;Sabadell;Spanish Federation 1A;0;0;-;Scouting Required;£35K - £350K;£40 - £55 p/w;30/6/2028;177 cm;Right-Footed;Fairly Strong;Very Strong;0.0;0.0;0.0;0.0;0.0;0.0;0.0;0.0;0.0;0.0;0.0;0.0;0.0;0.0;0.0;0.0;0.0;0.0;0;0;0;0.0;0.0;0.0;0.0;0.0;0.0;0;0.0;0;0;0;0;0.0;0.0;0.0;0.0;0.0;0.0;0;0.0;0;0;0.0;0.0;0.0;0.0;0.0;0.0;0.0;0.0
2002097804;Mariano Sanz;AM (L);AM (L), ST (C);15;Spain;Murcia;Spanish Federation 1B;0;0;-;Scouting Required;£24K - £230K;£50 - £65 p/w;30/6/2028;185 cm;Right-Footed;Weak;Very Strong;0.0;0.0;0.0;0.0;0.0;0.0;0.0;0.0;0.0;0.0;0.0;0.0;0.0;0.0;0.0;0.0;0.0;0.0;0;0;0;0.0;0.0;0.0;0.0;0.0;0.0;0;0.0;0;0;0;0;0.0;0.0;0.0;0.0;0.0;0.0;0;0.0;0;0;0.0;0.0;0.0;0.0;0.0;0.0;0.0;0.0
67231887;Jannyck Buyla;M (C);M (C);25;Spain;Linares;Spanish Federation 1B;3 (5);257;6.88;Fringe Player;£4K - £40K;£650 - £750 p/w;30/6/2025;181 cm;Right-Footed;Weak;Very Strong;11.6;6.0;69.7;78.8;3.2;1.1;0.0;0.0;10.9;2.1;0.0;0.0;1.4;2.5;13.4;1.8;8.8;1.1;0;0;0;0.4;1.8;1.8;0.0;0.1;0.0;0;0.0;4;2;1;0;3.5;0.0;1.1;0.4;0.0;0.0;0;2.5;0;2;0.0;1.1;0.0;0.0;0.0;0.0;0.4;0.0
2002097809;Kamal Lahlou;AM (L);AM (LC), ST (C);15;Morocco;Murcia;Spanish Federation 1B;0;0;-;Scouting Required;£95K - £350K;£55 - £70 p/w;30/6/2028;183 cm;Left-Footed;Very Strong;Reasonable;0.0;0.0;0.0;0.0;0.0;0.0;0.0;0.0;0.0;0.0;0.0;0.0;0.0;0.0;0.0;0.0;0.0;0.0;0;0;0;0.0;0.0;0.0;0.0;0.0;0.0;0;0.0;0;0;0;0;0.0;0.0;0.0;0.0;0.0;0.0;0;0.0;0;0;0.0;0.0;0.0;0.0;0.0;0.0;0.0;0.0
2002097811;Omar;AM (R);D/WB/AM (R);15;Pays Basque;Murcia;Spanish Federation 1B;0;0;-;Scouting Required;£5K - £50K;£55 - £75 p/w;30/6/2028;179 cm;Right-Footed;Fairly Strong;Very Strong;0.0;0.0;0.0;0.0;0.0;0.0;0.0;0.0;0.0;0.0;0.0;0.0;0.0;0.0;0.0;0.0;0.0;0.0;0;0;0;0.0;0.0;0.0;0.0;0.0;0.0;0;0.0;0;0;0;0;0.0;0.0;0.0;0.0;0.0;0.0;0;0.0;0;0;0.0;0.0;0.0;0.0;0.0;0.0;0.0;0.0
2002097878;Francisco Serrano;M (C);DM, M (LC);15;Spain;Teruel;Spanish Federation 1A;0;0;-;Scouting Required;£30K - £300K;£40 - £55 p/w;30/6/2028;181 cm;Left-Footed;Very Strong;Reasonable;0.0;0.0;0.0;0.0;0.0;0.0;0.0;0.0;0.0;0.0;0.0;0.0;0.0;0.0;0.0;0.0;0.0;0.0;0;0;0;0.0;0.0;0.0;0.0;0.0;0.0;0;0.0;0;0;0;0;0.0;0.0;0.0;0.0;0.0;0.0;0;0.0;0;0;0.0;0.0;0.0;0.0;0.0;0.0;0.0;0.0
67232754;Germán;D (C);D (RC);27;Spain;Arenteiro;Spanish Federation 1A;0 (2);104;6.55;Scouting Required;£0;N/A;30/6/2028;190 cm;Right-Footed Only;Weak;Very Strong;4.3;8.7;40.7;51.9;4.3;0.9;0.9;0.0;1.7;0.9;1.7;1.7;2.6;0.9;12.7;0.0;6.9;0.0;0;0;0;0.0;3.5;4.3;0.0;0.0;0.0;0;0.0;0;0;0;0;7.8;0.0;0.0;0.0;0.0;0.0;0;1.7;0;0;0.0;0.9;0.0;0.0;0.0;0.0;0.9;1.7
67232849;Álvaro Arnedo;M (C);DM, M (C);28;Spain;R. Majadahonda;Spanish Federation 1A;0 (1);11;-;Scouting Required;£0;£675 - £950 p/w;30/6/2024;178 cm;Right-Footed;Reasonable;Very Strong;0.0;0.0;0.0;0.0;0.0;0.0;0.0;0.0;0.0;0.0;0.0;0.0;0.0;0.0;0.0;0.0;0.0;0.0;0;0;0;0.0;0.0;0.0;0.0;0.0;0.0;0;0.0;0;0;0;0;0.0;0.0;0.0;0.0;0.0;0.0;0;0.0;0;0;0.0;0.0;0.0;0.0;0.0;0.0;0.0;0.0
67233033;Diego García;GK;GK;29;Spain;Arenteiro;Spanish Federation 1A;34;2781;6.79;Scouting Required;£0;£270 - £380 p/w;30/6/2024;177 cm;Right-Footed Only;Weak;Very Strong;8.0;3.3;11.0;21.7;0.2;0.0;1.0;0.0;0.0;0.0;0.0;8.3;0.0;0.0;5.2;0.0;0.0;0.0;86;78;0;0.0;0.0;0.0;0.4;0.0;0.0;0;0.0;1;11;1;0;0.0;0.0;0.0;0.0;1.0;0.0;3;0.9;1;0;0.0;0.0;0.4;0.0;0.0;0.0;0.0;0.0
2002097879;Álex Bustamante;M (L);M (LC), AM (L);15;Spain;Teruel;Spanish Federation 1A;0;0;-;Scouting Required;£7K - £75K;£40 - £60 p/w;30/6/2028;172 cm;Left-Footed;Very Strong;Reasonable;0.0;0.0;0.0;0.0;0.0;0.0;0.0;0.0;0.0;0.0;0.0;0.0;0.0;0.0;0.0;0.0;0.0;0.0;0;0;0;0.0;0.0;0.0;0.0;0.0;0.0;0;0.0;0;0;0;0;0.0;0.0;0.0;0.0;0.0;0.0;0;0.0;0;0;0.0;0.0;0.0;0.0;0.0;0.0;0.0;0.0
2002097882;Héctor Muñoz;D (C);D (C), DM, M (C);16;Spain;Teruel;Spanish Federation 1A;0;0;-;Scouting Required;£18K - £170K;£40 - £60 p/w;30/6/2028;198 cm;Right-Footed;Fairly Strong;Very Strong;0.0;0.0;0.0;0.0;0.0;0.0;0.0;0.0;0.0;0.0;0.0;0.0;0.0;0.0;0.0;0.0;0.0;0.0;0;0;0;0.0;0.0;0.0;0.0;0.0;0.0;0;0.0;0;0;0;0;0.0;0.0;0.0;0.0;0.0;0.0;0;0.0;0;0;0.0;0.0;0.0;0.0;0.0;0.0;0.0;0.0
2002097883;Daniel Vera;AM (R);M/AM (R), ST (C);16;Spain;Teruel;Spanish Federation 1A;10 (16);0;-;Scouting Required;£7K - £75K;£45 - £60 p/w;30/6/2028;177 cm;Right-Footed;Fairly Strong;Very Strong;0.0;0.0;0.0;0.0;0.0;0.0;0.0;0.0;0.0;0.0;0.0;0.0;0.0;0.0;0.0;0.0;0.0;0.0;0;0;0;0.0;0.0;0.0;0.0;0.0;0.0;0;0.0;0;0;0;0;0.0;0.0;0.0;0.0;0.0;0.0;0;0.0;0;0;0.0;0.0;0.0;0.0;0.0;0.0;0.0;0.0
2002097886;Daniel;D (L);D (RL);16;Spain;Teruel;Spanish Federation 1A;0;0;-;Scouting Required;£12K - £120K;£45 - £65 p/w;30/6/2028;157 cm;Right-Footed;Reasonable;Very Strong;0.0;0.0;0.0;0.0;0.0;0.0;0.0;0.0;0.0;0.0;0.0;0.0;0.0;0.0;0.0;0.0;0.0;0.0;0;0;0;0.0;0.0;0.0;0.0;0.0;0.0;0;0.0;0;0;0;0;0.0;0.0;0.0;0.0;0.0;0.0;0;0.0;0;0;0.0;0.0;0.0;0.0;0.0;0.0;0.0;0.0
2002098069;Samuel Bilbao;GK;GK;16;Spain;Burgos;Second Division;1 (1);160;6.50;Scouting Required;Unknown;£40 - £60 p/w;30/6/2028;181 cm;Unknown Footedness;Very Weak;Very Weak;10.7;1.1;10.1;20.8;0.0;0.0;1.7;0.0;0.0;0.0;0.0;7.9;0.0;0.0;5.1;0.0;0.0;0.0;89;62;0;0.0;0.0;0.0;0.6;0.0;0.0;0;0.0;1;0;1;0;0.0;0.0;0.0;0.0;1.7;0.0;2;0.6;0;0;0.0;0.0;-0.7;0.0;0.0;0.0;0.0;0.0
2002098071;Johnson Okafor;AM (L);AM (RLC), ST (C);15;Spain;Burgos;Second Division;2 (24);0;-;Scouting Required;Unknown;£40 - £60 p/w;30/6/2028;178 cm;Unknown Footedness;Very Weak;Very Weak;0.0;0.0;0.0;0.0;0.0;0.0;0.0;0.0;0.0;0.0;0.0;0.0;0.0;0.0;0.0;0.0;0.0;0.0;0;0;0;0.0;0.0;0.0;0.0;0.0;0.0;0;0.0;0;0;0;0;0.0;0.0;0.0;0.0;0.0;0.0;0;0.0;0;0;0.0;0.0;0.0;0.0;0.0;0.0;0.0;0.0
67238454;Mario Soberón;ST (C);ST (C);27;Spain;Eldense;Second Division;0 (12);239;6.40;Scouting Required;£0;£1.4K - £1.9K p/w;30/6/2024;175 cm;Right-Footed;Fairly Strong;Very Strong;18.1;0.4;18.1;22.6;0.8;0.0;1.9;0.0;7.2;1.9;0.0;0.4;1.5;2.3;12.3;0.8;7.2;1.1;0;0;0;0.0;7.5;1.5;0.0;0.0;0.3;-0.79;0.3;3;6;0;1;9.0;0.0;1.1;0.0;0.0;0.0;0;0.8;0;1;0.0;0.0;0.0;0.4;2.3;3.0;0.0;0.0
2002098078;Jorge Díez;D (L);D/WB (L);15;Spain;Burgos;Second Division;0;0;-;Scouting Required;Unknown;£50 - £70 p/w;30/6/2028;181 cm;Unknown Footedness;Very Weak;Very Weak;0.0;0.0;0.0;0.0;0.0;0.0;0.0;0.0;0.0;0.0;0.0;0.0;0.0;0.0;0.0;0.0;0.0;0.0;0;0;0;0.0;0.0;0.0;0.0;0.0;0.0;0;0.0;0;0;0;0;0.0;0.0;0.0;0.0;0.0;0.0;0;0.0;0;0;0.0;0.0;0.0;0.0;0.0;0.0;0.0;0.0
2002098082;Jesús;D (C);D (RC);15;Spain;Burgos;Second Division;0;0;-;Scouting Required;Unknown;£55 - £70 p/w;30/6/2028;188 cm;Unknown Footedness;Very Weak;Very Weak;0.0;0.0;0.0;0.0;0.0;0.0;0.0;0.0;0.0;0.0;0.0;0.0;0.0;0.0;0.0;0.0;0.0;0.0;0;0;0;0.0;0.0;0.0;0.0;0.0;0.0;0;0.0;0;0;0;0;0.0;0.0;0.0;0.0;0.0;0.0;0;0.0;0;0;0.0;0.0;0.0;0.0;0.0;0.0;0.0;0.0
2002098083;Alejandro Arroyo;GK;GK;15;Spain;Ibiza;Spanish Federation 1B;1 (10);0;-;Scouting Required;£4.5K - £45K;£55 - £75 p/w;30/6/2028;189 cm;Right-Footed;Strong;Very Strong;0.0;0.0;0.0;0.0;0.0;0.0;0.0;0.0;0.0;0.0;0.0;0.0;0.0;0.0;0.0;0.0;0.0;0.0;0;0;0;0.0;0.0;0.0;0.0;0.0;0.0;0;0.0;0;0;0;0;0.0;0.0;0.0;0.0;0.0;0.0;0;0.0;0;0;0.0;0.0;0.0;0.0;0.0;0.0;0.0;0.0
2002098084;Daniel;M (C);DM, M/AM (C);16;Spain;Ibiza;Spanish Federation 1B;0;0;-;Scouting Required;£0 - £65K;£55 - £75 p/w;30/6/2028;176 cm;Right-Footed;Reasonable;Very Strong;0.0;0.0;0.0;0.0;0.0;0.0;0.0;0.0;0.0;0.0;0.0;0.0;0.0;0.0;0.0;0.0;0.0;0.0;0;0;0;0.0;0.0;0.0;0.0;0.0;0.0;0;0.0;0;0;0;0;0.0;0.0;0.0;0.0;0.0;0.0;0;0.0;0;0;0.0;0.0;0.0;0.0;0.0;0.0;0.0;0.0
2002098086;Elad Nahum;DM;D (RC), DM, M (C);16;England;Ibiza;Spanish Federation 1B;0;0;-;Scouting Required;Unknown;£35 - £55 p/w;30/6/2028;187 cm;Unknown Footedness;Very Weak;Very Weak;0.0;0.0;0.0;0.0;0.0;0.0;0.0;0.0;0.0;0.0;0.0;0.0;0.0;0.0;0.0;0.0;0.0;0.0;0;0;0;0.0;0.0;0.0;0.0;0.0;0.0;0;0.0;0;0;0;0;0.0;0.0;0.0;0.0;0.0;0.0;0;0.0;0;0;0.0;0.0;0.0;0.0;0.0;0.0;0.0;0.0
2002098088;Ángel;WB (R);WB (R);16;Spain;Ibiza;Spanish Federation 1B;0;0;-;Scouting Required;£0 - £85K;£40 - £55 p/w;30/6/2028;170 cm;Right-Footed;Weak;Very Strong;0.0;0.0;0.0;0.0;0.0;0.0;0.0;0.0;0.0;0.0;0.0;0.0;0.0;0.0;0.0;0.0;0.0;0.0;0;0;0;0.0;0.0;0.0;0.0;0.0;0.0;0;0.0;0;0;0;0;0.0;0.0;0.0;0.0;0.0;0.0;0;0.0;0;0;0.0;0.0;0.0;0.0;0.0;0.0;0.0;0.0
2002098091;Adolfo Monedero;DM;D (C), DM;15;Spain;Ibiza;Spanish Federation 1B;0;0;-;Scouting Required;£4K - £40K;£40 - £60 p/w;30/6/2028;176 cm;Right-Footed;Reasonable;Very Strong;0.0;0.0;0.0;0.0;0.0;0.0;0.0;0.0;0.0;0.0;0.0;0.0;0.0;0.0;0.0;0.0;0.0;0.0;0;0;0;0.0;0.0;0.0;0.0;0.0;0.0;0;0.0;0;0;0;0;0.0;0.0;0.0;0.0;0.0;0.0;0;0.0;0;0;0.0;0.0;0.0;0.0;0.0;0.0;0.0;0.0
67243316;Fran Gámez;D (R);D/WB (R);32;Spain;Zaragoza;Second Division;3 (5);328;6.78;Fringe Player;£65K - £650K;£2.4K - £2.9K p/w;30/6/2026;174 cm;Right-Footed;Reasonable;Very Strong;12.6;12.1;39.2;49.1;7.1;0.5;0.8;0.0;8.0;2.5;1.1;2.5;2.2;3.0;12.4;0.8;16.2;1.6;0;0;0;0.0;3.8;1.4;0.0;0.0;0.1;-0.2;0.1;5;3;1;0;5.2;0.0;1.6;0.0;0.0;0.0;0;1.4;0;0;0.0;0.5;0.0;0.0;0.0;0.3;0.5;0.3
2002098092;Sergio Ruíz;AM (R);AM (RC);15;Spain;Ibiza;Spanish Federation 1B;0;0;-;Scouting Required;£45K - £450K;£40 - £60 p/w;30/6/2028;170 cm;Right-Footed;Reasonable;Very Strong;0.0;0.0;0.0;0.0;0.0;0.0;0.0;0.0;0.0;0.0;0.0;0.0;0.0;0.0;0.0;0.0;0.0;0.0;0;0;0;0.0;0.0;0.0;0.0;0.0;0.0;0;0.0;0;0;0;0;0.0;0.0;0.0;0.0;0.0;0.0;0;0.0;0;0;0.0;0.0;0.0;0.0;0.0;0.0;0.0;0.0
2002098096;Avi Biton;D (L);D/WB (L);16;Israel;Ibiza;Spanish Federation 1B;0;0;-;Scouting Required;£0 - £60K;£45 - £65 p/w;30/6/2028;168 cm;Left-Footed;Very Strong;Reasonable;0.0;0.0;0.0;0.0;0.0;0.0;0.0;0.0;0.0;0.0;0.0;0.0;0.0;0.0;0.0;0.0;0.0;0.0;0;0;0;0.0;0.0;0.0;0.0;0.0;0.0;0;0.0;0;0;0;0;0.0;0.0;0.0;0.0;0.0;0.0;0;0.0;0;0;0.0;0.0;0.0;0.0;0.0;0.0;0.0;0.0
2002098098;Corey Diaper;M (R);M (R);16;England;Ibiza;Spanish Federation 1B;0;0;-;Scouting Required;£0 - £55K;£50 - £65 p/w;30/6/2028;169 cm;Right-Footed;Reasonable;Very Strong;0.0;0.0;0.0;0.0;0.0;0.0;0.0;0.0;0.0;0.0;0.0;0.0;0.0;0.0;0.0;0.0;0.0;0.0;0;0;0;0.0;0.0;0.0;0.0;0.0;0.0;0;0.0;0;0;0;0;0.0;0.0;0.0;0.0;0.0;0.0;0;0.0;0;0;0.0;0.0;0.0;0.0;0.0;0.0;0.0;0.0
2002098099;Gabriel da Conceição;GK;GK;15;Qatar;Leonesa;Spanish Federation 1A;0;0;-;Scouting Required;Unknown;£50 - £70 p/w;30/6/2028;190 cm;Unknown Footedness;Very Weak;Very Weak;0.0;0.0;0.0;0.0;0.0;0.0;0.0;0.0;0.0;0.0;0.0;0.0;0.0;0.0;0.0;0.0;0.0;0.0;0;0;0;0.0;0.0;0.0;0.0;0.0;0.0;0;0.0;0;0;0;0;0.0;0.0;0.0;0.0;0.0;0.0;0;0.0;0;0;0.0;0.0;0.0;0.0;0.0;0.0;0.0;0.0
2002098100;Saoud Al-Ali Mubarak;GK;GK;16;Qatar;Leonesa;Spanish Federation 1A;0;0;-;Scouting Required;Unknown;£50 - £70 p/w;30/6/2028;173 cm;Unknown Footedness;Very Weak;Very Weak;0.0;0.0;0.0;0.0;0.0;0.0;0.0;0.0;0.0;0.0;0.0;0.0;0.0;0.0;0.0;0.0;0.0;0.0;0;0;0;0.0;0.0;0.0;0.0;0.0;0.0;0;0.0;0;0;0;0;0.0;0.0;0.0;0.0;0.0;0.0;0;0.0;0;0;0.0;0.0;0.0;0.0;0.0;0.0;0.0;0.0
67245228;Javier Belman;GK;GK;25;Spain;Fuenlabrada;Spanish Federation 1A;37;3184;6.78;Scouting Required;£170K - £1.7M;£2.5K - £3.5K p/w;30/6/2025;184 cm;Right-Footed;Reasonable;Very Strong;6.7;4.1;13.5;20.5;0.1;0.0;1.1;0.0;0.0;0.0;0.0;6.9;0.1;0.0;5.6;0.0;0.0;0.0;88;75;0;0.0;0.0;0.0;0.3;0.0;0.0;0;0.0;0;15;0;0;0.0;0.0;0.0;0.0;1.1;0.0;3;1.2;0;0;0.0;0.0;0.2;0.0;0.0;0.0;0.0;0.0
2002098101;Mouhamadou Mboup;D (C);D (C), DM;15;Senegal;Leonesa;Spanish Federation 1A;0;0;-;Scouting Required;Unknown;£50 - £70 p/w;30/6/2028;185 cm;Unknown Footedness;Very Weak;Very Weak;0.0;0.0;0.0;0.0;0.0;0.0;0.0;0.0;0.0;0.0;0.0;0.0;0.0;0.0;0.0;0.0;0.0;0.0;0;0;0;0.0;0.0;0.0;0.0;0.0;0.0;0;0.0;0;0;0;0;0.0;0.0;0.0;0.0;0.0;0.0;0;0.0;0;0;0.0;0.0;0.0;0.0;0.0;0.0;0.0;0.0
2002098102;Henry Murillo;M (L);M (L);16;Colombia;Leonesa;Spanish Federation 1A;0;0;-;Scouting Required;Unknown;£50 - £70 p/w;30/6/2028;188 cm;Unknown Footedness;Very Weak;Very Weak;0.0;0.0;0.0;0.0;0.0;0.0;0.0;0.0;0.0;0.0;0.0;0.0;0.0;0.0;0.0;0.0;0.0;0.0;0;0;0;0.0;0.0;0.0;0.0;0.0;0.0;0;0.0;0;0;0;0;0.0;0.0;0.0;0.0;0.0;0.0;0;0.0;0;0;0.0;0.0;0.0;0.0;0.0;0.0;0.0;0.0
2002098103;Alberto Recio;M (C);M (C);15;Spain;Leonesa;Spanish Federation 1A;18 (4);0;-;Scouting Required;Unknown;£55 - £70 p/w;30/6/2028;170 cm;Unknown Footedness;Very Weak;Very Weak;0.0;0.0;0.0;0.0;0.0;0.0;0.0;0.0;0.0;0.0;0.0;0.0;0.0;0.0;0.0;0.0;0.0;0.0;0;0;0;0.0;0.0;0.0;0.0;0.0;0.0;0;0.0;0;0;0;0;0.0;0.0;0.0;0.0;0.0;0.0;0;0.0;0;0;0.0;0.0;0.0;0.0;0.0;0.0;0.0;0.0
2002098104;Raúl;AM (C);M (RC), AM (C);16;Spain;Leonesa;Spanish Federation 1A;0;0;-;Scouting Required;Unknown;£55 - £75 p/w;30/6/2028;175 cm;Unknown Footedness;Very Weak;Very Weak;0.0;0.0;0.0;0.0;0.0;0.0;0.0;0.0;0.0;0.0;0.0;0.0;0.0;0.0;0.0;0.0;0.0;0.0;0;0;0;0.0;0.0;0.0;0.0;0.0;0.0;0;0.0;0;0;0;0;0.0;0.0;0.0;0.0;0.0;0.0;0;0.0;0;0;0.0;0.0;0.0;0.0;0.0;0.0;0.0;0.0
2002098105;Alexandre Vázquez;ST (C);AM (RC), ST (C);15;Spain;Leonesa;Spanish Federation 1A;2 (24);0;-;Scouting Required;Unknown;£55 - £75 p/w;30/6/2028;173 cm;Unknown Footedness;Very Weak;Very Weak;0.0;0.0;0.0;0.0;0.0;0.0;0.0;0.0;0.0;0.0;0.0;0.0;0.0;0.0;0.0;0.0;0.0;0.0;0;0;0;0.0;0.0;0.0;0.0;0.0;0.0;0;0.0;0;0;0;0;0.0;0.0;0.0;0.0;0.0;0.0;0;0.0;0;0;0.0;0.0;0.0;0.0;0.0;0.0;0.0;0.0
2002098106;Xavi;D (C);D (C), DM;16;Spain;Leonesa;Spanish Federation 1A;0;0;-;Scouting Required;Unknown;£35 - £55 p/w;30/6/2028;180 cm;Unknown Footedness;Very Weak;Very Weak;0.0;0.0;0.0;0.0;0.0;0.0;0.0;0.0;0.0;0.0;0.0;0.0;0.0;0.0;0.0;0.0;0.0;0.0;0;0;0;0.0;0.0;0.0;0.0;0.0;0.0;0;0.0;0;0;0;0;0.0;0.0;0.0;0.0;0.0;0.0;0;0.0;0;0;0.0;0.0;0.0;0.0;0.0;0.0;0.0;0.0
2002098107;Gonzalo;DM;DM;16;Spain;Leonesa;Spanish Federation 1A;0;0;-;Scouting Required;Unknown;£35 - £55 p/w;30/6/2028;180 cm;Unknown Footedness;Very Weak;Very Weak;0.0;0.0;0.0;0.0;0.0;0.0;0.0;0.0;0.0;0.0;0.0;0.0;0.0;0.0;0.0;0.0;0.0;0.0;0;0;0;0.0;0.0;0.0;0.0;0.0;0.0;0;0.0;0;0;0;0;0.0;0.0;0.0;0.0;0.0;0.0;0;0.0;0;0;0.0;0.0;0.0;0.0;0.0;0.0;0.0;0.0
2002098108;Carlos Ortega;WB (L);WB (L);15;Spain;Leonesa;Spanish Federation 1A;10 (16);0;-;Scouting Required;Unknown;£35 - £55 p/w;30/6/2028;179 cm;Unknown Footedness;Very Weak;Very Weak;0.0;0.0;0.0;0.0;0.0;0.0;0.0;0.0;0.0;0.0;0.0;0.0;0.0;0.0;0.0;0.0;0.0;0.0;0;0;0;0.0;0.0;0.0;0.0;0.0;0.0;0;0.0;0;0;0;0;0.0;0.0;0.0;0.0;0.0;0.0;0;0.0;0;0;0.0;0.0;0.0;0.0;0.0;0.0;0.0;0.0
2002098109;Álex Cabello;M (C);M (LC), AM (L);16;Spain;Leonesa;Spanish Federation 1A;0;0;-;Scouting Required;Unknown;£40 - £55 p/w;30/6/2028;168 cm;Unknown Footedness;Very Weak;Very Weak;0.0;0.0;0.0;0.0;0.0;0.0;0.0;0.0;0.0;0.0;0.0;0.0;0.0;0.0;0.0;0.0;0.0;0.0;0;0;0;0.0;0.0;0.0;0.0;0.0;0.0;0;0.0;0;0;0;0;0.0;0.0;0.0;0.0;0.0;0.0;0;0.0;0;0;0.0;0.0;0.0;0.0;0.0;0.0;0.0;0.0
2002098110;José Javier Giráldez;M (R);M/AM (R);16;Spain;Leonesa;Spanish Federation 1A;0;0;-;Scouting Required;Unknown;£40 - £60 p/w;30/6/2028;177 cm;Unknown Footedness;Very Weak;Very Weak;0.0;0.0;0.0;0.0;0.0;0.0;0.0;0.0;0.0;0.0;0.0;0.0;0.0;0.0;0.0;0.0;0.0;0.0;0;0;0;0.0;0.0;0.0;0.0;0.0;0.0;0;0.0;0;0;0;0;0.0;0.0;0.0;0.0;0.0;0.0;0;0.0;0;0;0.0;0.0;0.0;0.0;0.0;0.0;0.0;0.0
67246260;Álex Millán;AM (L);AM (L), ST (C);24;Spain;Oviedo;Second Division;0 (4);76;6.50;Scouting Required;£110K - £1.1M;£1.7K - £2.6K p/w;30/6/2025;185 cm;Right-Footed;Reasonable;Very Strong;28.4;0.0;21.3;24.9;1.2;0.0;1.2;0.0;5.9;3.6;0.0;0.0;0.0;1.2;0.0;1.2;5.9;1.2;0;0;0;0.0;4.7;2.4;0.0;0.0;0.6;-0.53;0.6;1;0;0;0;7.1;0.0;1.2;0.0;0.0;0.0;0;0.0;0;1;0.0;0.0;0.0;0.0;1.2;2.4;0.0;0.0
2002098112;Andrés Cortés;D (C);D (LC);16;Spain;Leonesa;Spanish Federation 1A;0;0;-;Scouting Required;Unknown;£40 - £60 p/w;30/6/2028;190 cm;Unknown Footedness;Very Weak;Very Weak;0.0;0.0;0.0;0.0;0.0;0.0;0.0;0.0;0.0;0.0;0.0;0.0;0.0;0.0;0.0;0.0;0.0;0.0;0;0;0;0.0;0.0;0.0;0.0;0.0;0.0;0;0.0;0;0;0;0;0.0;0.0;0.0;0.0;0.0;0.0;0;0.0;0;0;0.0;0.0;0.0;0.0;0.0;0.0;0.0;0.0
67246345;Emilio Bernad;GK;GK;24;Spain;Ferrol;Second Division;0;0;-;Scouting Required;£100K - £375K;£950 - £1.4K p/w;30/6/2026;184 cm;Right-Footed;Weak;Very Strong;0.0;0.0;0.0;0.0;0.0;0.0;0.0;0.0;0.0;0.0;0.0;0.0;0.0;0.0;0.0;0.0;0.0;0.0;0;0;0;0.0;0.0;0.0;0.0;0.0;0.0;0;0.0;0;0;0;0;0.0;0.0;0.0;0.0;0.0;0.0;0;0.0;0;0;0.0;0.0;0.0;0.0;0.0;0.0;0.0;0.0
2002098350;Ángel García Muñoz;GK;GK;16;Spain;Huelva;Spanish Federation 1B;0;0;-;Scouting Required;Unknown;£200 - £280 p/w;30/6/2025;182 cm;Unknown Footedness;Very Weak;Very Weak;0.0;0.0;0.0;0.0;0.0;0.0;0.0;0.0;0.0;0.0;0.0;0.0;0.0;0.0;0.0;0.0;0.0;0.0;0;0;0;0.0;0.0;0.0;0.0;0.0;0.0;0;0.0;0;0;0;0;0.0;0.0;0.0;0.0;0.0;0.0;0;0.0;0;0;0.0;0.0;0.0;0.0;0.0;0.0;0.0;0.0
2002098351;José María Royo;D (L);D (RLC);15;Pays Basque;Huelva;Spanish Federation 1B;0;0;-;Scouting Required;Unknown;£50 - £70 p/w;30/6/2028;182 cm;Unknown Footedness;Very Weak;Very Weak;0.0;0.0;0.0;0.0;0.0;0.0;0.0;0.0;0.0;0.0;0.0;0.0;0.0;0.0;0.0;0.0;0.0;0.0;0;0;0;0.0;0.0;0.0;0.0;0.0;0.0;0;0.0;0;0;0;0;0.0;0.0;0.0;0.0;0.0;0.0;0;0.0;0;0;0.0;0.0;0.0;0.0;0.0;0.0;0.0;0.0
2002098352;David Moreno;ST (C);AM (L), ST (C);15;Spain;Huelva;Spanish Federation 1B;0;0;-;Scouting Required;Unknown;£50 - £70 p/w;30/6/2028;169 cm;Unknown Footedness;Very Weak;Very Weak;0.0;0.0;0.0;0.0;0.0;0.0;0.0;0.0;0.0;0.0;0.0;0.0;0.0;0.0;0.0;0.0;0.0;0.0;0;0;0;0.0;0.0;0.0;0.0;0.0;0.0;0;0.0;0;0;0;0;0.0;0.0;0.0;0.0;0.0;0.0;0;0.0;0;0;0.0;0.0;0.0;0.0;0.0;0.0;0.0;0.0
67246376;Álex Petxarromán;D (R);D (RC), DM;27;Spain;F.C. Andorra;Second Division;1 (17);363;6.68;Scouting Required;£65K - £650K;£1.4K - £2K p/w;30/6/2025;178 cm;Right-Footed;Fairly Strong;Very Strong;11.9;8.9;48.1;52.6;7.4;0.5;2.5;0.0;8.4;1.7;1.2;1.0;1.7;2.7;13.1;0.7;16.4;2.2;0;0;0;0.2;2.7;2.2;0.0;0.0;0.1;-0.23;0.1;3;3;1;0;5.0;0.2;3.0;0.5;0.0;0.0;0;0.7;0;0;0.0;0.5;0.0;1.2;0.5;1.2;0.0;0.5
67246388;Aitor Aranzabe;M (L);M/AM (L);25;Spain;Sestao;Spanish Federation 1A;30 (1);2327;6.95;Scouting Required;£0;£330 - £490 p/w;30/6/2024;175 cm;Right-Footed;Reasonable;Very Strong;19.9;2.9;25.4;30.8;2.0;1.5;1.4;0.0;12.0;3.8;0.3;1.2;1.5;2.0;12.4;2.8;12.8;3.9;0;0;0;0.6;5.1;1.5;0.0;0.0;0.1;3.39;0.1;31;36;5;0;6.6;0.1;3.9;0.6;0.0;0.2;0;1.1;0;6;0.1;1.5;0.0;0.6;0.3;1.3;0.0;0.0
67246389;Aritz Arambarri;D (C);D (C);26;Spain;Leganés;Second Division;2 (3);268;6.80;Scouting Required;£210K - £750K;£1.5K - £2.3K p/w;30/6/2025;186 cm;Right-Footed;Reasonable;Very Strong;6.7;11.1;70.5;77.9;11.1;0.3;2.0;0.0;3.0;1.7;0.7;1.3;2.0;1.7;11.0;0.0;4.4;0.0;0;0;0;0.0;2.7;2.4;0.0;0.0;0.0;0;0.0;0;0;0;0;5.0;0.0;0.0;0.0;0.0;0.0;0;1.7;0;0;0.0;0.3;0.0;0.0;0.0;0.0;0.7;0.7
2002098353;Abel;AM (C);AM (C), ST (C);16;Spain;Huelva;Spanish Federation 1B;0;0;-;Scouting Required;Unknown;£180 - £250 p/w;30/6/2025;178 cm;Unknown Footedness;Very Weak;Very Weak;0.0;0.0;0.0;0.0;0.0;0.0;0.0;0.0;0.0;0.0;0.0;0.0;0.0;0.0;0.0;0.0;0.0;0.0;0;0;0;0.0;0.0;0.0;0.0;0.0;0.0;0;0.0;0;0;0;0;0.0;0.0;0.0;0.0;0.0;0.0;0;0.0;0;0;0.0;0.0;0.0;0.0;0.0;0.0;0.0;0.0
2002098354;Miguel Miñambres;M (C);M (C), AM (RC);16;Spain;Huelva;Spanish Federation 1B;0;0;-;Scouting Required;Unknown;£50 - £70 p/w;30/6/2028;174 cm;Unknown Footedness;Very Weak;Very Weak;0.0;0.0;0.0;0.0;0.0;0.0;0.0;0.0;0.0;0.0;0.0;0.0;0.0;0.0;0.0;0.0;0.0;0.0;0;0;0;0.0;0.0;0.0;0.0;0.0;0.0;0;0.0;0;0;0;0;0.0;0.0;0.0;0.0;0.0;0.0;0;0.0;0;0;0.0;0.0;0.0;0.0;0.0;0.0;0.0;0.0
2002098355;Ramón;AM (L);D/M/AM (L);15;Spain;Huelva;Spanish Federation 1B;0;0;-;Scouting Required;Unknown;£55 - £70 p/w;30/6/2028;183 cm;Unknown Footedness;Very Weak;Very Weak;0.0;0.0;0.0;0.0;0.0;0.0;0.0;0.0;0.0;0.0;0.0;0.0;0.0;0.0;0.0;0.0;0.0;0.0;0;0;0;0.0;0.0;0.0;0.0;0.0;0.0;0;0.0;0;0;0;0;0.0;0.0;0.0;0.0;0.0;0.0;0;0.0;0;0;0.0;0.0;0.0;0.0;0.0;0.0;0.0;0.0
2002098356;Rafa Rubio;D (C);D (LC), WB (L);16;Spain;Huelva;Spanish Federation 1B;0 (12);0;-;Scouting Required;Unknown;£55 - £75 p/w;30/6/2028;191 cm;Unknown Footedness;Very Weak;Very Weak;0.0;0.0;0.0;0.0;0.0;0.0;0.0;0.0;0.0;0.0;0.0;0.0;0.0;0.0;0.0;0.0;0.0;0.0;0;0;0;0.0;0.0;0.0;0.0;0.0;0.0;0;0.0;0;0;0;0;0.0;0.0;0.0;0.0;0.0;0.0;0;0.0;0;0;0.0;0.0;0.0;0.0;0.0;0.0;0.0;0.0
2002098357;Arturo Mora;M (C);DM, M/AM (C);15;Spain;Huelva;Spanish Federation 1B;0;0;-;Scouting Required;Unknown;£55 - £75 p/w;30/6/2028;172 cm;Unknown Footedness;Very Weak;Very Weak;0.0;0.0;0.0;0.0;0.0;0.0;0.0;0.0;0.0;0.0;0.0;0.0;0.0;0.0;0.0;0.0;0.0;0.0;0;0;0;0.0;0.0;0.0;0.0;0.0;0.0;0;0.0;0;0;0;0;0.0;0.0;0.0;0.0;0.0;0.0;0;0.0;0;0;0.0;0.0;0.0;0.0;0.0;0.0;0.0;0.0
2002098358;Richard Ramírez;DM;DM;15;Spain;Huelva;Spanish Federation 1B;18 (4);0;-;Scouting Required;Unknown;£35 - £55 p/w;30/6/2028;173 cm;Unknown Footedness;Very Weak;Very Weak;0.0;0.0;0.0;0.0;0.0;0.0;0.0;0.0;0.0;0.0;0.0;0.0;0.0;0.0;0.0;0.0;0.0;0.0;0;0;0;0.0;0.0;0.0;0.0;0.0;0.0;0;0.0;0;0;0;0;0.0;0.0;0.0;0.0;0.0;0.0;0;0.0;0;0;0.0;0.0;0.0;0.0;0.0;0.0;0.0;0.0
2002098359;Cristóbal;AM (C);AM (LC), ST (C);16;Spain;Huelva;Spanish Federation 1B;0;0;-;Scouting Required;Unknown;£120 - £180 p/w;30/6/2025;172 cm;Unknown Footedness;Very Weak;Very Weak;0.0;0.0;0.0;0.0;0.0;0.0;0.0;0.0;0.0;0.0;0.0;0.0;0.0;0.0;0.0;0.0;0.0;0.0;0;0;0;0.0;0.0;0.0;0.0;0.0;0.0;0;0.0;0;0;0;0;0.0;0.0;0.0;0.0;0.0;0.0;0;0.0;0;0;0.0;0.0;0.0;0.0;0.0;0.0;0.0;0.0
67248300;Álex Escardó;AM (L);AM (RLC), ST (C);26;Spain;Sanluqueño;Spanish Federation 1B;0 (3);28;6.50;Scouting Required;£0;£240 - £350 p/w;30/6/2024;176 cm;Right-Footed;Reasonable;Very Strong;0.0;0.0;0.0;0.0;0.0;0.0;0.0;0.0;0.0;0.0;0.0;0.0;0.0;0.0;0.0;0.0;0.0;0.0;0;0;0;0.0;0.0;0.0;0.0;0.0;0.0;0;0.0;0;0;0;0;0.0;0.0;0.0;0.0;0.0;0.0;0;0.0;0;0;0.0;0.0;0.0;0.0;0.0;0.0;0.0;0.0
2002098360;Álex Palomares;AM (R);AM (RL);16;Spain;Huelva;Spanish Federation 1B;0;0;-;Scouting Required;Unknown;£35 - £55 p/w;30/6/2028;174 cm;Unknown Footedness;Very Weak;Very Weak;0.0;0.0;0.0;0.0;0.0;0.0;0.0;0.0;0.0;0.0;0.0;0.0;0.0;0.0;0.0;0.0;0.0;0.0;0;0;0;0.0;0.0;0.0;0.0;0.0;0.0;0;0.0;0;0;0;0;0.0;0.0;0.0;0.0;0.0;0.0;0;0.0;0;0;0.0;0.0;0.0;0.0;0.0;0.0;0.0;0.0
67248322;Andoni Zubiaurre;GK;GK;27;Spain;Mirandés;Second Division;0;0;-;B Team Regular;£45K - £425K;£1.4K - £1.6K p/w;30/6/2025;188 cm;Left-Footed;Very Strong;Weak;0.0;0.0;0.0;0.0;0.0;0.0;0.0;0.0;0.0;0.0;0.0;0.0;0.0;0.0;0.0;0.0;0.0;0.0;0;0;0;0.0;0.0;0.0;0.0;0.0;0.0;0;0.0;0;0;0;0;0.0;0.0;0.0;0.0;0.0;0.0;0;0.0;0;0;0.0;0.0;0.0;0.0;0.0;0.0;0.0;0.0
2002098361;Eduardo;AM (R);M/AM (R);16;Spain;Huelva;Spanish Federation 1B;0;0;-;Scouting Required;Unknown;£40 - £55 p/w;30/6/2028;193 cm;Unknown Footedness;Very Weak;Very Weak;0.0;0.0;0.0;0.0;0.0;0.0;0.0;0.0;0.0;0.0;0.0;0.0;0.0;0.0;0.0;0.0;0.0;0.0;0;0;0;0.0;0.0;0.0;0.0;0.0;0.0;0;0.0;0;0;0;0;0.0;0.0;0.0;0.0;0.0;0.0;0;0.0;0;0;0.0;0.0;0.0;0.0;0.0;0.0;0.0;0.0
67248341;Dani Martín;GK;GK;25;Spain;F.C. Andorra;Second Division;38;3420;6.54;First-Choice Goalkeeper;£600K - £1.2M;£7.5K - £8.5K p/w;30/6/2025;187 cm;Right-Footed;Reasonable;Very Strong;8.9;5.0;17.6;24.6;0.1;0.0;1.5;0.0;0.0;0.0;0.0;7.4;0.1;0.0;5.9;0.0;0.0;0.0;86;67;0;0.0;0.0;0.0;0.1;0.0;0.0;0;0.0;1;26;1;0;0.0;0.0;0.0;0.0;1.5;0.0;3;1.1;2;0;0.0;0.0;-0.1;0.0;0.0;0.0;0.0;0.0
2002098362;Lamin Gomez;D (C);D (LC);16;The Gambia;Huelva;Spanish Federation 1B;0;0;-;Scouting Required;Unknown;£40 - £60 p/w;30/6/2028;185 cm;Unknown Footedness;Very Weak;Very Weak;0.0;0.0;0.0;0.0;0.0;0.0;0.0;0.0;0.0;0.0;0.0;0.0;0.0;0.0;0.0;0.0;0.0;0.0;0;0;0;0.0;0.0;0.0;0.0;0.0;0.0;0;0.0;0;0;0;0;0.0;0.0;0.0;0.0;0.0;0.0;0;0.0;0;0;0.0;0.0;0.0;0.0;0.0;0.0;0.0;0.0
67248394;Manu Galán;DM;D (C), DM;26;Spain;Huelva;Spanish Federation 1B;15 (3);1389;6.66;Scouting Required;£0 - £4K;£775 - £1.1K p/w;30/6/2024;182 cm;Right-Footed;Weak;Very Strong;6.3;6.0;49.3;54.2;4.0;0.5;1.6;0.0;8.9;1.7;0.4;2.3;1.6;1.7;13.6;0.2;8.7;0.5;0;0;0;0.2;2.1;1.4;0.0;0.0;0.0;0.65;0.0;21;7;3;0;3.4;0.1;0.5;0.2;0.0;0.1;0;0.8;0;0;0.0;0.5;0.0;0.1;0.1;0.3;0.2;0.2
2002098363;Carlos;AM (R);AM (R), ST (C);16;Spain;Huelva;Spanish Federation 1B;0;0;-;Scouting Required;Unknown;£40 - £60 p/w;30/6/2028;178 cm;Unknown Footedness;Very Weak;Very Weak;0.0;0.0;0.0;0.0;0.0;0.0;0.0;0.0;0.0;0.0;0.0;0.0;0.0;0.0;0.0;0.0;0.0;0.0;0;0;0;0.0;0.0;0.0;0.0;0.0;0.0;0;0.0;0;0;0;0;0.0;0.0;0.0;0.0;0.0;0.0;0;0.0;0;0;0.0;0.0;0.0;0.0;0.0;0.0;0.0;0.0
67248421;Jesús Álvarez;D (C);D (C), DM;24;Spain;Ibiza;Spanish Federation 1B;4 (6);444;6.71;Scouting Required;£120K - £450K;£1.7K - £2.6K p/w;30/6/2025;181 cm;Right-Footed Only;Weak;Very Strong;6.5;12.6;56.8;62.4;5.5;0.0;1.8;0.0;3.4;1.4;0.6;2.4;1.6;1.2;11.4;0.0;4.1;0.0;0;0;0;0.0;2.6;4.7;0.0;0.0;0.1;-0.45;0.1;0;1;0;0;7.3;1.0;0.0;0.0;0.0;0.0;0;1.0;0;0;0.0;0.0;0.0;0.0;0.4;0.8;0.2;0.6
2002098364;Moisés;D (C);D (C), DM, M (C);15;Spain;Huelva;Spanish Federation 1B;0;0;-;Scouting Required;Unknown;£40 - £60 p/w;30/6/2028;187 cm;Unknown Footedness;Very Weak;Very Weak;0.0;0.0;0.0;0.0;0.0;0.0;0.0;0.0;0.0;0.0;0.0;0.0;0.0;0.0;0.0;0.0;0.0;0.0;0;0;0;0.0;0.0;0.0;0.0;0.0;0.0;0;0.0;0;0;0;0;0.0;0.0;0.0;0.0;0.0;0.0;0;0.0;0;0;0.0;0.0;0.0;0.0;0.0;0.0;0.0;0.0
67249378;Iván Barbero;ST (C);M/AM (L), ST (C);25;Spain;Coruña;Spanish Federation 1A;5 (21);834;6.89;Fringe Player;£550K;£1.7K - £2K p/w;30/6/2025;187 cm;Right-Footed;Reasonable;Very Strong;19.9;1.0;17.7;21.6;0.9;0.8;0.9;0.0;6.5;1.7;0.1;0.5;0.6;1.3;12.1;0.5;7.1;0.4;0;0;0;0.0;6.2;3.5;0.0;0.1;0.7;0.63;0.6;6;13;0;0;9.6;0.0;0.4;0.0;0.0;0.8;0;1.8;0;2;0.1;0.8;0.0;1.1;2.2;4.3;0.1;0.0
2002098365;Benito Díaz;D (C);D (C);16;Spain;Huelva;Spanish Federation 1B;0;0;-;Scouting Required;Unknown;£40 - £60 p/w;30/6/2028;185 cm;Unknown Footedness;Very Weak;Very Weak;0.0;0.0;0.0;0.0;0.0;0.0;0.0;0.0;0.0;0.0;0.0;0.0;0.0;0.0;0.0;0.0;0.0;0.0;0;0;0;0.0;0.0;0.0;0.0;0.0;0.0;0;0.0;0;0;0;0;0.0;0.0;0.0;0.0;0.0;0.0;0;0.0;0;0;0.0;0.0;0.0;0.0;0.0;0.0;0.0;0.0
2002098368;Arkaitz Satrústegui;M (C);M (RC);15;Spain;Real Irún;Spanish Federation 1A;1 (10);0;-;Scouting Required;Unknown;£45 - £65 p/w;30/6/2028;166 cm;Unknown Footedness;Very Weak;Very Weak;0.0;0.0;0.0;0.0;0.0;0.0;0.0;0.0;0.0;0.0;0.0;0.0;0.0;0.0;0.0;0.0;0.0;0.0;0;0;0;0.0;0.0;0.0;0.0;0.0;0.0;0;0.0;0;0;0;0;0.0;0.0;0.0;0.0;0.0;0.0;0;0.0;0;0;0.0;0.0;0.0;0.0;0.0;0.0;0.0;0.0
67252799;Javi Alonso;DM;DM, M (C);25;Spain;Tenerife;Second Division;0;0;-;Scouting Required;£6K - £65K;£1.4K - £2.1K p/w;30/6/2026;182 cm;Left-Footed Only;Very Strong;Weak;0.0;0.0;0.0;0.0;0.0;0.0;0.0;0.0;0.0;0.0;0.0;0.0;0.0;0.0;0.0;0.0;0.0;0.0;0;0;0;0.0;0.0;0.0;0.0;0.0;0.0;0;0.0;0;0;0;0;0.0;0.0;0.0;0.0;0.0;0.0;0;0.0;0;0;0.0;0.0;0.0;0.0;0.0;0.0;0.0;0.0
2002098371;Fernando Etxabe;M (R);D/M/AM (R);16;Spain;Real Irún;Spanish Federation 1A;0 (1);3;-;Scouting Required;£1K - £8K;£50 - £65 p/w;30/6/2028;175 cm;Right-Footed;Reasonable;Very Strong;0.0;0.0;0.0;0.0;0.0;0.0;0.0;0.0;0.0;0.0;0.0;0.0;0.0;0.0;0.0;0.0;0.0;0.0;0;0;0;0.0;0.0;0.0;0.0;0.0;0.0;0;0.0;0;0;0;0;0.0;0.0;0.0;0.0;0.0;0.0;0;0.0;0;0;0.0;0.0;0.0;0.0;0.0;0.0;0.0;0.0
67253925;Gaizka Campos;GK;GK;27;Spain;Intercity;Spanish Federation 1B;0 (1);59;7.20;Scouting Required;£35K - £120K;£410 - £625 p/w;30/6/2025;189 cm;Right-Footed;Reasonable;Very Strong;0.0;0.0;0.0;0.0;0.0;0.0;0.0;0.0;0.0;0.0;0.0;0.0;0.0;0.0;0.0;0.0;0.0;0.0;100;100;0;0.0;0.0;0.0;0.0;0.0;0.0;0;0.0;0;0;0;0;0.0;0.0;0.0;0.0;0.0;0.0;0;0.0;0;0;0.0;0.0;0.0;0.0;0.0;0.0;0.0;0.0
2002098372;Iker Núñez;M (C);DM, M/AM (C);16;Spain;Real Irún;Spanish Federation 1A;0 (2);4;-;Scouting Required;£0 - £45K;£50 - £70 p/w;30/6/2028;172 cm;Right-Footed;Reasonable;Very Strong;0.0;0.0;0.0;0.0;0.0;0.0;0.0;0.0;0.0;0.0;0.0;0.0;0.0;0.0;0.0;0.0;0.0;0.0;0;0;0;0.0;0.0;0.0;0.0;0.0;0.0;0;0.0;0;0;0;0;0.0;0.0;0.0;0.0;0.0;0.0;0;0.0;0;0;0.0;0.0;0.0;0.0;0.0;0.0;0.0;0.0
2002098373;Unai Rubio;M (R);M/AM (RC);15;Spain;Real Irún;Spanish Federation 1A;0;0;-;Scouting Required;Unknown;£50 - £70 p/w;30/6/2028;172 cm;Unknown Footedness;Very Weak;Very Weak;0.0;0.0;0.0;0.0;0.0;0.0;0.0;0.0;0.0;0.0;0.0;0.0;0.0;0.0;0.0;0.0;0.0;0.0;0;0;0;0.0;0.0;0.0;0.0;0.0;0.0;0;0.0;0;0;0;0;0.0;0.0;0.0;0.0;0.0;0.0;0;0.0;0;0;0.0;0.0;0.0;0.0;0.0;0.0;0.0;0.0
2002098374;Javier Alonso;AM (R);AM (R), ST (C);15;Spain;Real Irún;Spanish Federation 1A;0;0;-;Scouting Required;Unknown;£50 - £70 p/w;30/6/2028;177 cm;Unknown Footedness;Very Weak;Very Weak;0.0;0.0;0.0;0.0;0.0;0.0;0.0;0.0;0.0;0.0;0.0;0.0;0.0;0.0;0.0;0.0;0.0;0.0;0;0;0;0.0;0.0;0.0;0.0;0.0;0.0;0;0.0;0;0;0;0;0.0;0.0;0.0;0.0;0.0;0.0;0;0.0;0;0;0.0;0.0;0.0;0.0;0.0;0.0;0.0;0.0
67256385;Dani Escriche;AM (C);AM (LC), ST (C);26;Spain;Albacete;Second Division;2 (3);228;6.65;Scouting Required;£350K - £1.3M;£2.1K - £3.2K p/w;30/6/2026;178 cm;Right-Footed;Fairly Strong;Very Strong;9.1;2.4;28.8;32.0;2.4;1.6;0.8;0.0;8.7;3.6;0.0;1.6;1.2;1.2;14.1;1.6;14.2;0.8;0;0;0;0.0;3.2;1.2;0.0;0.0;0.2;-0.52;0.2;2;5;0;0;4.3;0.0;0.8;0.0;0.0;0.0;0;1.2;0;1;0.0;1.6;0.0;1.6;0.4;2.4;0.0;0.0
2002098375;Jon Vera;D (C);D (C), DM;15;Spain;Real Irún;Spanish Federation 1A;0;0;-;Scouting Required;£500 - £4.5K;£50 - £70 p/w;30/6/2028;184 cm;Right-Footed;Weak;Very Strong;0.0;0.0;0.0;0.0;0.0;0.0;0.0;0.0;0.0;0.0;0.0;0.0;0.0;0.0;0.0;0.0;0.0;0.0;0;0;0;0.0;0.0;0.0;0.0;0.0;0.0;0;0.0;0;0;0;0;0.0;0.0;0.0;0.0;0.0;0.0;0;0.0;0;0;0.0;0.0;0.0;0.0;0.0;0.0;0.0;0.0
2002098376;David Meléndez;AM (R);AM (R), ST (C);15;Spain;Real Irún;Spanish Federation 1A;0;0;-;Scouting Required;Unknown;£55 - £70 p/w;30/6/2028;167 cm;Unknown Footedness;Very Weak;Very Weak;0.0;0.0;0.0;0.0;0.0;0.0;0.0;0.0;0.0;0.0;0.0;0.0;0.0;0.0;0.0;0.0;0.0;0.0;0;0;0;0.0;0.0;0.0;0.0;0.0;0.0;0;0.0;0;0;0;0;0.0;0.0;0.0;0.0;0.0;0.0;0;0.0;0;0;0.0;0.0;0.0;0.0;0.0;0.0;0.0;0.0
2002098377;Julen Lafuente;AM (R);M/AM (R);15;Spain;Real Irún;Spanish Federation 1A;0;0;-;Scouting Required;£3.5K - £12K;£55 - £75 p/w;30/6/2028;172 cm;Right-Footed;Strong;Very Strong;0.0;0.0;0.0;0.0;0.0;0.0;0.0;0.0;0.0;0.0;0.0;0.0;0.0;0.0;0.0;0.0;0.0;0.0;0;0;0;0.0;0.0;0.0;0.0;0.0;0.0;0;0.0;0;0;0;0;0.0;0.0;0.0;0.0;0.0;0.0;0;0.0;0;0;0.0;0.0;0.0;0.0;0.0;0.0;0.0;0.0
2002098380;Josu Hernández;M (C);M/AM (C);16;Spain;Real Irún;Spanish Federation 1A;0;0;-;Scouting Required;£0 - £24K;£35 - £55 p/w;30/6/2028;171 cm;Right-Footed;Weak;Very Strong;0.0;0.0;0.0;0.0;0.0;0.0;0.0;0.0;0.0;0.0;0.0;0.0;0.0;0.0;0.0;0.0;0.0;0.0;0;0;0;0.0;0.0;0.0;0.0;0.0;0.0;0;0.0;0;0;0;0;0.0;0.0;0.0;0.0;0.0;0.0;0;0.0;0;0;0.0;0.0;0.0;0.0;0.0;0.0;0.0;0.0
2002098969;Jorge Rey;GK;GK;16;Pays Basque;Ponferrada;Spanish Federation 1A;0;0;-;Scouting Required;Unknown;£140 - £210 p/w;30/6/2025;182 cm;Unknown Footedness;Very Weak;Very Weak;0.0;0.0;0.0;0.0;0.0;0.0;0.0;0.0;0.0;0.0;0.0;0.0;0.0;0.0;0.0;0.0;0.0;0.0;0;0;0;0.0;0.0;0.0;0.0;0.0;0.0;0;0.0;0;0;0;0;0.0;0.0;0.0;0.0;0.0;0.0;0;0.0;0;0;0.0;0.0;0.0;0.0;0.0;0.0;0.0;0.0
2002098970;Gorka Jiménez;ST (C);AM (C), ST (C);16;Spain;Ponferrada;Spanish Federation 1A;0;0;-;Scouting Required;Unknown;£40 - £55 p/w;30/6/2028;180 cm;Unknown Footedness;Very Weak;Very Weak;0.0;0.0;0.0;0.0;0.0;0.0;0.0;0.0;0.0;0.0;0.0;0.0;0.0;0.0;0.0;0.0;0.0;0.0;0;0;0;0.0;0.0;0.0;0.0;0.0;0.0;0;0.0;0;0;0;0;0.0;0.0;0.0;0.0;0.0;0.0;0;0.0;0;0;0.0;0.0;0.0;0.0;0.0;0.0;0.0;0.0
2002098971;Francisco;D (C);D (RLC);15;Spain;Ponferrada;Spanish Federation 1A;0;0;-;Scouting Required;Unknown;£40 - £60 p/w;30/6/2028;184 cm;Unknown Footedness;Very Weak;Very Weak;0.0;0.0;0.0;0.0;0.0;0.0;0.0;0.0;0.0;0.0;0.0;0.0;0.0;0.0;0.0;0.0;0.0;0.0;0;0;0;0.0;0.0;0.0;0.0;0.0;0.0;0;0.0;0;0;0;0;0.0;0.0;0.0;0.0;0.0;0.0;0;0.0;0;0;0.0;0.0;0.0;0.0;0.0;0.0;0.0;0.0
2002098972;Miguel Angel Cortijo;AM (C);AM (RLC);15;Spain;Ponferrada;Spanish Federation 1A;0;0;-;Scouting Required;Unknown;£40 - £60 p/w;30/6/2028;183 cm;Unknown Footedness;Very Weak;Very Weak;0.0;0.0;0.0;0.0;0.0;0.0;0.0;0.0;0.0;0.0;0.0;0.0;0.0;0.0;0.0;0.0;0.0;0.0;0;0;0;0.0;0.0;0.0;0.0;0.0;0.0;0;0.0;0;0;0;0;0.0;0.0;0.0;0.0;0.0;0.0;0;0.0;0;0;0.0;0.0;0.0;0.0;0.0;0.0;0.0;0.0
2002098973;Jorge Ceballos;M (C);M (RC), AM (C);15;Spain;Ponferrada;Spanish Federation 1A;0;0;-;Scouting Required;Unknown;£40 - £60 p/w;30/6/2028;173 cm;Unknown Footedness;Very Weak;Very Weak;0.0;0.0;0.0;0.0;0.0;0.0;0.0;0.0;0.0;0.0;0.0;0.0;0.0;0.0;0.0;0.0;0.0;0.0;0;0;0;0.0;0.0;0.0;0.0;0.0;0.0;0;0.0;0;0;0;0;0.0;0.0;0.0;0.0;0.0;0.0;0;0.0;0;0;0.0;0.0;0.0;0.0;0.0;0.0;0.0;0.0
2002098977;Rogelio;AM (C);DM, M/AM (C);15;Spain;Ponferrada;Spanish Federation 1A;0;0;-;Scouting Required;Unknown;£45 - £65 p/w;30/6/2028;179 cm;Unknown Footedness;Very Weak;Very Weak;0.0;0.0;0.0;0.0;0.0;0.0;0.0;0.0;0.0;0.0;0.0;0.0;0.0;0.0;0.0;0.0;0.0;0.0;0;0;0;0.0;0.0;0.0;0.0;0.0;0.0;0;0.0;0;0;0;0;0.0;0.0;0.0;0.0;0.0;0.0;0;0.0;0;0;0.0;0.0;0.0;0.0;0.0;0.0;0.0;0.0
2002098979;Álvaro Gómez;ST (C);AM (C), ST (C);15;Spain;Ponferrada;Spanish Federation 1A;0;0;-;Scouting Required;Unknown;£45 - £65 p/w;30/6/2028;185 cm;Unknown Footedness;Very Weak;Very Weak;0.0;0.0;0.0;0.0;0.0;0.0;0.0;0.0;0.0;0.0;0.0;0.0;0.0;0.0;0.0;0.0;0.0;0.0;0;0;0;0.0;0.0;0.0;0.0;0.0;0.0;0;0.0;0;0;0;0;0.0;0.0;0.0;0.0;0.0;0.0;0;0.0;0;0;0.0;0.0;0.0;0.0;0.0;0.0;0.0;0.0
2002098982;Luis;D (C);D (LC);15;Spain;Ponferrada;Spanish Federation 1A;10 (16);0;-;Scouting Required;Unknown;£50 - £70 p/w;30/6/2028;174 cm;Unknown Footedness;Very Weak;Very Weak;0.0;0.0;0.0;0.0;0.0;0.0;0.0;0.0;0.0;0.0;0.0;0.0;0.0;0.0;0.0;0.0;0.0;0.0;0;0;0;0.0;0.0;0.0;0.0;0.0;0.0;0;0.0;0;0;0;0;0.0;0.0;0.0;0.0;0.0;0.0;0;0.0;0;0;0.0;0.0;0.0;0.0;0.0;0.0;0.0;0.0
2002098983;Enzo Gervasi;WB (L);D/WB (L);15;Argentina;Ponferrada;Spanish Federation 1A;0;0;-;Scouting Required;Unknown;£50 - £70 p/w;30/6/2028;179 cm;Unknown Footedness;Very Weak;Very Weak;0.0;0.0;0.0;0.0;0.0;0.0;0.0;0.0;0.0;0.0;0.0;0.0;0.0;0.0;0.0;0.0;0.0;0.0;0;0;0;0.0;0.0;0.0;0.0;0.0;0.0;0;0.0;0;0;0;0;0.0;0.0;0.0;0.0;0.0;0.0;0;0.0;0;0;0.0;0.0;0.0;0.0;0.0;0.0;0.0;0.0
67258835;Antonio Leal;D (C);D (C);25;Spain;Ponferrada;Spanish Federation 1A;18 (5);1684;6.74;Regular Starter;£14K - £130K;£950 - £1.1K p/w;30/6/2025;188 cm;Right-Footed Only;Weak;Very Strong;6.5;11.1;45.9;54.3;4.1;0.3;1.3;0.0;2.6;0.6;0.7;1.5;2.1;0.9;11.1;0.0;5.5;0.2;0;0;0;0.1;1.5;5.7;0.0;0.0;0.1;-1.35;0.1;10;1;3;1;7.3;0.7;0.2;0.1;0.0;0.1;0;1.2;0;1;0.0;0.3;0.0;0.2;0.4;1.2;0.2;1.0
67258947;Julio Alonso;D (L);D/WB (L);25;Spain;Albacete;Second Division;6 (1);507;6.93;Regular Starter;£50K - £500K;£3.2K - £3.6K p/w;30/6/2026;171 cm;Left-Footed;Very Strong;Fairly Strong;19.7;9.2;42.6;48.5;6.2;0.7;1.2;0.0;8.2;1.6;0.5;0.9;3.0;2.1;12.8;1.1;15.6;3.2;0;0;0;0.4;0.2;4.4;0.0;0.0;0.0;-0.15;0.0;6;5;0;0;4.6;0.7;3.9;0.5;0.0;0.0;0;1.6;0;0;0.2;0.9;0.0;0.2;0.2;0.5;0.0;0.0
2002098984;Juan Robledo;D (C);D (RLC);16;Spain;Ponferrada;Spanish Federation 1A;0;0;-;Scouting Required;Unknown;£50 - £70 p/w;30/6/2028;180 cm;Unknown Footedness;Very Weak;Very Weak;0.0;0.0;0.0;0.0;0.0;0.0;0.0;0.0;0.0;0.0;0.0;0.0;0.0;0.0;0.0;0.0;0.0;0.0;0;0;0;0.0;0.0;0.0;0.0;0.0;0.0;0;0.0;0;0;0;0;0.0;0.0;0.0;0.0;0.0;0.0;0;0.0;0;0;0.0;0.0;0.0;0.0;0.0;0.0;0.0;0.0
2002098991;Alfonso Peláez;GK;GK;15;Spain;Alcorcón;Second Division;0;0;-;Scouting Required;Unknown;£40 - £55 p/w;30/6/2028;188 cm;Unknown Footedness;Very Weak;Very Weak;0.0;0.0;0.0;0.0;0.0;0.0;0.0;0.0;0.0;0.0;0.0;0.0;0.0;0.0;0.0;0.0;0.0;0.0;0;0;0;0.0;0.0;0.0;0.0;0.0;0.0;0;0.0;0;0;0;0;0.0;0.0;0.0;0.0;0.0;0.0;0;0.0;0;0;0.0;0.0;0.0;0.0;0.0;0.0;0.0;0.0
67260190;Ander Iru;GK;GK;25;Spain;S.D. Logroñés;Spanish Federation 1A;38;3295;6.57;First-Choice Goalkeeper;£0 - £14K;£825 - £950 p/w;30/6/2024;188 cm;Left-Footed Only;Very Strong;Weak;6.7;4.4;12.5;21.2;0.1;0.0;1.6;0.0;0.0;0.0;0.0;7.3;0.0;0.1;5.5;0.0;0.0;0.0;87;69;0;0.0;0.0;0.0;0.2;0.0;0.0;0;0.0;0;17;0;0;0.0;0.0;0.0;0.0;1.6;0.0;3;1.0;1;0;0.0;0.0;0.0;0.0;0.0;0.0;0.0;0.0
2002098994;Diego;D (C);D (C), DM;15;Spain;Alcorcón;Second Division;1 (10);0;-;Scouting Required;Unknown;£40 - £60 p/w;30/6/2028;180 cm;Unknown Footedness;Very Weak;Very Weak;0.0;0.0;0.0;0.0;0.0;0.0;0.0;0.0;0.0;0.0;0.0;0.0;0.0;0.0;0.0;0.0;0.0;0.0;0;0;0;0.0;0.0;0.0;0.0;0.0;0.0;0;0.0;0;0;0;0;0.0;0.0;0.0;0.0;0.0;0.0;0;0.0;0;0;0.0;0.0;0.0;0.0;0.0;0.0;0.0;0.0
67260209;Jon Cabo;M (L);M (RL), AM (RLC);24;Spain;Sestao;Spanish Federation 1A;5 (8);442;6.66;Scouting Required;£40K - £150K;£400 - £600 p/w;30/6/2025;180 cm;Right-Footed;Reasonable;Very Strong;20.2;4.7;26.7;31.6;1.6;0.4;1.2;0.0;9.6;2.2;0.2;0.2;1.8;1.8;13.6;2.0;11.8;3.5;0;0;0;0.4;5.3;0.6;0.0;0.1;0.2;0.23;0.2;3;3;0;0;5.9;0.0;3.5;0.4;0.0;0.2;0;1.0;0;0;0.0;0.4;0.0;0.4;0.4;1.4;0.0;0.0
67260211;Sergio Cubero;M (R);D/WB/M/AM (R);24;Spain;Ferrol;Second Division;11 (6);962;6.75;Scouting Required;£14K - £140K;£1.1K - £1.6K p/w;30/6/2025;187 cm;Right-Footed;Weak;Very Strong;13.4;10.6;35.3;41.3;3.9;0.6;1.5;0.0;9.3;2.2;0.5;1.4;3.0;2.1;13.1;1.7;12.7;3.2;0;0;0;0.3;2.8;3.1;0.0;0.1;0.1;0.37;0.1;7;8;0;0;5.9;0.4;3.2;0.3;0.0;0.1;0;0.8;0;0;0.0;0.6;0.0;0.0;0.2;0.6;0.3;0.0
2002098999;Francisco Javier Pino;AM (L);AM (L), ST (C);15;Spain;Alcorcón;Second Division;0;0;-;Scouting Required;Unknown;£45 - £65 p/w;30/6/2028;172 cm;Unknown Footedness;Very Weak;Very Weak;0.0;0.0;0.0;0.0;0.0;0.0;0.0;0.0;0.0;0.0;0.0;0.0;0.0;0.0;0.0;0.0;0.0;0.0;0;0;0;0.0;0.0;0.0;0.0;0.0;0.0;0;0.0;0;0;0;0;0.0;0.0;0.0;0.0;0.0;0.0;0;0.0;0;0;0.0;0.0;0.0;0.0;0.0;0.0;0.0;0.0
2002099021;Miquel Àngel Sanllehí;GK;GK;15;Spain;Tarragona;Spanish Federation 1A;0;0;-;Scouting Required;£26K - £100K;£45 - £65 p/w;30/6/2028;181 cm;Right-Footed;Reasonable;Very Strong;0.0;0.0;0.0;0.0;0.0;0.0;0.0;0.0;0.0;0.0;0.0;0.0;0.0;0.0;0.0;0.0;0.0;0.0;0;0;0;0.0;0.0;0.0;0.0;0.0;0.0;0;0.0;0;0;0;0;0.0;0.0;0.0;0.0;0.0;0.0;0;0.0;0;0;0.0;0.0;0.0;0.0;0.0;0.0;0.0;0.0
2002099023;Eloi;DM;D (C), DM;15;Spain;Tarragona;Spanish Federation 1A;0;0;-;Scouting Required;Unknown;£50 - £70 p/w;30/6/2028;180 cm;Unknown Footedness;Very Weak;Very Weak;0.0;0.0;0.0;0.0;0.0;0.0;0.0;0.0;0.0;0.0;0.0;0.0;0.0;0.0;0.0;0.0;0.0;0.0;0;0;0;0.0;0.0;0.0;0.0;0.0;0.0;0;0.0;0;0;0;0;0.0;0.0;0.0;0.0;0.0;0.0;0;0.0;0;0;0.0;0.0;0.0;0.0;0.0;0.0;0.0;0.0
67260430;Unai Ruiz-Zeberio;GK;GK;24;Spain;Sestao;Spanish Federation 1A;5 (2);591;6.70;Scouting Required;£0;£320 - £430 p/w;30/6/2024;183 cm;Right-Footed;Reasonable;Very Strong;8.7;2.4;10.5;20.6;0.0;0.0;1.8;0.0;0.0;0.0;0.0;10.1;0.0;0.2;4.8;0.0;0.3;0.0;84;68;0;0.0;0.0;0.0;0.3;0.0;0.0;0;0.0;0;1;0;0;0.0;0.0;0.0;0.0;1.8;0.0;3;0.9;0;0;0.0;0.3;-0.2;0.0;0.0;0.0;0.0;0.0
2002099025;Jan Campeny;AM (C);M (RC), AM (C);15;Spain;Tarragona;Spanish Federation 1A;0;0;-;Scouting Required;Unknown;£50 - £70 p/w;30/6/2028;180 cm;Unknown Footedness;Very Weak;Very Weak;0.0;0.0;0.0;0.0;0.0;0.0;0.0;0.0;0.0;0.0;0.0;0.0;0.0;0.0;0.0;0.0;0.0;0.0;0;0;0;0.0;0.0;0.0;0.0;0.0;0.0;0;0.0;0;0;0;0;0.0;0.0;0.0;0.0;0.0;0.0;0;0.0;0;0;0.0;0.0;0.0;0.0;0.0;0.0;0.0;0.0
2002099026;Joseba Badiola;D (C);D (RLC);15;Spain;Tarragona;Spanish Federation 1A;0;0;-;Scouting Required;Unknown;£50 - £70 p/w;30/6/2028;177 cm;Unknown Footedness;Very Weak;Very Weak;0.0;0.0;0.0;0.0;0.0;0.0;0.0;0.0;0.0;0.0;0.0;0.0;0.0;0.0;0.0;0.0;0.0;0.0;0;0;0;0.0;0.0;0.0;0.0;0.0;0.0;0;0.0;0;0;0;0;0.0;0.0;0.0;0.0;0.0;0.0;0;0.0;0;0;0.0;0.0;0.0;0.0;0.0;0.0;0.0;0.0
67260442;Alfonso Pastor;GK;GK;23;Spain;Levante;Second Division;0;0;-;Scouting Required;£120K - £1.2M;£1.8K - £2.8K p/w;30/6/2027;189 cm;Right-Footed;Strong;Very Strong;0.0;0.0;0.0;0.0;0.0;0.0;0.0;0.0;0.0;0.0;0.0;0.0;0.0;0.0;0.0;0.0;0.0;0.0;0;0;0;0.0;0.0;0.0;0.0;0.0;0.0;0;0.0;0;0;0;0;0.0;0.0;0.0;0.0;0.0;0.0;0;0.0;0;0;0.0;0.0;0.0;0.0;0.0;0.0;0.0;0.0
67260481;Juan Flere;GK;GK;26;Argentina;Sanluqueño;Spanish Federation 1B;4;360;7.05;Scouting Required;£28K - £110K;£575 - £850 p/w;30/6/2025;182 cm;Right-Footed;Reasonable;Very Strong;3.2;7.0;23.0;24.8;0.0;0.0;0.8;0.0;0.0;0.0;0.0;2.2;0.2;0.0;4.4;0.0;0.0;0.0;86;89;0;0.0;0.0;0.0;0.5;0.0;0.0;0;0.0;0;0;0;0;0.0;0.0;0.0;0.0;0.8;0.0;4;0.8;0;0;0.0;0.0;0.5;0.0;0.0;0.0;0.0;0.0
2002099027;Ricard Navas;AM (R);AM (RLC);15;Spain;Tarragona;Spanish Federation 1A;0;0;-;Scouting Required;Unknown;£55 - £70 p/w;30/6/2028;179 cm;Unknown Footedness;Very Weak;Very Weak;0.0;0.0;0.0;0.0;0.0;0.0;0.0;0.0;0.0;0.0;0.0;0.0;0.0;0.0;0.0;0.0;0.0;0.0;0;0;0;0.0;0.0;0.0;0.0;0.0;0.0;0;0.0;0;0;0;0;0.0;0.0;0.0;0.0;0.0;0.0;0;0.0;0;0;0.0;0.0;0.0;0.0;0.0;0.0;0.0;0.0
2002099029;Andreu Gil;DM;DM;16;Spain;Tarragona;Spanish Federation 1A;0;0;-;Scouting Required;Unknown;£55 - £75 p/w;30/6/2028;176 cm;Unknown Footedness;Very Weak;Very Weak;0.0;0.0;0.0;0.0;0.0;0.0;0.0;0.0;0.0;0.0;0.0;0.0;0.0;0.0;0.0;0.0;0.0;0.0;0;0;0;0.0;0.0;0.0;0.0;0.0;0.0;0;0.0;0;0;0;0;0.0;0.0;0.0;0.0;0.0;0.0;0;0.0;0;0;0.0;0.0;0.0;0.0;0.0;0.0;0.0;0.0
67261823;Moisés Rodríguez;D (C);D (RC);27;Spain;Melilla;Spanish Federation 1B;34;3037;6.94;Scouting Required;£7K - £70K;£775 - £1.1K p/w;30/6/2025;187 cm;Right-Footed;Weak;Very Strong;6.3;11.8;62.7;67.7;4.3;0.1;1.1;0.0;4.1;1.3;0.6;2.2;2.0;1.1;11.0;0.1;2.8;0.2;0;0;0;0.1;1.2;5.0;0.0;0.0;0.0;-0.07;0.0;15;1;0;0;6.2;0.9;0.6;0.1;0.0;0.0;0;1.2;1;4;0.0;0.1;0.0;0.0;0.1;0.2;0.2;0.3
67261949;Nacho Ramón;ST (C);ST (C);25;Spain;Sanluqueño;Spanish Federation 1B;18 (4);211;6.70;Scouting Required;£16K - £60K;£600 - £825 p/w;30/6/2025;186 cm;Right-Footed;Reasonable;Very Strong;1.7;1.7;14.5;15.8;0.9;0.4;3.0;0.0;6.8;0.9;0.0;0.0;0.4;0.9;10.7;1.3;3.0;0.0;0;0;0;0.0;2.1;0.4;0.0;0.1;0.2;0.46;0.2;1;3;1;0;2.6;0.4;0.0;0.0;0.0;0.4;0;2.1;0;0;0.0;0.4;0.0;0.4;0.4;0.9;0.0;0.0
2002099031;Famara Dramé;ST (C);AM (LC), ST (C);15;Spain;Tarragona;Spanish Federation 1A;0;0;-;Scouting Required;Unknown;£35 - £55 p/w;30/6/2028;180 cm;Unknown Footedness;Very Weak;Very Weak;0.0;0.0;0.0;0.0;0.0;0.0;0.0;0.0;0.0;0.0;0.0;0.0;0.0;0.0;0.0;0.0;0.0;0.0;0;0;0;0.0;0.0;0.0;0.0;0.0;0.0;0;0.0;0;0;0;0;0.0;0.0;0.0;0.0;0.0;0.0;0;0.0;0;0;0.0;0.0;0.0;0.0;0.0;0.0;0.0;0.0
2002099033;Narcís Calderé;AM (L);AM (L), ST (C);15;Spain;Tarragona;Spanish Federation 1A;0;0;-;Scouting Required;Unknown;£40 - £55 p/w;30/6/2028;182 cm;Unknown Footedness;Very Weak;Very Weak;0.0;0.0;0.0;0.0;0.0;0.0;0.0;0.0;0.0;0.0;0.0;0.0;0.0;0.0;0.0;0.0;0.0;0.0;0;0;0;0.0;0.0;0.0;0.0;0.0;0.0;0;0.0;0;0;0;0;0.0;0.0;0.0;0.0;0.0;0.0;0;0.0;0;0;0.0;0.0;0.0;0.0;0.0;0.0;0.0;0.0
2002099035;José Carlos;GK;GK;15;Spain;Fuenlabrada;Spanish Federation 1A;0;0;-;Scouting Required;£9K - £90K;£40 - £60 p/w;30/6/2028;186 cm;Right-Footed;Reasonable;Very Strong;0.0;0.0;0.0;0.0;0.0;0.0;0.0;0.0;0.0;0.0;0.0;0.0;0.0;0.0;0.0;0.0;0.0;0.0;0;0;0;0.0;0.0;0.0;0.0;0.0;0.0;0;0.0;0;0;0;0;0.0;0.0;0.0;0.0;0.0;0.0;0;0.0;0;0;0.0;0.0;0.0;0.0;0.0;0.0;0.0;0.0
67263452;Pablo Brea;GK;GK;22;Spain;Arenteiro;Spanish Federation 1A;6 (4);689;6.48;Scouting Required;£0;£180 - £270 p/w;30/6/2024;185 cm;Right-Footed;Reasonable;Very Strong;11.0;2.4;10.3;21.3;0.3;0.0;1.3;0.0;0.0;0.0;0.0;8.5;0.0;0.0;4.4;0.0;0.1;0.0;86;66;0;0.0;0.0;0.0;0.7;0.0;0.0;0;0.0;0;3;0;0;0.0;0.0;0.0;0.0;1.3;0.0;2;1.7;1;0;0.0;0.0;-0.1;0.0;0.0;0.0;0.0;0.0
2002099038;Alfonso Peláez;D (C);D (RC), DM;15;Spain;Fuenlabrada;Spanish Federation 1A;10 (16);0;-;Scouting Required;Unknown;£45 - £60 p/w;30/6/2028;179 cm;Unknown Footedness;Very Weak;Very Weak;0.0;0.0;0.0;0.0;0.0;0.0;0.0;0.0;0.0;0.0;0.0;0.0;0.0;0.0;0.0;0.0;0.0;0.0;0;0;0;0.0;0.0;0.0;0.0;0.0;0.0;0;0.0;0;0;0;0;0.0;0.0;0.0;0.0;0.0;0.0;0;0.0;0;0;0.0;0.0;0.0;0.0;0.0;0.0;0.0;0.0
2002099039;Antonio Ramis;M (C);M (C), AM (RC), ST (C);15;Spain;Fuenlabrada;Spanish Federation 1A;0;0;-;Scouting Required;Unknown;£45 - £65 p/w;30/6/2028;175 cm;Unknown Footedness;Very Weak;Very Weak;0.0;0.0;0.0;0.0;0.0;0.0;0.0;0.0;0.0;0.0;0.0;0.0;0.0;0.0;0.0;0.0;0.0;0.0;0;0;0;0.0;0.0;0.0;0.0;0.0;0.0;0;0.0;0;0;0;0;0.0;0.0;0.0;0.0;0.0;0.0;0;0.0;0;0;0.0;0.0;0.0;0.0;0.0;0.0;0.0;0.0
2002099040;Míchel;WB (L);WB (L);15;Spain;Fuenlabrada;Spanish Federation 1A;0;0;-;Scouting Required;Unknown;£45 - £65 p/w;30/6/2028;185 cm;Unknown Footedness;Very Weak;Very Weak;0.0;0.0;0.0;0.0;0.0;0.0;0.0;0.0;0.0;0.0;0.0;0.0;0.0;0.0;0.0;0.0;0.0;0.0;0;0;0;0.0;0.0;0.0;0.0;0.0;0.0;0;0.0;0;0;0;0;0.0;0.0;0.0;0.0;0.0;0.0;0;0.0;0;0;0.0;0.0;0.0;0.0;0.0;0.0;0.0;0.0
2002099041;Adrià Aguado;AM (L);AM (L), ST (C);16;Spain;Fuenlabrada;Spanish Federation 1A;0;0;-;Scouting Required;£55K - £210K;£45 - £65 p/w;30/6/2028;178 cm;Left-Footed;Very Strong;Reasonable;0.0;0.0;0.0;0.0;0.0;0.0;0.0;0.0;0.0;0.0;0.0;0.0;0.0;0.0;0.0;0.0;0.0;0.0;0;0;0;0.0;0.0;0.0;0.0;0.0;0.0;0;0.0;0;0;0;0;0.0;0.0;0.0;0.0;0.0;0.0;0;0.0;0;0;0.0;0.0;0.0;0.0;0.0;0.0;0.0;0.0
67269468;Pol Prats;AM (R);M/AM (R);25;Spain;Antequera;Spanish Federation 1B;0 (6);92;6.58;Scouting Required;£24K - £240K;£875 - £1.2K p/w;30/6/2025;180 cm;Right-Footed;Weak;Very Strong;14.7;5.9;18.6;26.4;2.9;0.0;2.0;0.0;11.7;2.9;0.0;0.0;2.9;2.9;13.5;3.9;16.6;2.9;0;0;0;0.0;6.8;1.0;0.0;0.0;0.1;-0.15;0.1;3;3;0;0;7.8;0.0;2.9;0.0;0.0;0.0;0;0.0;0;0;0.0;0.0;0.0;1.0;0.0;2.0;0.0;0.0
2002099045;Benjamín Serrano;D (L);D/AM (L);15;Spain;Fuenlabrada;Spanish Federation 1A;0;0;-;Scouting Required;Unknown;£50 - £70 p/w;30/6/2028;170 cm;Unknown Footedness;Very Weak;Very Weak;0.0;0.0;0.0;0.0;0.0;0.0;0.0;0.0;0.0;0.0;0.0;0.0;0.0;0.0;0.0;0.0;0.0;0.0;0;0;0;0.0;0.0;0.0;0.0;0.0;0.0;0;0.0;0;0;0;0;0.0;0.0;0.0;0.0;0.0;0.0;0;0.0;0;0;0.0;0.0;0.0;0.0;0.0;0.0;0.0;0.0
2002099049;Francisco Vega;GK;GK;15;Spain;Amorebieta;Second Division;0;0;-;Scouting Required;£55K - £200K;£55 - £75 p/w;30/6/2028;192 cm;Right-Footed;Weak;Very Strong;0.0;0.0;0.0;0.0;0.0;0.0;0.0;0.0;0.0;0.0;0.0;0.0;0.0;0.0;0.0;0.0;0.0;0.0;0;0;0;0.0;0.0;0.0;0.0;0.0;0.0;0;0.0;0;0;0;0;0.0;0.0;0.0;0.0;0.0;0.0;0;0.0;0;0;0.0;0.0;0.0;0.0;0.0;0.0;0.0;0.0
2002099050;Ibon Huarte;AM (R);M (L), AM (RL);15;Pays Basque;Amorebieta;Second Division;0;0;-;Scouting Required;£30K - £300K;£55 - £75 p/w;30/6/2028;181 cm;Left-Footed;Very Strong;Reasonable;0.0;0.0;0.0;0.0;0.0;0.0;0.0;0.0;0.0;0.0;0.0;0.0;0.0;0.0;0.0;0.0;0.0;0.0;0;0;0;0.0;0.0;0.0;0.0;0.0;0.0;0;0.0;0;0;0;0;0.0;0.0;0.0;0.0;0.0;0.0;0;0.0;0;0;0.0;0.0;0.0;0.0;0.0;0.0;0.0;0.0
2002099051;Asier González;DM;DM, M (C);15;Spain;Amorebieta;Second Division;0;0;-;Scouting Required;£7K - £75K;£35 - £55 p/w;30/6/2028;182 cm;Right-Footed;Reasonable;Very Strong;0.0;0.0;0.0;0.0;0.0;0.0;0.0;0.0;0.0;0.0;0.0;0.0;0.0;0.0;0.0;0.0;0.0;0.0;0;0;0;0.0;0.0;0.0;0.0;0.0;0.0;0;0.0;0;0;0;0;0.0;0.0;0.0;0.0;0.0;0.0;0;0.0;0;0;0.0;0.0;0.0;0.0;0.0;0.0;0.0;0.0
67271004;José Hernández;D (C);D (C);27;Spain;Linares;Spanish Federation 1B;9 (12);887;6.69;Scouting Required;£12K - £120K;£675 - £1K p/w;30/6/2025;180 cm;Right-Footed;Fairly Strong;Very Strong;4.5;7.4;61.0;65.0;4.4;0.1;1.4;0.0;2.5;0.3;0.7;1.5;1.5;0.9;11.4;0.0;4.7;0.1;0;0;0;0.0;1.6;1.8;0.0;0.0;0.0;0;0.0;4;1;0;0;3.4;0.2;0.1;0.0;0.0;0.0;0;1.4;0;0;0.0;0.1;0.0;0.0;0.0;0.0;0.3;0.4
2002099052;Daniel Iturrino;AM (L);AM (RL);15;Spain;Amorebieta;Second Division;0;0;-;Scouting Required;£0 - £75K;£35 - £55 p/w;30/6/2028;173 cm;Left-Footed;Very Strong;Weak;0.0;0.0;0.0;0.0;0.0;0.0;0.0;0.0;0.0;0.0;0.0;0.0;0.0;0.0;0.0;0.0;0.0;0.0;0;0;0;0.0;0.0;0.0;0.0;0.0;0.0;0;0.0;0;0;0;0;0.0;0.0;0.0;0.0;0.0;0.0;0;0.0;0;0;0.0;0.0;0.0;0.0;0.0;0.0;0.0;0.0
67271513;Taliby;GK;GK;27;Spain;Teruel;Spanish Federation 1A;31;2674;6.74;First-Choice Goalkeeper;£40K - £120K;£1.3K - £1.6K p/w;30/6/2025;190 cm;Right-Footed Only;Weak;Very Strong;8.5;4.3;15.3;21.6;0.2;0.0;1.3;0.0;0.0;0.0;0.0;8.7;0.2;0.1;5.4;0.0;0.1;0.0;86;72;0;0.0;0.0;0.0;0.3;0.0;0.0;0;0.0;0;11;0;0;0.0;0.0;0.0;0.0;1.3;0.0;3;1.1;1;0;0.0;0.0;0.0;0.0;0.0;0.0;0.0;0.0
2002099053;Miguel Aketxe;D (C);D (C), DM, M (C);16;Spain;Amorebieta;Second Division;2;90;6.85;Scouting Required;£55K - £210K;£35 - £55 p/w;30/6/2028;181 cm;Left-Footed;Very Strong;Weak;11.0;11.0;90.0;99.0;9.0;0.0;0.0;0.0;1.0;1.0;0.0;2.0;1.0;1.0;10.2;0.0;8.0;0.0;0;0;0;0.0;0.0;2.0;0.0;0.0;0.0;0;0.0;0;0;0;0;2.0;0.0;1.0;0.0;0.0;0.0;0;3.0;0;0;0.0;0.0;0.0;0.0;0.0;0.0;0.0;0.0
2002099055;Francisco Javier Lacruz;M (C);DM, M/AM (C);16;Spain;Amorebieta;Second Division;0;0;-;Scouting Required;£2K - £18K;£40 - £60 p/w;30/6/2028;167 cm;Left-Footed;Very Strong;Reasonable;0.0;0.0;0.0;0.0;0.0;0.0;0.0;0.0;0.0;0.0;0.0;0.0;0.0;0.0;0.0;0.0;0.0;0.0;0;0;0;0.0;0.0;0.0;0.0;0.0;0.0;0;0.0;0;0;0;0;0.0;0.0;0.0;0.0;0.0;0.0;0;0.0;0;0;0.0;0.0;0.0;0.0;0.0;0.0;0.0;0.0
2002099056;Íñigo Navarro;ST (C);AM (L), ST (C);16;Spain;Amorebieta;Second Division;0;0;-;Scouting Required;£0 - £16K;£40 - £60 p/w;30/6/2028;181 cm;Left-Footed;Very Strong;Fairly Strong;0.0;0.0;0.0;0.0;0.0;0.0;0.0;0.0;0.0;0.0;0.0;0.0;0.0;0.0;0.0;0.0;0.0;0.0;0;0;0;0.0;0.0;0.0;0.0;0.0;0.0;0;0.0;0;0;0;0;0.0;0.0;0.0;0.0;0.0;0.0;0;0.0;0;0;0.0;0.0;0.0;0.0;0.0;0.0;0.0;0.0
2002099058;Alain Kortina;M (C);M (C), AM (RC);15;Spain;Amorebieta;Second Division;0;0;-;Scouting Required;£18K - £180K;£40 - £60 p/w;30/6/2028;175 cm;Right-Footed;Reasonable;Very Strong;0.0;0.0;0.0;0.0;0.0;0.0;0.0;0.0;0.0;0.0;0.0;0.0;0.0;0.0;0.0;0.0;0.0;0.0;0;0;0;0.0;0.0;0.0;0.0;0.0;0.0;0;0.0;0;0;0;0;0.0;0.0;0.0;0.0;0.0;0.0;0;0.0;0;0;0.0;0.0;0.0;0.0;0.0;0.0;0.0;0.0
67273626;Iván Martínez;GK;GK;22;Spain;Unionistas;Spanish Federation 1A;44;3839;6.77;B Team Regular;£300K;£900 - £1.1K p/w;30/6/2024;180 cm;Right-Footed;Reasonable;Very Strong;6.8;5.7;13.0;22.4;0.4;0.0;1.3;0.0;0.0;0.0;0.0;7.4;0.0;0.1;5.7;0.0;0.0;0.0;88;72;0;0.0;0.0;0.0;0.3;0.0;0.0;0;0.0;0;17;0;0;0.0;0.0;0.0;0.0;1.3;0.0;3;1.7;0;0;0.0;0.0;0.1;0.0;0.0;0.0;0.0;0.0
2002099059;Oier Pereda;DM;D (C), DM, M (C);16;Spain;Amorebieta;Second Division;18 (4);0;-;Scouting Required;£2.5K - £24K;£45 - £60 p/w;30/6/2028;188 cm;Left-Footed;Very Strong;Weak;0.0;0.0;0.0;0.0;0.0;0.0;0.0;0.0;0.0;0.0;0.0;0.0;0.0;0.0;0.0;0.0;0.0;0.0;0;0;0;0.0;0.0;0.0;0.0;0.0;0.0;0;0.0;0;0;0;0;0.0;0.0;0.0;0.0;0.0;0.0;0;0.0;0;0;0.0;0.0;0.0;0.0;0.0;0.0;0.0;0.0
2002099060;Jon San Martín;D (R);D/M (R);15;Spain;Amorebieta;Second Division;0 (1);9;-;Scouting Required;£8K - £85K;£45 - £65 p/w;30/6/2028;171 cm;Right-Footed Only;Weak;Very Strong;0.0;0.0;0.0;0.0;0.0;0.0;0.0;0.0;0.0;0.0;0.0;0.0;0.0;0.0;0.0;0.0;0.0;0.0;0;0;0;0.0;0.0;0.0;0.0;0.0;0.0;0;0.0;1;0;0;0;0.0;0.0;0.0;0.0;0.0;0.0;0;0.0;0;0;0.0;0.0;0.0;0.0;0.0;0.0;0.0;0.0
67275291;Jeremy Socorro;D (L);D/WB (L);24;Spain;Antequera;Spanish Federation 1B;1 (1);89;6.60;Scouting Required;£1.5K - £16K;£220 - £320 p/w;30/6/2024;175 cm;Left-Footed;Very Strong;Reasonable;10.1;12.1;42.5;47.5;9.1;0.0;0.0;0.0;18.2;7.1;0.0;4.0;1.0;7.1;0.0;2.0;9.1;3.0;0;0;0;0.0;0.0;2.0;0.0;0.0;0.0;0;0.0;3;0;0;0;2.0;0.0;3.0;0.0;0.0;0.0;0;0.0;0;1;0.0;0.0;0.0;0.0;0.0;0.0;0.0;0.0
67275914;Adrián Fuentes;ST (C);AM (R), ST (C);27;Spain;Lugo;Spanish Federation 1A;2 (26);491;6.74;Scouting Required;£0 - £4.5K;£550 - £750 p/w;30/6/2024;188 cm;Left-Footed;Very Strong;Reasonable;14.8;4.4;29.7;33.0;1.5;0.9;1.3;0.0;9.2;1.5;0.2;0.4;0.7;0.9;12.2;1.3;7.9;2.9;0;0;0;0.7;4.4;3.8;0.0;0.0;0.5;-0.95;0.5;8;6;0;0;8.2;0.0;2.9;0.7;0.0;0.4;0;0.9;0;2;0.0;0.9;0.0;0.5;1.1;3.3;0.0;0.0
2002099077;Marcos Barceló;D (C);D (LC);16;Spain;Alcoyano;Spanish Federation 1B;1 (1);90;6.70;Scouting Required;£60K - £240K;£40 - £60 p/w;30/6/2028;197 cm;Left-Footed;Very Strong;Reasonable;2.0;9.0;52.0;53.0;3.0;1.0;2.0;0.0;2.0;0.0;2.0;0.0;2.0;0.0;11.0;0.0;2.0;0.0;0;0;0;0.0;2.0;1.0;0.0;0.0;0.0;0;0.0;0;0;0;0;3.0;0.0;0.0;0.0;0.0;0.0;0;2.0;0;0;0.0;1.0;0.0;0.0;0.0;0.0;0.0;2.0
2002099078;Carlos;ST (C);AM (RC), ST (C);16;Spain;Alcoyano;Spanish Federation 1B;0 (1);30;6.80;Scouting Required;£45K - £450K;£40 - £60 p/w;30/6/2028;182 cm;Right-Footed;Weak;Very Strong;0.0;0.0;0.0;0.0;0.0;0.0;0.0;0.0;0.0;0.0;0.0;0.0;0.0;0.0;0.0;0.0;0.0;0.0;0;0;1;0.0;0.0;0.0;0.0;0.0;0.0;0;0.0;1;0;0;0;0.0;0.0;0.0;0.0;0.0;0.0;0;0.0;0;0;0.0;0.0;0.0;0.0;0.0;0.0;0.0;0.0
2002099080;Alberto Torrent;M (C);DM, M/AM (C);16;Spain;Alcoyano;Spanish Federation 1B;0;0;-;Scouting Required;£30K - £300K;£45 - £60 p/w;30/6/2028;179 cm;Right-Footed;Fairly Strong;Very Strong;0.0;0.0;0.0;0.0;0.0;0.0;0.0;0.0;0.0;0.0;0.0;0.0;0.0;0.0;0.0;0.0;0.0;0.0;0;0;0;0.0;0.0;0.0;0.0;0.0;0.0;0;0.0;0;0;0;0;0.0;0.0;0.0;0.0;0.0;0.0;0;0.0;0;0;0.0;0.0;0.0;0.0;0.0;0.0;0.0;0.0
2002099081;Jose Manuel Arias;ST (C);M/AM (C), ST (C);15;Spain;Alcoyano;Spanish Federation 1B;0;0;-;Scouting Required;£30K - £120K;£45 - £65 p/w;30/6/2028;179 cm;Right-Footed;Reasonable;Very Strong;0.0;0.0;0.0;0.0;0.0;0.0;0.0;0.0;0.0;0.0;0.0;0.0;0.0;0.0;0.0;0.0;0.0;0.0;0;0;0;0.0;0.0;0.0;0.0;0.0;0.0;0;0.0;0;0;0;0;0.0;0.0;0.0;0.0;0.0;0.0;0;0.0;0;0;0.0;0.0;0.0;0.0;0.0;0.0;0.0;0.0
2002099082;Sergio Castillo;AM (C);AM (LC), ST (C);16;Spain;Alcoyano;Spanish Federation 1B;0;0;-;Scouting Required;£16K - £160K;£45 - £65 p/w;30/6/2028;176 cm;Left-Footed;Very Strong;Reasonable;0.0;0.0;0.0;0.0;0.0;0.0;0.0;0.0;0.0;0.0;0.0;0.0;0.0;0.0;0.0;0.0;0.0;0.0;0;0;0;0.0;0.0;0.0;0.0;0.0;0.0;0;0.0;0;0;0;0;0.0;0.0;0.0;0.0;0.0;0.0;0;0.0;0;0;0.0;0.0;0.0;0.0;0.0;0.0;0.0;0.0
2002099084;Rubén;AM (L);AM (L), ST (C);16;Spain;Alcoyano;Spanish Federation 1B;0 (1);45;6.40;Scouting Required;£24K - £240K;£45 - £65 p/w;30/6/2028;177 cm;Left-Footed;Very Strong;Reasonable;0.0;0.0;0.0;0.0;0.0;0.0;0.0;0.0;0.0;0.0;0.0;0.0;0.0;0.0;0.0;0.0;0.0;0.0;0;0;0;0.0;0.0;0.0;0.0;0.0;0.0;0;0.0;0;0;0;0;0.0;0.0;0.0;0.0;0.0;0.0;0;0.0;0;0;0.0;0.0;0.0;0.0;0.0;0.0;0.0;0.0
67276374;Yoel Ramírez;GK;GK;22;Spain;Tarazona;Spanish Federation 1A;8;651;6.78;Breakthrough Prospect;£0 - £65K;£460 - £525 p/w;30/6/2026;184 cm;Left-Footed;Very Strong;Reasonable;10.1;2.8;10.8;20.9;0.7;0.0;0.8;0.0;0.0;0.0;0.0;9.8;0.3;0.0;5.4;0.0;0.0;0.0;85;76;0;0.0;0.0;0.0;0.6;0.0;0.0;0;0.0;0;0;0;0;0.0;0.0;0.0;0.0;0.8;0.0;2;1.4;0;0;0.0;0.0;0.3;0.0;0.0;0.0;0.0;0.0
67276473;Egoitz Arana;GK;GK;22;Spain;San Fernando;Spanish Federation 1B;5;450;6.98;Scouting Required;£100K - £375K;£525 - £700 p/w;30/6/2026;197 cm;Right-Footed;Reasonable;Very Strong;13.2;5.2;4.0;12.6;1.2;0.0;1.4;0.0;0.0;0.0;0.0;10.8;0.6;0.2;3.9;0.0;0.2;0.0;72;75;0;0.0;0.0;0.0;0.2;0.0;0.0;0;0.0;0;0;0;0;0.0;0.0;0.0;0.0;1.4;0.0;2;2.2;0;0;0.0;0.0;-0.1;0.0;0.0;0.0;0.0;0.0
67276475;Peru Rodríguez;ST (C);ST (C);22;Spain;Real San Sebastián B;Spanish Federation 1A;4 (13);713;6.66;Scouting Required;£30K - £325K;£190 - £280 p/w;30/6/2024;177 cm;Right-Footed;Reasonable;Very Strong;26.9;1.3;17.9;20.8;0.6;0.6;1.3;0.0;7.2;1.0;0.1;0.6;0.6;0.6;11.0;1.4;4.3;0.4;0;0;0;0.1;8.3;1.1;0.0;0.0;0.2;1.39;0.2;10;12;1;0;9.5;0.0;0.4;0.1;0.0;0.4;0;1.0;0;5;0.1;0.6;0.0;0.8;1.3;2.5;0.0;0.0
2002099087;Aitor Carrascosa;D (R);D (RL);15;Spain;Alcoyano;Spanish Federation 1B;0;0;-;Scouting Required;£6K - £55K;£50 - £70 p/w;30/6/2028;190 cm;Left-Footed;Very Strong;Fairly Strong;0.0;0.0;0.0;0.0;0.0;0.0;0.0;0.0;0.0;0.0;0.0;0.0;0.0;0.0;0.0;0.0;0.0;0.0;0;0;0;0.0;0.0;0.0;0.0;0.0;0.0;0;0.0;0;0;0;0;0.0;0.0;0.0;0.0;0.0;0.0;0;0.0;0;0;0.0;0.0;0.0;0.0;0.0;0.0;0.0;0.0
2002099088;Víctor Manuel;D (R);D/WB (R);16;Spain;Alcoyano;Spanish Federation 1B;1 (10);0;-;Scouting Required;£0 - £95K;£50 - £70 p/w;30/6/2028;179 cm;Right-Footed;Reasonable;Very Strong;0.0;0.0;0.0;0.0;0.0;0.0;0.0;0.0;0.0;0.0;0.0;0.0;0.0;0.0;0.0;0.0;0.0;0.0;0;0;0;0.0;0.0;0.0;0.0;0.0;0.0;0;0.0;0;0;0;0;0.0;0.0;0.0;0.0;0.0;0.0;0;0.0;0;0;0.0;0.0;0.0;0.0;0.0;0.0;0.0;0.0
2002099090;Diego Cantero;GK;GK;16;Spain;R. Majadahonda;Spanish Federation 1A;0;0;-;Scouting Required;Unknown;£55 - £70 p/w;30/6/2028;189 cm;Unknown Footedness;Very Weak;Very Weak;0.0;0.0;0.0;0.0;0.0;0.0;0.0;0.0;0.0;0.0;0.0;0.0;0.0;0.0;0.0;0.0;0.0;0.0;0;0;0;0.0;0.0;0.0;0.0;0.0;0.0;0;0.0;0;0;0;0;0.0;0.0;0.0;0.0;0.0;0.0;0;0.0;0;0;0.0;0.0;0.0;0.0;0.0;0.0;0.0;0.0
2002099091;Emmanuel Samson;D (C);D (RC), WB (R);16;Nigeria;R. Majadahonda;Spanish Federation 1A;0;0;-;Scouting Required;£0;N/A;30/6/2028;193 cm;Right-Footed;Fairly Strong;Very Strong;0.0;0.0;0.0;0.0;0.0;0.0;0.0;0.0;0.0;0.0;0.0;0.0;0.0;0.0;0.0;0.0;0.0;0.0;0;0;0;0.0;0.0;0.0;0.0;0.0;0.0;0;0.0;0;0;0;0;0.0;0.0;0.0;0.0;0.0;0.0;0;0.0;0;0;0.0;0.0;0.0;0.0;0.0;0.0;0.0;0.0
2002099093;Kristján Jóhannsson;M (C);M (C), ST (C);15;Iceland;R. Majadahonda;Spanish Federation 1A;0;0;-;Scouting Required;Unknown;£35 - £55 p/w;30/6/2028;170 cm;Unknown Footedness;Very Weak;Very Weak;0.0;0.0;0.0;0.0;0.0;0.0;0.0;0.0;0.0;0.0;0.0;0.0;0.0;0.0;0.0;0.0;0.0;0.0;0;0;0;0.0;0.0;0.0;0.0;0.0;0.0;0;0.0;0;0;0;0;0.0;0.0;0.0;0.0;0.0;0.0;0;0.0;0;0;0.0;0.0;0.0;0.0;0.0;0.0;0.0;0.0
67277464;Ismael Armenteros;D (C);D (C);23;Spain;Melilla;Spanish Federation 1B;8;695;6.71;Surplus to Requirements;£14K - £140K;£250 - £290 p/w;30/6/2024;184 cm;Left-Footed;Very Strong;Reasonable;4.7;8.5;64.6;68.2;3.9;0.0;1.6;0.0;3.0;1.0;0.3;1.6;1.6;0.4;11.2;0.0;4.5;0.0;0;0;0;0.0;1.8;1.9;0.0;0.0;0.0;-0.13;0.0;0;3;0;0;3.8;0.5;0.0;0.0;0.0;0.0;0;2.1;0;0;0.0;0.0;0.0;0.0;0.0;0.1;0.1;0.3
2002099095;Roberto;D (L);D/AM (L);15;Spain;R. Majadahonda;Spanish Federation 1A;0;0;-;Scouting Required;Unknown;£35 - £55 p/w;30/6/2028;181 cm;Unknown Footedness;Very Weak;Very Weak;0.0;0.0;0.0;0.0;0.0;0.0;0.0;0.0;0.0;0.0;0.0;0.0;0.0;0.0;0.0;0.0;0.0;0.0;0;0;0;0.0;0.0;0.0;0.0;0.0;0.0;0;0.0;0;0;0;0;0.0;0.0;0.0;0.0;0.0;0.0;0;0.0;0;0;0.0;0.0;0.0;0.0;0.0;0.0;0.0;0.0
2002099096;Miguel Vallejo;M (C);M (C);15;Spain;R. Majadahonda;Spanish Federation 1A;0;0;-;Scouting Required;Unknown;£40 - £55 p/w;30/6/2028;175 cm;Unknown Footedness;Very Weak;Very Weak;0.0;0.0;0.0;0.0;0.0;0.0;0.0;0.0;0.0;0.0;0.0;0.0;0.0;0.0;0.0;0.0;0.0;0.0;0;0;0;0.0;0.0;0.0;0.0;0.0;0.0;0;0.0;0;0;0;0;0.0;0.0;0.0;0.0;0.0;0.0;0;0.0;0;0;0.0;0.0;0.0;0.0;0.0;0.0;0.0;0.0
2002099097;Rubén;D (C);D (C), DM, M (C);15;Spain;R. Majadahonda;Spanish Federation 1A;0;0;-;Scouting Required;£4K - £14K;£40 - £60 p/w;30/6/2028;191 cm;Right-Footed;Reasonable;Very Strong;0.0;0.0;0.0;0.0;0.0;0.0;0.0;0.0;0.0;0.0;0.0;0.0;0.0;0.0;0.0;0.0;0.0;0.0;0;0;0;0.0;0.0;0.0;0.0;0.0;0.0;0;0.0;0;0;0;0;0.0;0.0;0.0;0.0;0.0;0.0;0;0.0;0;0;0.0;0.0;0.0;0.0;0.0;0.0;0.0;0.0
67277674;Carlos García;D (C);D (C);23;Spain;Córdoba;Spanish Federation 1B;1;90;6.60;Surplus to Requirements;£140K - £1.4M;£2.4K - £2.8K p/w;30/6/2025;188 cm;Right-Footed;Reasonable;Very Strong;4.0;7.0;78.0;81.0;6.0;0.0;2.0;0.0;3.0;1.0;0.0;0.0;1.0;2.0;10.9;0.0;1.0;0.0;0;0;0;0.0;2.0;1.0;0.0;0.0;0.3;-0.27;0.3;0;0;0;0;3.0;0.0;0.0;0.0;0.0;0.0;0;0.0;0;0;0.0;0.0;0.0;0.0;0.0;3.0;1.0;0.0
67277688;Raúl Alcaina;ST (C);ST (C);23;Spain;Coruña;Spanish Federation 1A;0 (3);46;6.55;Surplus to Requirements;£50K;£650 - £750 p/w;30/6/2026;181 cm;Right-Footed;Reasonable;Very Strong;0.0;0.0;0.0;0.0;0.0;0.0;0.0;0.0;0.0;0.0;0.0;0.0;0.0;0.0;0.0;0.0;0.0;0.0;0;0;0;0.0;0.0;0.0;0.0;0.0;0.0;-0.17;0.0;0;1;0;0;0.0;0.0;0.0;0.0;0.0;0.0;0;0.0;0;0;0.0;0.0;0.0;0.0;0.0;0.0;0.0;0.0
2002099098;Jesús Martín;D (R);D/AM (R);15;Pays Basque;R. Majadahonda;Spanish Federation 1A;0;0;-;Scouting Required;£0 - £20K;£40 - £60 p/w;30/6/2028;172 cm;Right-Footed;Reasonable;Very Strong;0.0;0.0;0.0;0.0;0.0;0.0;0.0;0.0;0.0;0.0;0.0;0.0;0.0;0.0;0.0;0.0;0.0;0.0;0;0;0;0.0;0.0;0.0;0.0;0.0;0.0;0;0.0;0;0;0;0;0.0;0.0;0.0;0.0;0.0;0.0;0;0.0;0;0;0.0;0.0;0.0;0.0;0.0;0.0;0.0;0.0
2002099099;Sergio Márquez;D (C);DM;15;Spain;R. Majadahonda;Spanish Federation 1A;0;0;-;Scouting Required;Unknown;£40 - £60 p/w;30/6/2028;179 cm;Unknown Footedness;Very Weak;Very Weak;0.0;0.0;0.0;0.0;0.0;0.0;0.0;0.0;0.0;0.0;0.0;0.0;0.0;0.0;0.0;0.0;0.0;0.0;0;0;0;0.0;0.0;0.0;0.0;0.0;0.0;0;0.0;0;0;0;0;0.0;0.0;0.0;0.0;0.0;0.0;0;0.0;0;0;0.0;0.0;0.0;0.0;0.0;0.0;0.0;0.0
2002099102;Iván Espino;M (C);M (C), AM (RC);15;Spain;R. Majadahonda;Spanish Federation 1A;0;0;-;Scouting Required;Unknown;£45 - £65 p/w;30/6/2028;166 cm;Unknown Footedness;Very Weak;Very Weak;0.0;0.0;0.0;0.0;0.0;0.0;0.0;0.0;0.0;0.0;0.0;0.0;0.0;0.0;0.0;0.0;0.0;0.0;0;0;0;0.0;0.0;0.0;0.0;0.0;0.0;0;0.0;0;0;0;0;0.0;0.0;0.0;0.0;0.0;0.0;0;0.0;0;0;0.0;0.0;0.0;0.0;0.0;0.0;0.0;0.0
2002099109;César Guilló;AM (C);DM, M/AM (C);16;Spain;Castellón;Spanish Federation 1B;0;0;-;Scouting Required;£35K - £140K;£50 - £70 p/w;30/6/2028;169 cm;Right-Footed;Reasonable;Very Strong;0.0;0.0;0.0;0.0;0.0;0.0;0.0;0.0;0.0;0.0;0.0;0.0;0.0;0.0;0.0;0.0;0.0;0.0;0;0;0;0.0;0.0;0.0;0.0;0.0;0.0;0;0.0;0;0;0;0;0.0;0.0;0.0;0.0;0.0;0.0;0;0.0;0;0;0.0;0.0;0.0;0.0;0.0;0.0;0.0;0.0
67277832;Ander Lorente;D (C);D (RC);23;Spain;Lugo;Spanish Federation 1A;2 (4);344;6.52;Scouting Required;£0 - £35K;£775 - £1.1K p/w;30/6/2025;179 cm;Right-Footed;Weak;Very Strong;7.3;12.0;45.5;51.8;5.5;0.3;0.8;0.0;2.1;0.5;0.5;1.6;1.3;1.3;10.5;0.0;3.7;0.3;0;0;0;0.0;2.6;6.3;0.0;0.0;0.0;-0.03;0.0;1;0;0;0;8.9;0.8;0.3;0.0;0.0;0.0;0;0.3;0;0;0.0;0.3;0.0;0.3;0.0;0.5;0.0;0.5
2002099111;Cherno Darboe;D (C);D (RC);16;The Gambia;Castellón;Spanish Federation 1B;0;0;-;Scouting Required;£2.5K - £26K;£55 - £70 p/w;30/6/2028;182 cm;Right-Footed;Fairly Strong;Very Strong;0.0;0.0;0.0;0.0;0.0;0.0;0.0;0.0;0.0;0.0;0.0;0.0;0.0;0.0;0.0;0.0;0.0;0.0;0;0;0;0.0;0.0;0.0;0.0;0.0;0.0;0;0.0;0;0;0;0;0.0;0.0;0.0;0.0;0.0;0.0;0;0.0;0;0;0.0;0.0;0.0;0.0;0.0;0.0;0.0;0.0
2002099113;Alberto;D (R);D (RC);16;Spain;Castellón;Spanish Federation 1B;0;0;-;Scouting Required;£26K - £95K;£55 - £75 p/w;30/6/2028;181 cm;Right-Footed;Reasonable;Very Strong;0.0;0.0;0.0;0.0;0.0;0.0;0.0;0.0;0.0;0.0;0.0;0.0;0.0;0.0;0.0;0.0;0.0;0.0;0;0;0;0.0;0.0;0.0;0.0;0.0;0.0;0;0.0;0;0;0;0;0.0;0.0;0.0;0.0;0.0;0.0;0;0.0;0;0;0.0;0.0;0.0;0.0;0.0;0.0;0.0;0.0
2002099148;Antonio Martín;GK;GK;16;Spain;Eldense;Second Division;10 (16);0;-;Scouting Required;£30K - £300K;£50 - £65 p/w;30/6/2028;181 cm;Right-Footed;Fairly Strong;Very Strong;0.0;0.0;0.0;0.0;0.0;0.0;0.0;0.0;0.0;0.0;0.0;0.0;0.0;0.0;0.0;0.0;0.0;0.0;0;0;0;0.0;0.0;0.0;0.0;0.0;0.0;0;0.0;0;0;0;0;0.0;0.0;0.0;0.0;0.0;0.0;0;0.0;0;0;0.0;0.0;0.0;0.0;0.0;0.0;0.0;0.0
2002099153;Jordi Infante;D (L);D/WB/M (L);16;Spain;Eldense;Second Division;0 (1);8;-;Scouting Required;£170K - £650K;£55 - £70 p/w;30/6/2028;171 cm;Left-Footed Only;Very Strong;Weak;0.0;0.0;0.0;0.0;0.0;0.0;0.0;0.0;0.0;0.0;0.0;0.0;0.0;0.0;0.0;0.0;0.0;0.0;0;0;0;0.0;0.0;0.0;0.0;0.0;0.0;0;0.0;0;0;0;0;0.0;0.0;0.0;0.0;0.0;0.0;0;0.0;0;0;0.0;0.0;0.0;0.0;0.0;0.0;0.0;0.0
2002099154;David Rosales;AM (R);AM (RC), ST (C);16;Spain;Eldense;Second Division;0;0;-;Scouting Required;£26K - £275K;£55 - £75 p/w;30/6/2028;174 cm;Right-Footed;Reasonable;Very Strong;0.0;0.0;0.0;0.0;0.0;0.0;0.0;0.0;0.0;0.0;0.0;0.0;0.0;0.0;0.0;0.0;0.0;0.0;0;0;0;0.0;0.0;0.0;0.0;0.0;0.0;0;0.0;0;0;0;0;0.0;0.0;0.0;0.0;0.0;0.0;0;0.0;0;0;0.0;0.0;0.0;0.0;0.0;0.0;0.0;0.0
67279602;Iago Domínguez;GK;GK;22;Spain;Mirandés;Second Division;0 (1);60;6.40;Scouting Required;£0 - £18K;£1.1K - £1.5K p/w;30/6/2025;195 cm;Right-Footed;Reasonable;Very Strong;0.0;0.0;0.0;0.0;0.0;0.0;0.0;0.0;0.0;0.0;0.0;0.0;0.0;0.0;0.0;0.0;0.0;0.0;92;50;0;0.0;0.0;0.0;0.0;0.0;0.0;0;0.0;0;0;0;0;0.0;0.0;0.0;0.0;0.0;0.0;0;0.0;0;0;0.0;0.0;0.0;0.0;0.0;0.0;0.0;0.0
67279611;Óscar Gil;ST (C);AM (C), ST (C);23;Spain;Vigo B;Spanish Federation 1A;0 (1);7;-;Scouting Required;£2.5K - £24K;£110 - £160 p/w;30/6/2024;181 cm;Right-Footed;Reasonable;Very Strong;0.0;0.0;0.0;0.0;0.0;0.0;0.0;0.0;0.0;0.0;0.0;0.0;0.0;0.0;0.0;0.0;0.0;0.0;0;0;0;0.0;0.0;0.0;0.0;0.0;0.0;0;0.0;0;0;0;0;0.0;0.0;0.0;0.0;0.0;0.0;0;0.0;0;0;0.0;0.0;0.0;0.0;0.0;0.0;0.0;0.0
67279676;Javi Cueto;ST (C);ST (C);23;Spain;Algeciras;Spanish Federation 1B;3 (5);261;6.60;Scouting Required;£30K - £325K;£750 - £1K p/w;30/6/2025;170 cm;Right-Footed Only;Weak;Very Strong;7.2;4.1;18.6;22.8;0.3;0.0;1.0;0.0;5.5;0.3;0.0;0.7;1.4;1.4;13.5;0.7;6.9;0.0;0;0;0;0.0;8.3;3.4;0.0;0.0;0.5;-0.34;0.2;3;4;0;0;11.7;0.0;0.0;0.0;0.0;0.3;0;1.7;0;2;0.0;0.0;0.0;0.3;0.7;1.7;0.0;0.0
2002099161;Francisco Manuel Vilas;DM;D (C), DM, M (C);15;Dominican Republic;Eldense;Second Division;0;0;-;Scouting Required;Unknown;£40 - £60 p/w;30/6/2028;183 cm;Unknown Footedness;Very Weak;Very Weak;0.0;0.0;0.0;0.0;0.0;0.0;0.0;0.0;0.0;0.0;0.0;0.0;0.0;0.0;0.0;0.0;0.0;0.0;0;0;0;0.0;0.0;0.0;0.0;0.0;0.0;0;0.0;0;0;0;0;0.0;0.0;0.0;0.0;0.0;0.0;0;0.0;0;0;0.0;0.0;0.0;0.0;0.0;0.0;0.0;0.0
2002099163;Germán Silveira;GK;GK;16;Spain;Ferrol;Second Division;1 (10);0;-;Scouting Required;Unknown;£40 - £60 p/w;30/6/2028;182 cm;Unknown Footedness;Very Weak;Very Weak;0.0;0.0;0.0;0.0;0.0;0.0;0.0;0.0;0.0;0.0;0.0;0.0;0.0;0.0;0.0;0.0;0.0;0.0;0;0;0;0.0;0.0;0.0;0.0;0.0;0.0;0;0.0;0;0;0;0;0.0;0.0;0.0;0.0;0.0;0.0;0;0.0;0;0;0.0;0.0;0.0;0.0;0.0;0.0;0.0;0.0
2002099164;Aarón Pazos;M (C);M (LC), AM (C), ST (C);15;Spain;Ferrol;Second Division;0;0;-;Scouting Required;Unknown;£45 - £60 p/w;30/6/2028;175 cm;Unknown Footedness;Very Weak;Very Weak;0.0;0.0;0.0;0.0;0.0;0.0;0.0;0.0;0.0;0.0;0.0;0.0;0.0;0.0;0.0;0.0;0.0;0.0;0;0;0;0.0;0.0;0.0;0.0;0.0;0.0;0;0.0;0;0;0;0;0.0;0.0;0.0;0.0;0.0;0.0;0;0.0;0;0;0.0;0.0;0.0;0.0;0.0;0.0;0.0;0.0
2002099165;Miguel Fondevila;D (C);D (C), DM;15;Spain;Ferrol;Second Division;4 (13);0;-;Scouting Required;Unknown;£45 - £65 p/w;30/6/2028;183 cm;Unknown Footedness;Very Weak;Very Weak;0.0;0.0;0.0;0.0;0.0;0.0;0.0;0.0;0.0;0.0;0.0;0.0;0.0;0.0;0.0;0.0;0.0;0.0;0;0;0;0.0;0.0;0.0;0.0;0.0;0.0;0;0.0;0;0;0;0;0.0;0.0;0.0;0.0;0.0;0.0;0;0.0;0;0;0.0;0.0;0.0;0.0;0.0;0.0;0.0;0.0
67280813;Mohamed Mizzian;ST (C);ST (C);24;Spain;Mérida;Spanish Federation 1B;0;0;-;Surplus to Requirements;£0;£320 - £370 p/w;30/6/2024;185 cm;Right-Footed;Fairly Strong;Very Strong;0.0;0.0;0.0;0.0;0.0;0.0;0.0;0.0;0.0;0.0;0.0;0.0;0.0;0.0;0.0;0.0;0.0;0.0;0;0;0;0.0;0.0;0.0;0.0;0.0;0.0;0;0.0;0;0;0;0;0.0;0.0;0.0;0.0;0.0;0.0;0;0.0;0;0;0.0;0.0;0.0;0.0;0.0;0.0;0.0;0.0
67280832;Gonzalo Crettaz;GK;GK;24;Argentina;Castellón;Spanish Federation 1B;36;3205;7.01;Scouting Required;£110K - £1.1M;£1.6K - £2.2K p/w;30/6/2025;181 cm;Right-Footed;Reasonable;Very Strong;1.3;8.1;30.5;31.7;0.3;0.0;1.2;0.0;0.0;0.0;0.0;1.2;0.3;0.0;6.4;0.0;0.1;0.0;85;75;0;0.0;0.0;0.0;0.4;0.0;0.0;0;0.0;0;5;0;0;0.0;0.0;0.0;0.0;1.2;0.0;2;1.6;1;0;0.0;0.0;-0.1;0.0;0.0;0.0;0.0;0.0
2002099166;Miguel Pavón;D (C);D (C);15;Spain;Ferrol;Second Division;0;0;-;Scouting Required;Unknown;£45 - £65 p/w;30/6/2028;180 cm;Unknown Footedness;Very Weak;Very Weak;0.0;0.0;0.0;0.0;0.0;0.0;0.0;0.0;0.0;0.0;0.0;0.0;0.0;0.0;0.0;0.0;0.0;0.0;0;0;0;0.0;0.0;0.0;0.0;0.0;0.0;0;0.0;0;0;0;0;0.0;0.0;0.0;0.0;0.0;0.0;0;0.0;0;0;0.0;0.0;0.0;0.0;0.0;0.0;0.0;0.0
67280844;Salvi;GK;GK;24;Spain;Tarazona;Spanish Federation 1A;32 (1);2949;6.72;Important Player;£35K - £350K;£1.8K - £2.1K p/w;30/6/2026;192 cm;Right-Footed;Fairly Strong;Very Strong;7.6;4.4;17.4;24.8;0.2;0.0;1.4;0.0;0.0;0.0;0.0;7.8;0.0;0.0;5.7;0.0;0.1;0.0;85;72;0;0.0;0.0;0.0;0.2;0.0;0.0;0;0.0;0;5;0;0;0.0;0.0;0.0;0.0;1.4;0.0;3;1.0;0;0;0.0;0.0;-0.0;0.0;0.0;0.0;0.0;0.0
67280849;Mario Da Costa;AM (C);M/AM (C), ST (C);23;Spain;Lugo;Spanish Federation 1A;0 (1);27;6.60;Surplus to Requirements;£8K - £24K;£220 - £260 p/w;30/6/2025;182 cm;Right-Footed;Weak;Very Strong;0.0;0.0;0.0;0.0;0.0;0.0;0.0;0.0;0.0;0.0;0.0;0.0;0.0;0.0;0.0;0.0;0.0;0.0;0;0;0;0.0;0.0;0.0;0.0;0.0;0.0;-0.04;0.0;0;0;0;0;0.0;0.0;0.0;0.0;0.0;0.0;0;0.0;0;0;0.0;0.0;0.0;0.0;0.0;0.0;0.0;0.0
2002099167;Thibaut Evrard;WB (R);WB (R);16;Switzerland;Ferrol;Second Division;0;0;-;Scouting Required;Unknown;£45 - £65 p/w;30/6/2028;174 cm;Unknown Footedness;Very Weak;Very Weak;0.0;0.0;0.0;0.0;0.0;0.0;0.0;0.0;0.0;0.0;0.0;0.0;0.0;0.0;0.0;0.0;0.0;0.0;0;0;0;0.0;0.0;0.0;0.0;0.0;0.0;0;0.0;0;0;0;0;0.0;0.0;0.0;0.0;0.0;0.0;0;0.0;0;0;0.0;0.0;0.0;0.0;0.0;0.0;0.0;0.0
67281488;Miguelete;ST (C);AM (RC);23;Spain;Huelva;Spanish Federation 1B;23 (5);1804;6.61;Scouting Required;£0 - £75K;£340 - £480 p/w;30/6/2024;186 cm;Right-Footed;Fairly Strong;Very Strong;9.8;6.1;29.2;34.0;1.3;0.4;2.0;0.0;11.0;2.9;0.1;1.3;1.4;1.2;13.2;1.8;9.0;0.9;0;0;0;0.0;3.9;3.5;0.0;0.0;0.1;0.04;0.1;25;32;3;0;7.4;0.1;1.8;0.1;0.0;0.1;0;0.6;0;2;0.0;0.5;0.0;1.0;0.7;1.7;0.0;0.1
67281887;Andrés Borge;D (L);D (RLC);22;Spain;Zaragoza;Second Division;0 (1);83;6.60;Scouting Required;£26K - £250K;£330 - £450 p/w;30/6/2027;181 cm;Right-Footed;Fairly Strong;Very Strong;10.8;15.2;40.1;43.4;6.5;0.0;2.2;0.0;9.8;4.3;1.1;3.3;3.3;1.1;0.0;0.0;14.1;2.2;0;0;0;0.0;2.2;4.3;0.0;0.0;0.0;0;0.0;1;1;0;0;6.5;1.1;2.2;0.0;0.0;0.0;0;2.2;0;0;0.0;0.0;0.0;0.0;0.0;0.0;0.0;1.1
2002099168;Rubén;D (C);D (C), DM, M (C);16;Spain;Ferrol;Second Division;0;0;-;Scouting Required;Unknown;£45 - £65 p/w;30/6/2028;179 cm;Unknown Footedness;Very Weak;Very Weak;0.0;0.0;0.0;0.0;0.0;0.0;0.0;0.0;0.0;0.0;0.0;0.0;0.0;0.0;0.0;0.0;0.0;0.0;0;0;0;0.0;0.0;0.0;0.0;0.0;0.0;0;0.0;0;0;0;0;0.0;0.0;0.0;0.0;0.0;0.0;0;0.0;0;0;0.0;0.0;0.0;0.0;0.0;0.0;0.0;0.0
2002099169;Christian N'Kassa;ST (C);AM (C), ST (C);16;Spain;Ferrol;Second Division;0 (1);1;-;Scouting Required;Unknown;£50 - £65 p/w;30/6/2028;190 cm;Unknown Footedness;Very Weak;Very Weak;0.0;0.0;0.0;0.0;0.0;0.0;0.0;0.0;0.0;0.0;0.0;0.0;0.0;0.0;0.0;0.0;0.0;0.0;0;0;0;0.0;0.0;0.0;0.0;0.0;0.0;0;0.0;0;0;0;0;0.0;0.0;0.0;0.0;0.0;0.0;0;0.0;0;0;0.0;0.0;0.0;0.0;0.0;0.0;0.0;0.0
2002099170;Jeremy Catoira;AM (R);D/WB/AM (R);16;Spain;Ferrol;Second Division;0 (1);16;6.70;Scouting Required;Unknown;£50 - £70 p/w;30/6/2028;172 cm;Unknown Footedness;Very Weak;Very Weak;0.0;0.0;0.0;0.0;0.0;0.0;0.0;0.0;0.0;0.0;0.0;0.0;0.0;0.0;0.0;0.0;0.0;0.0;0;0;0;0.0;0.0;0.0;0.0;0.0;0.0;0;0.0;0;0;0;0;0.0;0.0;0.0;0.0;0.0;0.0;0;0.0;0;0;0.0;0.0;0.0;0.0;0.0;0.0;0.0;0.0
2002099184;Cristian;GK;GK;15;Spain;Mérida;Spanish Federation 1B;18 (4);0;-;Scouting Required;£0 - £30K;£40 - £60 p/w;30/6/2028;189 cm;Right-Footed;Reasonable;Very Strong;0.0;0.0;0.0;0.0;0.0;0.0;0.0;0.0;0.0;0.0;0.0;0.0;0.0;0.0;0.0;0.0;0.0;0.0;0;0;0;0.0;0.0;0.0;0.0;0.0;0.0;0;0.0;0;0;0;0;0.0;0.0;0.0;0.0;0.0;0.0;0;0.0;0;0;0.0;0.0;0.0;0.0;0.0;0.0;0.0;0.0
2002099187;Roberto;M (C);M (C), AM (RC);15;Spain;Mérida;Spanish Federation 1B;1;45;6.70;Scouting Required;£7K - £70K;£45 - £65 p/w;30/6/2028;177 cm;Right-Footed;Fairly Strong;Very Strong;0.0;0.0;0.0;0.0;0.0;0.0;0.0;0.0;0.0;0.0;0.0;0.0;0.0;0.0;0.0;0.0;0.0;0.0;0;0;0;0.0;0.0;0.0;0.0;0.0;0.0;0;0.0;1;0;0;0;0.0;0.0;0.0;0.0;0.0;0.0;0;0.0;0;0;0.0;0.0;0.0;0.0;0.0;0.0;0.0;0.0
2002099188;Gastón Machado;D (C);D (LC), M (C);15;Uruguay;Mérida;Spanish Federation 1B;0;0;-;Scouting Required;£16K - £160K;£45 - £65 p/w;30/6/2028;188 cm;Left-Footed;Very Strong;Reasonable;0.0;0.0;0.0;0.0;0.0;0.0;0.0;0.0;0.0;0.0;0.0;0.0;0.0;0.0;0.0;0.0;0.0;0.0;0;0;0;0.0;0.0;0.0;0.0;0.0;0.0;0;0.0;0;0;0;0;0.0;0.0;0.0;0.0;0.0;0.0;0;0.0;0;0;0.0;0.0;0.0;0.0;0.0;0.0;0.0;0.0
67288186;Manolo Molina;D (L);D/WB (L);28;Spain;Linares;Spanish Federation 1B;0 (2);56;6.90;Scouting Required;£0;£250 - £360 p/w;30/6/2024;189 cm;Left-Footed;Very Strong;Weak;0.0;0.0;0.0;0.0;0.0;0.0;0.0;0.0;0.0;0.0;0.0;0.0;0.0;0.0;0.0;0.0;0.0;0.0;0;0;1;0.0;0.0;0.0;0.0;0.0;0.0;0;0.0;1;0;0;0;0.0;0.0;0.0;0.0;0.0;0.0;0;0.0;0;0;0.0;0.0;0.0;0.0;0.0;0.0;0.0;0.0
2002099189;Álex;AM (R);AM (RL), ST (C);15;Spain;Mérida;Spanish Federation 1B;0;0;-;Scouting Required;£85K - £325K;£45 - £65 p/w;30/6/2028;178 cm;Right-Footed;Reasonable;Very Strong;0.0;0.0;0.0;0.0;0.0;0.0;0.0;0.0;0.0;0.0;0.0;0.0;0.0;0.0;0.0;0.0;0.0;0.0;0;0;0;0.0;0.0;0.0;0.0;0.0;0.0;0;0.0;0;0;0;0;0.0;0.0;0.0;0.0;0.0;0.0;0;0.0;0;0;0.0;0.0;0.0;0.0;0.0;0.0;0.0;0.0
2002099191;Antonio;D (L);D/AM (L);16;Spain;Mérida;Spanish Federation 1B;0 (1);23;6.70;Scouting Required;£2.5K - £26K;£50 - £70 p/w;30/6/2028;168 cm;Left-Footed;Very Strong;Fairly Strong;0.0;0.0;0.0;0.0;0.0;0.0;0.0;0.0;0.0;0.0;0.0;0.0;0.0;0.0;0.0;0.0;0.0;0.0;0;0;0;0.0;0.0;0.0;0.0;0.0;0.0;0;0.0;0;0;0;0;0.0;0.0;0.0;0.0;0.0;0.0;0;0.0;0;0;0.0;0.0;0.0;0.0;0.0;0.0;0.0;0.0
2002099194;Martí Monje;DM;DM, M (C);16;Spain;Mérida;Spanish Federation 1B;0;0;-;Scouting Required;£0 - £80K;£50 - £70 p/w;30/6/2028;175 cm;Right-Footed;Reasonable;Very Strong;0.0;0.0;0.0;0.0;0.0;0.0;0.0;0.0;0.0;0.0;0.0;0.0;0.0;0.0;0.0;0.0;0.0;0.0;0;0;0;0.0;0.0;0.0;0.0;0.0;0.0;0;0.0;0;0;0;0;0.0;0.0;0.0;0.0;0.0;0.0;0;0.0;0;0;0.0;0.0;0.0;0.0;0.0;0.0;0.0;0.0
2002099196;Daniel Spinelli;AM (R);AM (RC), ST (C);15;Argentina;Mérida;Spanish Federation 1B;10 (16);0;-;Scouting Required;£0 - £65K;£55 - £75 p/w;30/6/2028;175 cm;Right-Footed;Reasonable;Very Strong;0.0;0.0;0.0;0.0;0.0;0.0;0.0;0.0;0.0;0.0;0.0;0.0;0.0;0.0;0.0;0.0;0.0;0.0;0;0;0;0.0;0.0;0.0;0.0;0.0;0.0;0;0.0;0;0;0;0;0.0;0.0;0.0;0.0;0.0;0.0;0;0.0;0;0;0.0;0.0;0.0;0.0;0.0;0.0;0.0;0.0
2002099198;Carlos;AM (C);AM (C), ST (C);15;Spain;Mérida;Spanish Federation 1B;0;0;-;Scouting Required;£0 - £110K;£35 - £55 p/w;30/6/2028;165 cm;Left-Footed;Very Strong;Reasonable;0.0;0.0;0.0;0.0;0.0;0.0;0.0;0.0;0.0;0.0;0.0;0.0;0.0;0.0;0.0;0.0;0.0;0.0;0;0;0;0.0;0.0;0.0;0.0;0.0;0.0;0;0.0;0;0;0;0;0.0;0.0;0.0;0.0;0.0;0.0;0;0.0;0;0;0.0;0.0;0.0;0.0;0.0;0.0;0.0;0.0
2002099199;Santi;AM (L);AM (L), ST (C);15;Spain;Mérida;Spanish Federation 1B;0;0;-;Scouting Required;£2K - £18K;£35 - £55 p/w;30/6/2028;176 cm;Left-Footed;Very Strong;Reasonable;0.0;0.0;0.0;0.0;0.0;0.0;0.0;0.0;0.0;0.0;0.0;0.0;0.0;0.0;0.0;0.0;0.0;0.0;0;0;0;0.0;0.0;0.0;0.0;0.0;0.0;0;0.0;0;0;0;0;0.0;0.0;0.0;0.0;0.0;0.0;0;0.0;0;0;0.0;0.0;0.0;0.0;0.0;0.0;0.0;0.0
67290172;Aitor;D (C);D (C);22;Spain;Ponferrada;Spanish Federation 1A;5 (4);602;6.53;B Team Regular;£65K - £650K;£675 - £775 p/w;30/6/2026;185 cm;Right-Footed Only;Weak;Very Strong;6.9;8.7;39.9;45.9;2.5;0.1;1.8;0.0;2.8;0.9;0.9;1.3;1.3;1.2;10.8;0.1;3.7;0.0;0;0;0;0.0;2.8;5.7;0.0;0.0;0.0;-0.13;0.0;1;0;0;0;8.5;0.7;0.0;0.0;0.0;0.0;0;1.0;0;0;0.0;0.1;0.0;0.0;0.3;0.3;0.3;0.7
2002099205;Daniel;D (C);D (C), WB (L), DM;16;Spain;S.D. Logroñés;Spanish Federation 1A;0;0;-;Scouting Required;Unknown;£40 - £60 p/w;30/6/2028;182 cm;Unknown Footedness;Very Weak;Very Weak;0.0;0.0;0.0;0.0;0.0;0.0;0.0;0.0;0.0;0.0;0.0;0.0;0.0;0.0;0.0;0.0;0.0;0.0;0;0;0;0.0;0.0;0.0;0.0;0.0;0.0;0;0.0;0;0;0;0;0.0;0.0;0.0;0.0;0.0;0.0;0;0.0;0;0;0.0;0.0;0.0;0.0;0.0;0.0;0.0;0.0
2002099206;Rodrigo;AM (R);AM (R);15;Spain;S.D. Logroñés;Spanish Federation 1A;0;0;-;Scouting Required;Unknown;£45 - £60 p/w;30/6/2028;173 cm;Unknown Footedness;Very Weak;Very Weak;0.0;0.0;0.0;0.0;0.0;0.0;0.0;0.0;0.0;0.0;0.0;0.0;0.0;0.0;0.0;0.0;0.0;0.0;0;0;0;0.0;0.0;0.0;0.0;0.0;0.0;0;0.0;0;0;0;0;0.0;0.0;0.0;0.0;0.0;0.0;0;0.0;0;0;0.0;0.0;0.0;0.0;0.0;0.0;0.0;0.0
2002099209;Gerard Jurado;D (C);D (LC), M (L);15;Spain;S.D. Logroñés;Spanish Federation 1A;0;0;-;Scouting Required;Unknown;£45 - £65 p/w;30/6/2028;196 cm;Unknown Footedness;Very Weak;Very Weak;0.0;0.0;0.0;0.0;0.0;0.0;0.0;0.0;0.0;0.0;0.0;0.0;0.0;0.0;0.0;0.0;0.0;0.0;0;0;0;0.0;0.0;0.0;0.0;0.0;0.0;0;0.0;0;0;0;0;0.0;0.0;0.0;0.0;0.0;0.0;0;0.0;0;0;0.0;0.0;0.0;0.0;0.0;0.0;0.0;0.0
67292670;Unai Marino;GK;GK;25;Pays Basque;Antequera;Spanish Federation 1B;17;1560;7.01;Scouting Required;£0 - £8K;£1.1K - £1.6K p/w;30/6/2024;185 cm;Right-Footed;Fairly Strong;Very Strong;12.9;3.7;5.2;14.0;0.5;0.0;1.0;0.0;0.0;0.0;0.0;10.1;0.3;0.1;4.3;0.0;0.2;0.0;84;76;0;0.0;0.0;0.0;0.5;0.0;0.0;0;0.0;0;0;0;0;0.0;0.0;0.0;0.0;1.0;0.0;2;1.7;0;0;0.0;0.0;-0.0;0.0;0.0;0.0;0.0;0.0
67292825;Aitor Fraga;GK;GK;21;Spain;Real San Sebastián B;Spanish Federation 1A;0;0;-;Youngster;£220K - £650K;£220 - £260 p/w;30/6/2024;184 cm;Right-Footed;Reasonable;Very Strong;0.0;0.0;0.0;0.0;0.0;0.0;0.0;0.0;0.0;0.0;0.0;0.0;0.0;0.0;0.0;0.0;0.0;0.0;0;0;0;0.0;0.0;0.0;0.0;0.0;0.0;0;0.0;0;0;0;0;0.0;0.0;0.0;0.0;0.0;0.0;0;0.0;0;0;0.0;0.0;0.0;0.0;0.0;0.0;0.0;0.0
2002099211;Luis Matamala;AM (R);M/AM (R), ST (C);16;Spain;S.D. Logroñés;Spanish Federation 1A;0;0;-;Scouting Required;Unknown;£50 - £65 p/w;30/6/2028;169 cm;Unknown Footedness;Very Weak;Very Weak;0.0;0.0;0.0;0.0;0.0;0.0;0.0;0.0;0.0;0.0;0.0;0.0;0.0;0.0;0.0;0.0;0.0;0.0;0;0;0;0.0;0.0;0.0;0.0;0.0;0.0;0;0.0;0;0;0;0;0.0;0.0;0.0;0.0;0.0;0.0;0;0.0;0;0;0.0;0.0;0.0;0.0;0.0;0.0;0.0;0.0
2002099213;Diego Cruz;M (C);DM, M (LC);15;Spain;S.D. Logroñés;Spanish Federation 1A;0;0;-;Scouting Required;Unknown;£50 - £70 p/w;30/6/2028;169 cm;Unknown Footedness;Very Weak;Very Weak;0.0;0.0;0.0;0.0;0.0;0.0;0.0;0.0;0.0;0.0;0.0;0.0;0.0;0.0;0.0;0.0;0.0;0.0;0;0;0;0.0;0.0;0.0;0.0;0.0;0.0;0;0.0;0;0;0;0;0.0;0.0;0.0;0.0;0.0;0.0;0;0.0;0;0;0.0;0.0;0.0;0.0;0.0;0.0;0.0;0.0
2002099215;Alejandro González;GK;GK;15;Spain;Tarazona;Spanish Federation 1A;0;0;-;Scouting Required;Unknown;£50 - £70 p/w;30/6/2028;186 cm;Unknown Footedness;Very Weak;Very Weak;0.0;0.0;0.0;0.0;0.0;0.0;0.0;0.0;0.0;0.0;0.0;0.0;0.0;0.0;0.0;0.0;0.0;0.0;0;0;0;0.0;0.0;0.0;0.0;0.0;0.0;0;0.0;0;0;0;0;0.0;0.0;0.0;0.0;0.0;0.0;0;0.0;0;0;0.0;0.0;0.0;0.0;0.0;0.0;0.0;0.0
2002099216;Juan;AM (C);M (L), AM (C), ST (C);16;Spain;Tarazona;Spanish Federation 1A;0;0;-;Scouting Required;Unknown;£55 - £70 p/w;30/6/2028;173 cm;Unknown Footedness;Very Weak;Very Weak;0.0;0.0;0.0;0.0;0.0;0.0;0.0;0.0;0.0;0.0;0.0;0.0;0.0;0.0;0.0;0.0;0.0;0.0;0;0;0;0.0;0.0;0.0;0.0;0.0;0.0;0;0.0;0;0;0;0;0.0;0.0;0.0;0.0;0.0;0.0;0;0.0;0;0;0.0;0.0;0.0;0.0;0.0;0.0;0.0;0.0
67293614;Fernando Guerrero;DM;DM, M (C);22;Spain;Huesca;Second Division;0 (6);80;6.50;Scouting Required;£0;£310 - £450 p/w;30/6/2024;182 cm;Right-Footed Only;Weak;Very Strong;5.6;5.6;45.0;51.8;2.2;0.0;1.1;0.0;7.9;0.0;0.0;0.0;0.0;1.1;0.0;0.0;12.4;1.1;0;0;0;0.0;2.2;3.4;0.0;0.0;0.0;0;0.0;3;0;0;0;5.6;1.1;1.1;0.0;0.0;0.0;0;2.2;0;0;0.0;0.0;0.0;0.0;0.0;0.0;0.0;0.0
2002099217;Miguel Valcarce;D (C);D (C), DM;16;Spain;Tarazona;Spanish Federation 1A;0;0;-;Scouting Required;Unknown;£55 - £75 p/w;30/6/2028;198 cm;Unknown Footedness;Very Weak;Very Weak;0.0;0.0;0.0;0.0;0.0;0.0;0.0;0.0;0.0;0.0;0.0;0.0;0.0;0.0;0.0;0.0;0.0;0.0;0;0;0;0.0;0.0;0.0;0.0;0.0;0.0;0;0.0;0;0;0;0;0.0;0.0;0.0;0.0;0.0;0.0;0;0.0;0;0;0.0;0.0;0.0;0.0;0.0;0.0;0.0;0.0
2002099218;Adrián Losada;AM (C);AM (C), ST (C);16;Spain;Tarazona;Spanish Federation 1A;0;0;-;Scouting Required;Unknown;£55 - £75 p/w;30/6/2028;175 cm;Unknown Footedness;Very Weak;Very Weak;0.0;0.0;0.0;0.0;0.0;0.0;0.0;0.0;0.0;0.0;0.0;0.0;0.0;0.0;0.0;0.0;0.0;0.0;0;0;0;0.0;0.0;0.0;0.0;0.0;0.0;0;0.0;0;0;0;0;0.0;0.0;0.0;0.0;0.0;0.0;0;0.0;0;0;0.0;0.0;0.0;0.0;0.0;0.0;0.0;0.0
2002099219;Andrés Raposo;D (C);D (RC), DM;15;Spain;Tarazona;Spanish Federation 1A;0;0;-;Scouting Required;Unknown;£35 - £55 p/w;30/6/2028;179 cm;Unknown Footedness;Very Weak;Very Weak;0.0;0.0;0.0;0.0;0.0;0.0;0.0;0.0;0.0;0.0;0.0;0.0;0.0;0.0;0.0;0.0;0.0;0.0;0;0;0;0.0;0.0;0.0;0.0;0.0;0.0;0;0.0;0;0;0;0;0.0;0.0;0.0;0.0;0.0;0.0;0;0.0;0;0;0.0;0.0;0.0;0.0;0.0;0.0;0.0;0.0
67293677;Manu Fernández;M (C);M (C);23;Spain;Vigo B;Spanish Federation 1A;0 (1);6;-;Scouting Required;£28K - £110K;£230 - £320 p/w;30/6/2024;182 cm;Right-Footed;Reasonable;Very Strong;0.0;0.0;0.0;0.0;0.0;0.0;0.0;0.0;0.0;0.0;0.0;0.0;0.0;0.0;0.0;0.0;0.0;0.0;0;0;0;0.0;0.0;0.0;0.0;0.0;0.0;0;0.0;0;0;0;0;0.0;0.0;0.0;0.0;0.0;0.0;0;0.0;0;0;0.0;0.0;0.0;0.0;0.0;0.0;0.0;0.0
67293708;Rodri;D (C);D (RC);21;Spain;Leonesa;Spanish Federation 1A;4 (8);774;6.73;Scouting Required;£22K - £220K;£370 - £500 p/w;30/6/2026;186 cm;Right-Footed;Reasonable;Very Strong;5.7;11.5;45.1;51.6;4.8;0.3;1.4;0.0;3.5;1.4;0.6;1.7;1.6;1.3;10.8;0.1;4.9;0.2;0;0;0;0.0;3.3;5.5;0.0;0.0;0.0;0;0.0;8;4;2;0;8.7;0.7;0.2;0.0;0.0;0.0;0;1.0;0;0;0.0;0.3;0.0;0.0;0.0;0.0;0.2;0.5
2002099220;Eduard;AM (C);AM (LC), ST (C);16;Spain;Tarazona;Spanish Federation 1A;0;0;-;Scouting Required;Unknown;£35 - £55 p/w;30/6/2028;173 cm;Unknown Footedness;Very Weak;Very Weak;0.0;0.0;0.0;0.0;0.0;0.0;0.0;0.0;0.0;0.0;0.0;0.0;0.0;0.0;0.0;0.0;0.0;0.0;0;0;0;0.0;0.0;0.0;0.0;0.0;0.0;0;0.0;0;0;0;0;0.0;0.0;0.0;0.0;0.0;0.0;0;0.0;0;0;0.0;0.0;0.0;0.0;0.0;0.0;0.0;0.0
2002099221;Carlos Lavín;D (L);D (RLC);16;Spain;Tarazona;Spanish Federation 1A;0;0;-;Scouting Required;Unknown;£35 - £55 p/w;30/6/2028;178 cm;Unknown Footedness;Very Weak;Very Weak;0.0;0.0;0.0;0.0;0.0;0.0;0.0;0.0;0.0;0.0;0.0;0.0;0.0;0.0;0.0;0.0;0.0;0.0;0;0;0;0.0;0.0;0.0;0.0;0.0;0.0;0;0.0;0;0;0;0;0.0;0.0;0.0;0.0;0.0;0.0;0;0.0;0;0;0.0;0.0;0.0;0.0;0.0;0.0;0.0;0.0
2002099222;Romaric Eagles;D (C);D (RLC);15;England;Tarazona;Spanish Federation 1A;0;0;-;Scouting Required;Unknown;£40 - £55 p/w;30/6/2028;182 cm;Unknown Footedness;Very Weak;Very Weak;0.0;0.0;0.0;0.0;0.0;0.0;0.0;0.0;0.0;0.0;0.0;0.0;0.0;0.0;0.0;0.0;0.0;0.0;0;0;0;0.0;0.0;0.0;0.0;0.0;0.0;0;0.0;0;0;0;0;0.0;0.0;0.0;0.0;0.0;0.0;0;0.0;0;0;0.0;0.0;0.0;0.0;0.0;0.0;0.0;0.0
2002099223;Cristóbal;DM;DM, M (C);15;Spain;Tarazona;Spanish Federation 1A;0;0;-;Scouting Required;Unknown;£40 - £60 p/w;30/6/2028;173 cm;Unknown Footedness;Very Weak;Very Weak;0.0;0.0;0.0;0.0;0.0;0.0;0.0;0.0;0.0;0.0;0.0;0.0;0.0;0.0;0.0;0.0;0.0;0.0;0;0;0;0.0;0.0;0.0;0.0;0.0;0.0;0;0.0;0;0;0;0;0.0;0.0;0.0;0.0;0.0;0.0;0;0.0;0;0;0.0;0.0;0.0;0.0;0.0;0.0;0.0;0.0
2002099224;Jim Marshall;D (C);D (C), DM, M (C);15;Spain;Tarazona;Spanish Federation 1A;0;0;-;Scouting Required;Unknown;£40 - £60 p/w;30/6/2028;192 cm;Unknown Footedness;Very Weak;Very Weak;0.0;0.0;0.0;0.0;0.0;0.0;0.0;0.0;0.0;0.0;0.0;0.0;0.0;0.0;0.0;0.0;0.0;0.0;0;0;0;0.0;0.0;0.0;0.0;0.0;0.0;0;0.0;0;0;0;0;0.0;0.0;0.0;0.0;0.0;0.0;0;0.0;0;0;0.0;0.0;0.0;0.0;0.0;0.0;0.0;0.0
2002099225;Miguel Ángel Lucas;AM (R);M/AM (R);15;Spain;Tarazona;Spanish Federation 1A;0;0;-;Scouting Required;Unknown;£40 - £60 p/w;30/6/2028;179 cm;Unknown Footedness;Very Weak;Very Weak;0.0;0.0;0.0;0.0;0.0;0.0;0.0;0.0;0.0;0.0;0.0;0.0;0.0;0.0;0.0;0.0;0.0;0.0;0;0;0;0.0;0.0;0.0;0.0;0.0;0.0;0;0.0;0;0;0;0;0.0;0.0;0.0;0.0;0.0;0.0;0;0.0;0;0;0.0;0.0;0.0;0.0;0.0;0.0;0.0;0.0
2002099226;Javier Gallego;DM;DM, M (LC);16;Spain;Tarazona;Spanish Federation 1A;0;0;-;Scouting Required;Unknown;£40 - £60 p/w;30/6/2028;185 cm;Unknown Footedness;Very Weak;Very Weak;0.0;0.0;0.0;0.0;0.0;0.0;0.0;0.0;0.0;0.0;0.0;0.0;0.0;0.0;0.0;0.0;0.0;0.0;0;0;0;0.0;0.0;0.0;0.0;0.0;0.0;0;0.0;0;0;0;0;0.0;0.0;0.0;0.0;0.0;0.0;0;0.0;0;0;0.0;0.0;0.0;0.0;0.0;0.0;0.0;0.0
67294051;Álex Carbonell;D (R);D (R);23;Spain;Sestao;Spanish Federation 1A;1 (4);146;6.38;Scouting Required;£12K - £110K;£210 - £300 p/w;30/6/2024;172 cm;Right-Footed;Fairly Strong;Very Strong;21.6;6.8;44.4;51.8;3.1;0.0;0.6;0.0;6.8;1.2;0.6;0.6;2.5;1.2;11.2;0.6;11.7;5.5;0;0;0;1.8;2.5;1.2;0.0;0.0;0.0;0;0.0;4;1;1;0;3.7;0.0;5.5;1.8;0.0;0.0;0;0.6;0;0;0.0;0.0;0.0;0.0;0.0;0.0;0.0;1.2
67294056;Pol Domingo;D (C);D (C);24;Spain;Tarragona;Spanish Federation 1A;1 (2);136;7.20;Scouting Required;£12K - £130K;£290 - £410 p/w;30/6/2025;180 cm;Right-Footed;Reasonable;Very Strong;6.0;9.9;43.0;48.3;1.3;0.0;2.0;0.0;1.3;0.7;0.0;1.3;1.3;0.7;10.5;0.0;2.6;0.7;0;0;0;0.0;1.3;5.3;0.0;0.0;0.0;0.93;0.0;0;0;0;0;6.6;2.0;0.7;0.0;0.0;0.7;0;0.7;0;0;0.0;0.0;0.0;0.0;0.7;0.7;0.7;0.0
67294765;Marc Tenas;ST (C);AM (RL), ST (C);23;Spain;Cornellà;Spanish Federation 1A;2 (16);529;6.62;Regular Starter;£65K - £190K;£825 - £950 p/w;30/6/2026;183 cm;Right-Footed;Reasonable;Very Strong;19.7;1.4;20.1;24.3;0.3;0.5;1.0;0.0;7.0;1.5;0.3;0.5;0.5;1.7;12.4;0.7;7.0;1.9;0;0;0;0.5;8.7;3.1;0.0;0.0;0.3;-0.6;0.3;9;10;0;0;11.7;0.0;1.9;0.5;0.0;0.2;0;1.0;0;5;0.2;0.5;0.0;1.0;1.2;2.4;0.0;0.0
67294766;Adrián Cova;D (R);D (RC), WB (R);23;Venezuela;S.D. Logroñés;Spanish Federation 1A;3 (8);395;6.43;Scouting Required;£14K;£480 - £650 p/w;30/6/2026;180 cm;Right-Footed;Weak;Very Strong;16.9;9.3;36.7;44.2;5.9;1.4;1.6;0.0;8.0;1.6;0.5;2.5;1.8;1.4;11.9;0.7;11.4;4.8;0;0;0;0.5;3.2;3.9;0.0;0.2;0.0;-0.13;0.0;3;5;0;0;7.1;0.2;4.8;0.5;0.0;0.0;0;0.7;0;0;0.0;1.4;0.0;0.2;0.0;0.5;0.2;0.5
67294768;José Saldaña;GK;GK;23;Spain;Cartagena;Second Division;6 (1);504;6.87;First-Choice Goalkeeper;£1.2M;£1.1K - £1.3K p/w;30/6/2026;184 cm;Left-Footed;Very Strong;Reasonable;8.2;3.9;13.4;22.0;1.4;0.0;1.2;0.0;0.0;0.0;0.0;8.2;0.5;0.0;5.4;0.0;0.2;0.0;88;78;0;0.0;0.0;0.0;0.4;0.0;0.0;0;0.0;0;2;0;0;0.0;0.0;0.0;0.0;1.2;0.0;4;1.1;0;0;0.0;0.0;-0.0;0.0;0.0;0.0;0.0;0.0
2002099227;Sainey Ndong;AM (C);AM (C), ST (C);16;The Gambia;Tarazona;Spanish Federation 1A;1 (10);0;-;Scouting Required;Unknown;£45 - £60 p/w;30/6/2028;198 cm;Unknown Footedness;Very Weak;Very Weak;0.0;0.0;0.0;0.0;0.0;0.0;0.0;0.0;0.0;0.0;0.0;0.0;0.0;0.0;0.0;0.0;0.0;0.0;0;0;0;0.0;0.0;0.0;0.0;0.0;0.0;0;0.0;0;0;0;0;0.0;0.0;0.0;0.0;0.0;0.0;0;0.0;0;0;0.0;0.0;0.0;0.0;0.0;0.0;0.0;0.0
2002099228;Carlos;AM (C);AM (C), ST (C);15;Spain;Tarazona;Spanish Federation 1A;0;0;-;Scouting Required;Unknown;£45 - £65 p/w;30/6/2028;174 cm;Unknown Footedness;Very Weak;Very Weak;0.0;0.0;0.0;0.0;0.0;0.0;0.0;0.0;0.0;0.0;0.0;0.0;0.0;0.0;0.0;0.0;0.0;0.0;0;0;0;0.0;0.0;0.0;0.0;0.0;0.0;0;0.0;0;0;0;0;0.0;0.0;0.0;0.0;0.0;0.0;0;0.0;0;0;0.0;0.0;0.0;0.0;0.0;0.0;0.0;0.0
67294854;David De la Víbora;D (L);D/WB/M (L);21;Spain;Castellón;Spanish Federation 1B;1 (1);90;6.00;Scouting Required;£60K - £600K;£675 - £925 p/w;30/6/2025;168 cm;Left-Footed;Very Strong;Fairly Strong;11.0;6.0;29.0;37.0;5.0;0.0;3.0;0.0;10.0;5.0;0.0;0.0;3.0;0.0;13.2;0.0;21.0;6.0;0;0;0;0.0;5.0;1.0;0.0;0.0;0.0;0;0.0;0;1;0;0;6.0;0.0;6.0;0.0;0.0;0.0;0;1.0;1;0;0.0;0.0;0.0;0.0;0.0;0.0;0.0;0.0
2002099606;Genís Hermoso;GK;GK;16;Spain;A. Baleares;Spanish Federation 1B;0;0;-;Scouting Required;Unknown;£45 - £65 p/w;30/6/2028;189 cm;Unknown Footedness;Very Weak;Very Weak;0.0;0.0;0.0;0.0;0.0;0.0;0.0;0.0;0.0;0.0;0.0;0.0;0.0;0.0;0.0;0.0;0.0;0.0;0;0;0;0.0;0.0;0.0;0.0;0.0;0.0;0;0.0;0;0;0;0;0.0;0.0;0.0;0.0;0.0;0.0;0;0.0;0;0;0.0;0.0;0.0;0.0;0.0;0.0;0.0;0.0
67294884;Javier Piay;D (R);D/WB (R);23;Spain;Vigo B;Spanish Federation 1A;0 (1);13;-;Scouting Required;£0 - £65K;£100 - £150 p/w;30/6/2024;172 cm;Right-Footed;Fairly Strong;Very Strong;0.0;0.0;0.0;0.0;0.0;0.0;0.0;0.0;0.0;0.0;0.0;0.0;0.0;0.0;0.0;0.0;0.0;0.0;0;0;0;0.0;0.0;0.0;0.0;0.0;0.0;0;0.0;0;0;0;0;0.0;0.0;0.0;0.0;0.0;0.0;0;0.0;0;0;0.0;0.0;0.0;0.0;0.0;0.0;0.0;0.0
67294915;Marcelo Ribeiro;ST (C);ST (C);26;Brazil;San Fernando;Spanish Federation 1B;1 (4);237;7.10;Regular Starter;£4.5K - £45K;£420 - £500 p/w;30/6/2024;187 cm;Right-Footed;Weak;Very Strong;11.0;3.8;17.8;20.1;0.8;0.4;1.5;0.0;5.7;1.5;0.0;0.8;0.4;1.5;11.8;1.9;5.7;0.4;0;0;0;0.0;7.2;6.1;0.0;0.0;0.7;1.08;0.7;3;4;0;0;13.3;0.0;0.4;0.0;0.0;1.1;0;2.7;0;2;0.0;0.4;0.0;1.1;1.5;4.2;0.0;0.0
67295003;Diego González;D (L);D (LC);25;Spain;F.C. Andorra;Second Division;7 (8);741;6.80;Scouting Required;£0;£1.3K - £1.8K p/w;30/6/2024;179 cm;Left-Footed Only;Very Strong;Weak;14.8;10.6;44.0;52.3;4.6;0.4;1.2;0.0;7.8;2.6;1.3;2.3;3.4;2.6;12.5;0.7;10.7;1.8;0;0;0;0.4;1.5;3.3;0.0;0.1;0.0;0;0.0;2;2;1;0;4.7;0.1;1.8;0.4;0.0;0.0;0;1.2;0;0;0.0;0.4;0.0;0.0;0.0;0.0;0.1;0.1
67295018;Cheikh Sarr;GK;GK;24;Senegal;R. Majadahonda;Spanish Federation 1A;3 (3);359;6.54;Scouting Required;£20K - £210K;£650 - £925 p/w;30/6/2025;190 cm;Right-Footed;Fairly Strong;Very Strong;9.3;2.3;11.3;18.1;0.3;0.0;2.0;0.0;0.0;0.0;0.0;9.5;0.0;0.0;4.3;0.0;0.0;0.0;87;70;0;0.0;0.0;0.0;0.5;0.0;0.0;0;0.0;0;2;0;0;0.0;0.0;0.0;0.0;2.0;0.0;4;1.5;0;0;0.0;0.0;-0.4;0.0;0.0;0.0;0.0;0.0
2002099609;Francisco Javier Casado;M (C);DM, M/AM (C);16;Spain;A. Baleares;Spanish Federation 1B;0;0;-;Scouting Required;Unknown;£45 - £65 p/w;30/6/2028;177 cm;Unknown Footedness;Very Weak;Very Weak;0.0;0.0;0.0;0.0;0.0;0.0;0.0;0.0;0.0;0.0;0.0;0.0;0.0;0.0;0.0;0.0;0.0;0.0;0;0;0;0.0;0.0;0.0;0.0;0.0;0.0;0;0.0;0;0;0;0;0.0;0.0;0.0;0.0;0.0;0.0;0;0.0;0;0;0.0;0.0;0.0;0.0;0.0;0.0;0.0;0.0
67295027;Charly Pérez;GK;GK;22;Spain;Real Irún;Spanish Federation 1A;0;0;-;Scouting Required;£500 - £3.5K;£300 - £410 p/w;30/6/2026;184 cm;Right-Footed;Reasonable;Very Strong;0.0;0.0;0.0;0.0;0.0;0.0;0.0;0.0;0.0;0.0;0.0;0.0;0.0;0.0;0.0;0.0;0.0;0.0;0;0;0;0.0;0.0;0.0;0.0;0.0;0.0;0;0.0;0;0;0;0;0.0;0.0;0.0;0.0;0.0;0.0;0;0.0;0;0;0.0;0.0;0.0;0.0;0.0;0.0;0.0;0.0
2002099611;José Castrillo;M (C);M (RC), AM (C);16;Pays Basque;A. Baleares;Spanish Federation 1B;0;0;-;Scouting Required;Unknown;£50 - £70 p/w;30/6/2028;183 cm;Unknown Footedness;Very Weak;Very Weak;0.0;0.0;0.0;0.0;0.0;0.0;0.0;0.0;0.0;0.0;0.0;0.0;0.0;0.0;0.0;0.0;0.0;0.0;0;0;0;0.0;0.0;0.0;0.0;0.0;0.0;0;0.0;0;0;0;0;0.0;0.0;0.0;0.0;0.0;0.0;0;0.0;0;0;0.0;0.0;0.0;0.0;0.0;0.0;0.0;0.0
2002099618;Óscar Alonso;AM (L);AM (L);16;Spain;A. Baleares;Spanish Federation 1B;0;0;-;Scouting Required;Unknown;£35 - £55 p/w;30/6/2028;173 cm;Unknown Footedness;Very Weak;Very Weak;0.0;0.0;0.0;0.0;0.0;0.0;0.0;0.0;0.0;0.0;0.0;0.0;0.0;0.0;0.0;0.0;0.0;0.0;0;0;0;0.0;0.0;0.0;0.0;0.0;0.0;0;0.0;0;0;0;0;0.0;0.0;0.0;0.0;0.0;0.0;0;0.0;0;0;0.0;0.0;0.0;0.0;0.0;0.0;0.0;0.0
2002099620;Beñat Ruiz;GK;GK;15;Spain;Sestao;Spanish Federation 1A;0;0;-;Scouting Required;£0 - £55K;£35 - £55 p/w;30/6/2028;190 cm;Right-Footed;Reasonable;Very Strong;0.0;0.0;0.0;0.0;0.0;0.0;0.0;0.0;0.0;0.0;0.0;0.0;0.0;0.0;0.0;0.0;0.0;0.0;0;0;0;0.0;0.0;0.0;0.0;0.0;0.0;0;0.0;0;0;0;0;0.0;0.0;0.0;0.0;0.0;0.0;0;0.0;0;0;0.0;0.0;0.0;0.0;0.0;0.0;0.0;0.0
2002099621;Unai Bilbao;D (C);D (C), DM;16;Spain;Sestao;Spanish Federation 1A;0 (1);7;-;Scouting Required;£90K - £350K;£40 - £55 p/w;30/6/2028;187 cm;Right-Footed;Reasonable;Very Strong;0.0;0.0;0.0;0.0;0.0;0.0;0.0;0.0;0.0;0.0;0.0;0.0;0.0;0.0;0.0;0.0;0.0;0.0;0;0;0;0.0;0.0;0.0;0.0;0.0;0.0;0;0.0;0;0;0;0;0.0;0.0;0.0;0.0;0.0;0.0;0;0.0;0;0;0.0;0.0;0.0;0.0;0.0;0.0;0.0;0.0
67295210;Adrián Trespalacios;D (C);D (C);22;Spain;S.D. Logroñés;Spanish Federation 1A;6 (6);667;6.51;Fringe Player;£18K;£410 - £480 p/w;30/6/2026;185 cm;Right-Footed;Reasonable;Very Strong;4.3;8.8;41.8;49.0;3.9;0.4;2.0;0.0;3.1;1.1;0.4;1.9;0.7;1.3;11.0;0.0;4.7;0.1;0;0;0;0.0;1.5;6.2;0.0;0.0;0.0;-0.08;0.0;4;2;1;0;7.7;0.4;0.1;0.0;0.0;0.0;0;1.1;0;0;0.0;0.4;0.0;0.0;0.0;0.1;0.1;0.1
2002099623;José Ramón Gabilondo;ST (C);AM (R), ST (C);15;Spain;Sestao;Spanish Federation 1A;0 (1);18;6.40;Scouting Required;£2K - £18K;£40 - £60 p/w;30/6/2028;167 cm;Right-Footed;Reasonable;Very Strong;0.0;0.0;0.0;0.0;0.0;0.0;0.0;0.0;0.0;0.0;0.0;0.0;0.0;0.0;0.0;0.0;0.0;0.0;0;0;0;0.0;0.0;0.0;0.0;0.0;0.0;0;0.0;1;0;0;0;0.0;0.0;0.0;0.0;0.0;0.0;0;0.0;0;0;0.0;0.0;0.0;0.0;0.0;0.0;0.0;0.0
67295253;Javi Jiménez;AM (C);M/AM (C);22;Spain;Castellón;Spanish Federation 1B;0 (1);6;-;Scouting Required;£0;£230 - £310 p/w;30/6/2024;193 cm;Right-Footed;Reasonable;Very Strong;0.0;0.0;0.0;0.0;0.0;0.0;0.0;0.0;0.0;0.0;0.0;0.0;0.0;0.0;0.0;0.0;0.0;0.0;0;0;0;0.0;0.0;0.0;0.0;0.0;0.0;0;0.0;0;1;0;0;0.0;0.0;0.0;0.0;0.0;0.0;0;0.0;0;0;0.0;0.0;0.0;0.0;0.0;0.0;0.0;0.0
67295342;Rafa Diz;M (R);M (R);23;Spain;Lugo;Spanish Federation 1A;0 (1);0;-;Scouting Required;£30K - £300K;£550 - £850 p/w;30/6/2025;170 cm;Uses Both Feet;Very Strong;Very Strong;0.0;0.0;0.0;0.0;0.0;0.0;0.0;0.0;0.0;0.0;0.0;0.0;0.0;0.0;0.0;0.0;0.0;0.0;0;0;0;0.0;0.0;0.0;0.0;0.0;0.0;0;0.0;0;0;0;0;0.0;0.0;0.0;0.0;0.0;0.0;0;0.0;0;0;0.0;0.0;0.0;0.0;0.0;0.0;0.0;0.0
2002099624;Egoitz Martín;AM (L);AM (RLC);15;Spain;Sestao;Spanish Federation 1A;0;0;-;Scouting Required;£0 - £60K;£40 - £60 p/w;30/6/2028;185 cm;Left-Footed;Very Strong;Weak;0.0;0.0;0.0;0.0;0.0;0.0;0.0;0.0;0.0;0.0;0.0;0.0;0.0;0.0;0.0;0.0;0.0;0.0;0;0;0;0.0;0.0;0.0;0.0;0.0;0.0;0;0.0;0;0;0;0;0.0;0.0;0.0;0.0;0.0;0.0;0;0.0;0;0;0.0;0.0;0.0;0.0;0.0;0.0;0.0;0.0
2002099625;Alfonso Arregi;D (C);D/M (C);15;Spain;Sestao;Spanish Federation 1A;0;0;-;Scouting Required;£9K - £35K;£40 - £60 p/w;30/6/2028;188 cm;Right-Footed;Reasonable;Very Strong;0.0;0.0;0.0;0.0;0.0;0.0;0.0;0.0;0.0;0.0;0.0;0.0;0.0;0.0;0.0;0.0;0.0;0.0;0;0;0;0.0;0.0;0.0;0.0;0.0;0.0;0;0.0;0;0;0;0;0.0;0.0;0.0;0.0;0.0;0.0;0;0.0;0;0;0.0;0.0;0.0;0.0;0.0;0.0;0.0;0.0
67295585;Iker Kortajarena;M (C);M/AM (C);24;Spain;Huesca;Second Division;0 (8);165;6.67;Scouting Required;£120K;£1.5K - £2K p/w;30/6/2025;179 cm;Left-Footed;Very Strong;Reasonable;14.7;7.1;28.4;36.0;0.5;1.1;0.5;0.0;12.0;1.6;0.5;0.5;1.6;0.5;12.5;1.6;13.6;0.0;0;0;0;0.0;6.0;0.0;0.0;0.0;0.5;-0.96;0.5;3;6;0;0;6.0;0.0;0.0;0.0;0.0;0.0;0;1.1;0;0;0.5;1.1;0.0;0.0;0.5;1.1;0.0;0.0
67295588;Javi Martón;ST (C);ST (C);25;Spain;Mirandés;Second Division;1 (9);273;6.65;Scouting Required;£28K - £275K;£975 - £1.5K p/w;30/6/2026;183 cm;Right-Footed Only;Weak;Very Strong;16.5;1.3;22.1;23.4;0.7;0.7;4.9;0.0;6.9;1.3;0.0;0.3;0.3;1.0;12.8;0.7;8.2;0.3;0;0;0;0.3;7.3;2.6;0.0;0.0;0.6;-0.78;0.6;2;5;0;0;9.9;0.0;0.3;0.3;0.0;0.3;0;0.3;0;3;0.0;0.7;0.0;0.3;1.3;2.3;0.0;0.0
2002099627;Alain Rubio;M (L);M (L);15;Spain;Sestao;Spanish Federation 1A;0;0;-;Scouting Required;£1.5K - £18K;£45 - £65 p/w;30/6/2028;181 cm;Left-Footed;Very Strong;Reasonable;0.0;0.0;0.0;0.0;0.0;0.0;0.0;0.0;0.0;0.0;0.0;0.0;0.0;0.0;0.0;0.0;0.0;0.0;0;0;0;0.0;0.0;0.0;0.0;0.0;0.0;0;0.0;0;0;0;0;0.0;0.0;0.0;0.0;0.0;0.0;0;0.0;0;0;0.0;0.0;0.0;0.0;0.0;0.0;0.0;0.0
67295597;Alejandro Pavón;D (C);D (RC);24;Spain;Antequera;Spanish Federation 1B;0;0;-;Scouting Required;£0;£250 - £360 p/w;30/6/2024;181 cm;Right-Footed;Reasonable;Very Strong;0.0;0.0;0.0;0.0;0.0;0.0;0.0;0.0;0.0;0.0;0.0;0.0;0.0;0.0;0.0;0.0;0.0;0.0;0;0;0;0.0;0.0;0.0;0.0;0.0;0.0;0;0.0;0;0;0;0;0.0;0.0;0.0;0.0;0.0;0.0;0;0.0;0;0;0.0;0.0;0.0;0.0;0.0;0.0;0.0;0.0
67295599;Fran Carmona;D (C);D (C);24;Spain;Teruel;Spanish Federation 1A;2 (2);259;6.70;Fringe Player;£4K - £40K;£925 - £1.1K p/w;30/6/2025;184 cm;Right-Footed;Weak;Very Strong;3.8;5.9;41.4;47.3;2.1;0.3;1.0;0.0;2.1;0.7;0.3;2.1;1.0;0.7;10.5;0.0;5.6;1.0;0;0;0;0.0;2.4;4.5;0.0;0.0;0.0;0;0.0;1;0;0;0;6.9;0.3;1.0;0.0;0.0;0.0;0;0.7;0;0;0.0;0.3;0.0;0.0;0.0;0.0;0.3;0.3
67295646;Vadik Murria;D (C);D (C);22;Russia;Intercity;Spanish Federation 1B;40 (1);3514;6.81;Breakthrough Prospect;£16K - £150K;£280 - £320 p/w;30/6/2024;188 cm;Right-Footed Only;Weak;Very Strong;5.6;7.7;73.6;78.7;3.8;0.1;1.4;0.0;2.4;0.8;0.4;2.0;0.9;1.1;10.3;0.0;3.1;0.0;0;0;0;0.0;1.3;4.0;0.0;0.0;0.0;-0.33;0.0;10;2;1;0;5.3;0.4;0.0;0.0;0.0;0.0;0;1.4;1;0;0.0;0.1;0.0;0.0;0.2;0.4;0.3;0.3
2002099629;Javier Barrenetxea;DM;DM, M (C);16;Spain;Sestao;Spanish Federation 1A;0 (2);74;6.80;Scouting Required;£40K - £150K;£45 - £65 p/w;30/6/2028;181 cm;Left-Footed;Very Strong;Weak;9.7;2.4;55.9;57.2;2.4;1.2;1.2;0.0;8.5;2.4;0.0;1.2;2.4;1.2;0.0;0.0;9.7;0.0;0;0;0;0.0;1.2;0.0;0.0;0.0;0.0;0;0.0;0;0;0;0;1.2;0.0;0.0;0.0;0.0;0.0;0;0.0;0;0;0.0;3.6;0.0;0.0;0.0;0.0;1.2;0.0
2000111335;Enrique Herrero;ST (C);ST (C);19;Spain;R. Madrid B;Spanish Federation 1B;2 (16);0;-;Scouting Required;£22K - £220K;£160 - £250 p/w;30/6/2025;173 cm;Right-Footed;Reasonable;Very Strong;0.0;0.0;0.0;0.0;0.0;0.0;0.0;0.0;0.0;0.0;0.0;0.0;0.0;0.0;0.0;0.0;0.0;0.0;0;0;0;0.0;0.0;0.0;0.0;0.0;0.0;0;0.0;0;0;0;0;0.0;0.0;0.0;0.0;0.0;0.0;0;0.0;0;0;0.0;0.0;0.0;0.0;0.0;0.0;0.0;0.0
2002099630;Sergio Torres;DM;DM, M (C);15;Spain;Sestao;Spanish Federation 1A;0;0;-;Scouting Required;£0 - £70K;£45 - £65 p/w;30/6/2028;178 cm;Left-Footed;Very Strong;Fairly Strong;0.0;0.0;0.0;0.0;0.0;0.0;0.0;0.0;0.0;0.0;0.0;0.0;0.0;0.0;0.0;0.0;0.0;0.0;0;0;0;0.0;0.0;0.0;0.0;0.0;0.0;0;0.0;0;0;0;0;0.0;0.0;0.0;0.0;0.0;0.0;0;0.0;0;0;0.0;0.0;0.0;0.0;0.0;0.0;0.0;0.0
67295758;Oriol Soldevila;M (C);DM, M (C);23;Spain;Intercity;Spanish Federation 1B;3 (15);638;6.70;Fringe Player;£0 - £100K;£500 - £575 p/w;30/6/2024;182 cm;Right-Footed;Weak;Very Strong;10.4;7.3;55.2;63.6;5.8;0.7;1.8;0.0;10.7;3.1;0.4;1.1;1.1;2.4;13.7;1.0;11.4;0.3;0;0;0;0.1;1.4;0.7;0.0;0.0;0.1;-0.37;0.1;6;6;1;0;2.1;0.0;1.1;0.4;0.0;0.0;0;1.8;0;2;0.0;1.0;0.0;0.8;0.0;0.8;0.0;0.1
2002099633;Gorka Alexanko;D (C);D (LC), DM;15;Spain;Sestao;Spanish Federation 1A;0;0;-;Scouting Required;£26K - £100K;£50 - £70 p/w;30/6/2028;198 cm;Right-Footed;Reasonable;Very Strong;0.0;0.0;0.0;0.0;0.0;0.0;0.0;0.0;0.0;0.0;0.0;0.0;0.0;0.0;0.0;0.0;0.0;0.0;0;0;0;0.0;0.0;0.0;0.0;0.0;0.0;0;0.0;0;0;0;0;0.0;0.0;0.0;0.0;0.0;0.0;0;0.0;0;0;0.0;0.0;0.0;0.0;0.0;0.0;0.0;0.0
67295763;Ramón Vilà;GK;GK;22;Spain;A. Baleares;Spanish Federation 1B;6 (1);569;6.37;Scouting Required;£18K;£450 - £625 p/w;30/6/2025;191 cm;Right-Footed Only;Very Weak;Very Strong;8.9;4.3;5.2;12.5;0.9;0.0;2.2;0.0;0.0;0.0;0.0;8.1;0.3;0.0;4.0;0.0;0.0;0.0;76;48;0;0.0;0.0;0.0;0.0;0.0;0.0;0;0.0;0;0;0;0;0.0;0.0;0.0;0.0;2.2;0.0;1;1.4;0;0;0.0;0.0;-0.7;0.0;0.0;0.0;0.0;0.0
67296712;Koke;M (R);M/AM (RL);22;Spain;Burgos;Second Division;0 (2);26;-;Scouting Required;£0;£950 - £1.4K p/w;30/6/2025;177 cm;Right-Footed;Reasonable;Very Strong;0.0;0.0;0.0;0.0;0.0;0.0;0.0;0.0;0.0;0.0;0.0;0.0;0.0;0.0;0.0;0.0;0.0;0.0;0;0;0;0.0;0.0;0.0;0.0;0.0;0.0;0;0.0;2;0;0;0;0.0;0.0;0.0;0.0;0.0;0.0;0;0.0;0;0;0.0;0.0;0.0;0.0;0.0;0.0;0.0;0.0
2002099634;Iñigo Pérez;DM;DM, M (LC);15;Spain;Sestao;Spanish Federation 1A;0;0;-;Scouting Required;£0 - £75K;£50 - £70 p/w;30/6/2028;182 cm;Left-Footed;Very Strong;Reasonable;0.0;0.0;0.0;0.0;0.0;0.0;0.0;0.0;0.0;0.0;0.0;0.0;0.0;0.0;0.0;0.0;0.0;0.0;0;0;0;0.0;0.0;0.0;0.0;0.0;0.0;0;0.0;0;0;0;0;0.0;0.0;0.0;0.0;0.0;0.0;0;0.0;0;0;0.0;0.0;0.0;0.0;0.0;0.0;0.0;0.0
2002099635;Enrique Santisteban;M (R);M (R);16;Spain;Sestao;Spanish Federation 1A;0;0;-;Scouting Required;£1K - £12K;£50 - £70 p/w;30/6/2028;190 cm;Right-Footed;Reasonable;Very Strong;0.0;0.0;0.0;0.0;0.0;0.0;0.0;0.0;0.0;0.0;0.0;0.0;0.0;0.0;0.0;0.0;0.0;0.0;0;0;0;0.0;0.0;0.0;0.0;0.0;0.0;0;0.0;0;0;0;0;0.0;0.0;0.0;0.0;0.0;0.0;0;0.0;0;0;0.0;0.0;0.0;0.0;0.0;0.0;0.0;0.0
2002099638;David;GK;GK;16;Spain;Sanluqueño;Spanish Federation 1B;0;0;-;Scouting Required;Unknown;£55 - £75 p/w;30/6/2028;192 cm;Unknown Footedness;Very Weak;Very Weak;0.0;0.0;0.0;0.0;0.0;0.0;0.0;0.0;0.0;0.0;0.0;0.0;0.0;0.0;0.0;0.0;0.0;0.0;0;0;0;0.0;0.0;0.0;0.0;0.0;0.0;0;0.0;0;0;0;0;0.0;0.0;0.0;0.0;0.0;0.0;0;0.0;0;0;0.0;0.0;0.0;0.0;0.0;0.0;0.0;0.0
2002099639;Miguel;D (C);D (LC), WB (L);15;Spain;Sanluqueño;Spanish Federation 1B;0;0;-;Scouting Required;£3.5K - £35K;£35 - £55 p/w;30/6/2028;196 cm;Left-Footed;Very Strong;Fairly Strong;0.0;0.0;0.0;0.0;0.0;0.0;0.0;0.0;0.0;0.0;0.0;0.0;0.0;0.0;0.0;0.0;0.0;0.0;0;0;0;0.0;0.0;0.0;0.0;0.0;0.0;0;0.0;0;0;0;0;0.0;0.0;0.0;0.0;0.0;0.0;0;0.0;0;0;0.0;0.0;0.0;0.0;0.0;0.0;0.0;0.0
2002099640;Juan Carlos;D (C);D (RC), DM;16;Spain;Sanluqueño;Spanish Federation 1B;0;0;-;Scouting Required;£0 - £50K;£35 - £55 p/w;30/6/2028;178 cm;Right-Footed;Fairly Strong;Very Strong;0.0;0.0;0.0;0.0;0.0;0.0;0.0;0.0;0.0;0.0;0.0;0.0;0.0;0.0;0.0;0.0;0.0;0.0;0;0;0;0.0;0.0;0.0;0.0;0.0;0.0;0;0.0;0;0;0;0;0.0;0.0;0.0;0.0;0.0;0.0;0;0.0;0;0;0.0;0.0;0.0;0.0;0.0;0.0;0.0;0.0
67298563;Richard Franco;AM (R);AM (RL);22;Spain;Villarreal B;Second Division;3 (3);283;6.45;Fringe Player;£500 - £4K;£210 - £250 p/w;30/6/2024;179 cm;Right-Footed;Reasonable;Very Strong;26.7;0.6;25.8;32.8;3.2;2.5;1.6;0.0;10.2;4.8;0.0;1.6;0.6;2.9;12.4;1.6;9.2;3.8;0;0;0;0.3;5.4;1.0;0.0;0.0;0.2;-0.71;0.2;3;3;0;0;6.4;0.0;3.8;0.3;0.0;0.0;0;0.3;0;2;0.0;2.5;0.0;0.3;0.0;1.9;0.0;0.0
2002099642;Gabriel Olivera;M (L);M (LC), AM (L);16;Uruguay;Sanluqueño;Spanish Federation 1B;0;0;-;Scouting Required;£16K - £150K;£40 - £55 p/w;30/6/2028;170 cm;Left-Footed;Very Strong;Reasonable;0.0;0.0;0.0;0.0;0.0;0.0;0.0;0.0;0.0;0.0;0.0;0.0;0.0;0.0;0.0;0.0;0.0;0.0;0;0;0;0.0;0.0;0.0;0.0;0.0;0.0;0;0.0;0;0;0;0;0.0;0.0;0.0;0.0;0.0;0.0;0;0.0;0;0;0.0;0.0;0.0;0.0;0.0;0.0;0.0;0.0
2002099643;Saúl Varela;AM (R);AM (RL);15;Spain;Sanluqueño;Spanish Federation 1B;0 (1);14;-;Scouting Required;£3K - £30K;£40 - £60 p/w;30/6/2028;182 cm;Right-Footed;Reasonable;Very Strong;0.0;0.0;0.0;0.0;0.0;0.0;0.0;0.0;0.0;0.0;0.0;0.0;0.0;0.0;0.0;0.0;0.0;0.0;0;0;0;0.0;0.0;0.0;0.0;0.0;0.0;0;0.0;0;0;0;0;0.0;0.0;0.0;0.0;0.0;0.0;0;0.0;0;0;0.0;0.0;0.0;0.0;0.0;0.0;0.0;0.0
78095397;Guillermo Centurión;GK;GK;22;Uruguay;Huelva;Spanish Federation 1B;10;900;6.85;First-Choice Goalkeeper;£100K;£875 - £1K p/w;30/6/2027;181 cm;Right-Footed;Reasonable;Very Strong;12.9;4.9;9.6;20.1;1.5;0.0;1.6;0.0;0.0;0.0;0.0;8.6;0.1;0.3;6.1;0.0;0.3;0.0;81;70;0;0.0;0.0;0.0;0.2;0.0;0.0;0;0.0;0;1;0;0;0.0;0.0;0.0;0.0;1.6;0.0;3;1.4;0;0;0.0;0.0;-0.0;0.0;0.0;0.0;0.0;0.0
80026265;Josiel Nuñez;M (C);M/AM (C);31;Panama;Huelva;Spanish Federation 1B;7 (2);559;6.74;Surplus to Requirements;£4.5K - £14K;£725 - £825 p/w;30/6/2024;183 cm;Right-Footed;Reasonable;Very Strong;8.2;7.9;47.3;53.0;4.8;0.8;1.3;0.0;12.1;1.6;0.2;1.4;2.3;2.6;12.8;0.6;7.7;0.6;0;0;0;0.2;1.4;1.6;0.0;0.1;0.0;-0.06;0.0;8;6;0;0;3.1;0.3;1.3;0.3;0.0;0.0;0;1.0;0;3;0.0;1.0;0.0;0.3;0.0;0.3;0.0;0.2
82080552;Frank Angong;DM;DM, M (C);21;Cameroon;Ibiza;Spanish Federation 1B;14 (2);984;6.81;Scouting Required;£130K - £1.3M;£1K - £1.4K p/w;30/6/2025;179 cm;Right-Footed Only;Weak;Very Strong;8.1;10.5;58.7;65.2;4.2;0.4;1.1;0.0;10.8;2.9;0.8;1.1;1.9;2.6;13.0;0.4;7.4;0.0;0;0;0;0.0;1.6;2.3;0.0;0.0;0.0;-0.25;0.0;24;5;3;0;3.9;0.9;0.0;0.0;0.0;0.0;0;0.9;0;1;0.0;0.4;0.0;0.2;0.3;0.5;0.1;0.5
83223639;Gonçalo Tabuaço;GK;GK;23;Portugal;Lugo;Spanish Federation 1A;34;2962;6.72;Scouting Required;£28K - £275K;£1.3K - £1.9K p/w;30/6/2025;189 cm;Right-Footed Only;Weak;Very Strong;6.2;4.9;15.5;22.9;0.0;0.0;1.0;0.0;0.0;0.0;0.0;7.2;0.0;0.0;5.4;0.0;0.0;0.0;86;70;0;0.0;0.0;0.0;0.4;0.0;0.0;0;0.0;2;5;2;0;0.0;0.0;0.0;0.0;1.0;0.0;2;1.4;2;0;0.0;0.0;0.2;0.0;0.0;0.0;0.0;0.0
83228415;Masca;ST (C);ST (C);24;Portugal;Oviedo;Second Division;0 (4);82;6.60;Scouting Required;£45K;£1.3K - £1.8K p/w;30/6/2025;182 cm;Right-Footed Only;Weak;Very Strong;29.6;0.0;20.9;25.2;2.2;2.2;3.3;0.0;11.0;1.1;0.0;0.0;1.1;1.1;0.0;2.2;8.8;0.0;0;0;0;0.0;7.7;2.2;0.0;0.1;0.7;-0.6;0.7;1;3;0;0;9.9;0.0;0.0;0.0;0.0;0.0;0;1.1;0;0;0.0;2.2;0.0;0.0;0.0;4.4;0.0;0.0
83228741;Filipe Sissé;M (C);DM, M/AM (C);23;Guinea-Bissau;Murcia;Spanish Federation 1B;0 (3);8;-;Fringe Player;£50K - £180K;£725 - £850 p/w;30/6/2025;180 cm;Left-Footed Only;Very Strong;Weak;0.0;0.0;0.0;0.0;0.0;0.0;0.0;0.0;0.0;0.0;0.0;0.0;0.0;0.0;0.0;0.0;0.0;0.0;0;0;0;0.0;0.0;0.0;0.0;0.0;0.0;-0.08;0.0;0;0;0;0;0.0;0.0;0.0;0.0;0.0;0.0;0;0.0;0;0;0.0;0.0;0.0;0.0;0.0;0.0;0.0;0.0
2002099644;Fermín Vidal;D (R);D (RC);15;Spain;Sanluqueño;Spanish Federation 1B;0;0;-;Scouting Required;£18K - £190K;£40 - £60 p/w;30/6/2028;186 cm;Right-Footed;Fairly Strong;Very Strong;0.0;0.0;0.0;0.0;0.0;0.0;0.0;0.0;0.0;0.0;0.0;0.0;0.0;0.0;0.0;0.0;0.0;0.0;0;0;0;0.0;0.0;0.0;0.0;0.0;0.0;0;0.0;0;0;0;0;0.0;0.0;0.0;0.0;0.0;0.0;0;0.0;0;0;0.0;0.0;0.0;0.0;0.0;0.0;0.0;0.0
85076550;Baptiste Reynet;GK;GK;33;France;Ibiza;Spanish Federation 1B;3;270;6.80;Scouting Required;£85K - £850K;£2.1K - £2.9K p/w;30/6/2026;185 cm;Right-Footed Only;Weak;Very Strong;11.3;4.3;9.7;18.7;1.0;0.0;1.7;0.0;0.0;0.0;0.0;6.7;0.0;0.0;5.5;0.0;0.0;0.0;79;66;0;0.0;0.0;0.0;0.3;0.0;0.0;0;0.0;0;0;0;0;0.0;0.0;0.0;0.0;1.7;0.0;2;1.0;0;0;0.0;0.0;-0.2;0.0;0.0;0.0;0.0;0.0
2002099645;Rubén González;DM;DM, M (C);15;Spain;Sanluqueño;Spanish Federation 1B;0;0;-;Scouting Required;£75K - £275K;£40 - £60 p/w;30/6/2028;184 cm;Right-Footed;Fairly Strong;Very Strong;0.0;0.0;0.0;0.0;0.0;0.0;0.0;0.0;0.0;0.0;0.0;0.0;0.0;0.0;0.0;0.0;0.0;0.0;0;0;0;0.0;0.0;0.0;0.0;0.0;0.0;0;0.0;0;0;0;0;0.0;0.0;0.0;0.0;0.0;0.0;0;0.0;0;0;0.0;0.0;0.0;0.0;0.0;0.0;0.0;0.0
2002099646;Ian;AM (R);AM (R), ST (C);15;Spain;Sanluqueño;Spanish Federation 1B;0 (1);31;6.50;Scouting Required;£22K - £220K;£40 - £60 p/w;30/6/2028;174 cm;Right-Footed Only;Weak;Very Strong;0.0;0.0;0.0;0.0;0.0;0.0;0.0;0.0;0.0;0.0;0.0;0.0;0.0;0.0;0.0;0.0;0.0;0.0;0;0;0;0.0;0.0;0.0;0.0;0.0;0.0;0;0.0;1;0;0;0;0.0;0.0;0.0;0.0;0.0;0.0;0;0.0;0;1;0.0;0.0;0.0;0.0;0.0;0.0;0.0;0.0
2002099648;Umar Nurudeen;D (C);D (C);15;Spain;Sanluqueño;Spanish Federation 1B;0;0;-;Scouting Required;£12K - £130K;£45 - £65 p/w;30/6/2028;180 cm;Right-Footed;Reasonable;Very Strong;0.0;0.0;0.0;0.0;0.0;0.0;0.0;0.0;0.0;0.0;0.0;0.0;0.0;0.0;0.0;0.0;0.0;0.0;0;0;0;0.0;0.0;0.0;0.0;0.0;0.0;0;0.0;0;0;0;0;0.0;0.0;0.0;0.0;0.0;0.0;0;0.0;0;0;0.0;0.0;0.0;0.0;0.0;0.0;0.0;0.0
2002099655;Álex Toledo;DM;DM;16;Pays Basque;Intercity;Spanish Federation 1B;0;0;-;Scouting Required;£1K - £12K;£50 - £70 p/w;30/6/2028;187 cm;Right-Footed;Reasonable;Very Strong;0.0;0.0;0.0;0.0;0.0;0.0;0.0;0.0;0.0;0.0;0.0;0.0;0.0;0.0;0.0;0.0;0.0;0.0;0;0;0;0.0;0.0;0.0;0.0;0.0;0.0;0;0.0;0;0;0;0;0.0;0.0;0.0;0.0;0.0;0.0;0;0.0;0;0;0.0;0.0;0.0;0.0;0.0;0.0;0.0;0.0
2002099656;Evgeny Yershov;D (C);D (RC);15;Ukraine;Intercity;Spanish Federation 1B;0;0;-;Scouting Required;£16K - £160K;£50 - £70 p/w;30/6/2028;184 cm;Right-Footed;Reasonable;Very Strong;0.0;0.0;0.0;0.0;0.0;0.0;0.0;0.0;0.0;0.0;0.0;0.0;0.0;0.0;0.0;0.0;0.0;0.0;0;0;0;0.0;0.0;0.0;0.0;0.0;0.0;0;0.0;0;0;0;0;0.0;0.0;0.0;0.0;0.0;0.0;0;0.0;0;0;0.0;0.0;0.0;0.0;0.0;0.0;0.0;0.0
2002099657;Marcos Albors;D (L);D/WB (L);16;Spain;Intercity;Spanish Federation 1B;0;0;-;Scouting Required;£28K - £100K;£55 - £70 p/w;30/6/2028;176 cm;Left-Footed;Very Strong;Reasonable;0.0;0.0;0.0;0.0;0.0;0.0;0.0;0.0;0.0;0.0;0.0;0.0;0.0;0.0;0.0;0.0;0.0;0.0;0;0;0;0.0;0.0;0.0;0.0;0.0;0.0;0;0.0;0;0;0;0;0.0;0.0;0.0;0.0;0.0;0.0;0;0.0;0;0;0.0;0.0;0.0;0.0;0.0;0.0;0.0;0.0
89051094;Álex Cortijo;D (C);D (RC);27;Spain;Sanluqueño;Spanish Federation 1B;30 (8);2637;6.85;Scouting Required;£0;£340 - £500 p/w;30/6/2024;184 cm;Right-Footed Only;Weak;Very Strong;6.8;10.5;73.7;79.2;4.7;0.0;1.5;0.0;4.0;1.2;0.6;3.4;1.6;1.2;10.9;0.1;3.3;0.0;0;0;0;0.0;1.1;2.7;0.0;0.0;0.0;-0.65;0.0;16;2;2;0;3.8;0.4;0.0;0.0;0.0;0.0;0;1.1;2;2;0.0;0.0;0.0;0.1;0.1;0.3;0.3;0.4
2002099658;José Carlos Araque;M (R);M/AM (R), ST (C);16;Spain;Intercity;Spanish Federation 1B;0;0;-;Scouting Required;£40K - £375K;£55 - £75 p/w;30/6/2028;164 cm;Right-Footed;Reasonable;Very Strong;0.0;0.0;0.0;0.0;0.0;0.0;0.0;0.0;0.0;0.0;0.0;0.0;0.0;0.0;0.0;0.0;0.0;0.0;0;0;0;0.0;0.0;0.0;0.0;0.0;0.0;0;0.0;0;0;0;0;0.0;0.0;0.0;0.0;0.0;0.0;0;0.0;0;0;0.0;0.0;0.0;0.0;0.0;0.0;0.0;0.0
89062862;Marc Vidal;GK;GK;24;Spain;Barcelona B;Spanish Federation 1A;0;0;-;Scouting Required;£10K - £100K;£1.5K - £2.1K p/w;30/6/2024;185 cm;Right-Footed;Weak;Very Strong;0.0;0.0;0.0;0.0;0.0;0.0;0.0;0.0;0.0;0.0;0.0;0.0;0.0;0.0;0.0;0.0;0.0;0.0;0;0;0;0.0;0.0;0.0;0.0;0.0;0.0;0;0.0;0;0;0;0;0.0;0.0;0.0;0.0;0.0;0.0;0;0.0;0;0;0.0;0.0;0.0;0.0;0.0;0.0;0.0;0.0
2002099659;Marcel Prieto;DM;DM, M (C);16;Spain;Intercity;Spanish Federation 1B;0;0;-;Scouting Required;£1.5K - £16K;£55 - £75 p/w;30/6/2028;175 cm;Right-Footed;Reasonable;Very Strong;0.0;0.0;0.0;0.0;0.0;0.0;0.0;0.0;0.0;0.0;0.0;0.0;0.0;0.0;0.0;0.0;0.0;0.0;0;0;0;0.0;0.0;0.0;0.0;0.0;0.0;0;0.0;0;0;0;0;0.0;0.0;0.0;0.0;0.0;0.0;0;0.0;0;0;0.0;0.0;0.0;0.0;0.0;0.0;0.0;0.0
2002099660;Pablo Alcácer;D (R);D/WB/M (R);15;Spain;Intercity;Spanish Federation 1B;0;0;-;Scouting Required;£18K - £170K;£35 - £55 p/w;30/6/2028;168 cm;Right-Footed;Fairly Strong;Very Strong;0.0;0.0;0.0;0.0;0.0;0.0;0.0;0.0;0.0;0.0;0.0;0.0;0.0;0.0;0.0;0.0;0.0;0.0;0;0;0;0.0;0.0;0.0;0.0;0.0;0.0;0;0.0;0;0;0;0;0.0;0.0;0.0;0.0;0.0;0.0;0;0.0;0;0;0.0;0.0;0.0;0.0;0.0;0.0;0.0;0.0
2002099661;Ramón Lafuente;D (C);D (RC), DM;16;Spain;Intercity;Spanish Federation 1B;0;0;-;Scouting Required;£14K - £50K;£35 - £55 p/w;30/6/2028;183 cm;Left-Footed;Very Strong;Reasonable;0.0;0.0;0.0;0.0;0.0;0.0;0.0;0.0;0.0;0.0;0.0;0.0;0.0;0.0;0.0;0.0;0.0;0.0;0;0;0;0.0;0.0;0.0;0.0;0.0;0.0;0;0.0;0;0;0;0;0.0;0.0;0.0;0.0;0.0;0.0;0;0.0;0;0;0.0;0.0;0.0;0.0;0.0;0.0;0.0;0.0
91155708;Christos Albanis;AM (R);M (L), AM (RL);29;Greece;F.C. Andorra;Second Division;3 (4);285;6.50;Scouting Required;£240K - £2.4M;£3.1K - £4.7K p/w;30/6/2025;184 cm;Right-Footed;Reasonable;Very Strong;15.8;3.8;24.0;31.9;2.5;0.0;1.3;0.0;10.4;1.9;0.0;0.0;2.2;1.9;12.2;2.5;14.2;2.5;0;0;0;0.3;5.4;1.9;0.0;0.1;0.2;-0.69;0.2;3;3;0;0;7.3;0.0;2.5;0.3;0.0;0.0;0;0.6;0;1;0.0;0.0;0.0;0.3;0.3;1.6;0.0;0.0
91184676;Israel Suero;AM (C);M (RLC), AM (C);30;Spain;Castellón;Spanish Federation 1B;0;0;-;Scouting Required;£0;£550 - £850 p/w;30/6/2024;176 cm;Left-Footed Only;Very Strong;Weak;0.0;0.0;0.0;0.0;0.0;0.0;0.0;0.0;0.0;0.0;0.0;0.0;0.0;0.0;0.0;0.0;0.0;0.0;0;0;0;0.0;0.0;0.0;0.0;0.0;0.0;0;0.0;0;0;0;0;0.0;0.0;0.0;0.0;0.0;0.0;0;0.0;0;0;0.0;0.0;0.0;0.0;0.0;0.0;0.0;0.0
92012984;Panagiotis Vlachodimos;AM (L);M (L), AM (RL);32;Germany;Mirandés;Second Division;5 (24);631;6.60;Scouting Required;£0 - £26K;£1.2K - £1.7K p/w;30/6/2025;183 cm;Right-Footed;Reasonable;Very Strong;19.7;2.7;28.1;34.5;2.7;1.0;1.7;0.0;11.6;3.1;0.6;0.1;1.6;2.1;12.0;3.1;12.0;3.1;0;0;0;0.4;4.7;2.0;0.0;0.1;0.1;0.14;0.1;7;7;0;0;6.7;0.0;3.6;0.6;0.0;0.1;0;1.1;0;2;0.0;1.1;0.0;0.3;0.3;1.1;0.0;0.0
2002099662;Mariano Herrero;AM (L);M (L), AM (RL);16;Argentina;Intercity;Spanish Federation 1B;0;0;-;Scouting Required;£0 - £7K;£35 - £55 p/w;30/6/2028;168 cm;Left-Footed;Very Strong;Fairly Strong;0.0;0.0;0.0;0.0;0.0;0.0;0.0;0.0;0.0;0.0;0.0;0.0;0.0;0.0;0.0;0.0;0.0;0.0;0;0;0;0.0;0.0;0.0;0.0;0.0;0.0;0;0.0;0;0;0;0;0.0;0.0;0.0;0.0;0.0;0.0;0;0.0;0;0;0.0;0.0;0.0;0.0;0.0;0.0;0.0;0.0
2002099663;Miguel Mut;D (C);D/M (C);15;Spain;Intercity;Spanish Federation 1B;0;0;-;Scouting Required;£7K - £70K;£40 - £55 p/w;30/6/2028;193 cm;Right-Footed;Reasonable;Very Strong;0.0;0.0;0.0;0.0;0.0;0.0;0.0;0.0;0.0;0.0;0.0;0.0;0.0;0.0;0.0;0.0;0.0;0.0;0;0;0;0.0;0.0;0.0;0.0;0.0;0.0;0;0.0;0;0;0;0;0.0;0.0;0.0;0.0;0.0;0.0;0;0.0;0;0;0.0;0.0;0.0;0.0;0.0;0.0;0.0;0.0
2000010898;Samuel Santos;D (C);D (C);23;Spain;Vigo B;Spanish Federation 1A;1;90;6.50;Scouting Required;£0;£25 - £35 p/w;30/6/2024;187 cm;Left-Footed Only;Very Strong;Weak;8.0;4.0;41.0;52.0;4.0;0.0;1.0;0.0;5.0;3.0;0.0;2.0;0.0;3.0;12.7;0.0;4.0;0.0;0;0;0;0.0;1.0;6.0;0.0;0.0;0.0;0;0.0;1;1;0;0;7.0;1.0;0.0;0.0;0.0;0.0;0;0.0;0;0;0.0;0.0;0.0;0.0;0.0;0.0;0.0;1.0
2002099664;Jordi Trillo;M (C);M/AM (C);16;Spain;Intercity;Spanish Federation 1B;0;0;-;Scouting Required;£0 - £60K;£40 - £60 p/w;30/6/2028;180 cm;Right-Footed;Reasonable;Very Strong;0.0;0.0;0.0;0.0;0.0;0.0;0.0;0.0;0.0;0.0;0.0;0.0;0.0;0.0;0.0;0.0;0.0;0.0;0;0;0;0.0;0.0;0.0;0.0;0.0;0.0;0;0.0;0;0;0;0;0.0;0.0;0.0;0.0;0.0;0.0;0;0.0;0;0;0.0;0.0;0.0;0.0;0.0;0.0;0.0;0.0
2002099665;Pablo Fornés;ST (C);AM (RL), ST (C);16;Spain;Intercity;Spanish Federation 1B;0;0;-;Scouting Required;£10K - £40K;£40 - £60 p/w;30/6/2028;178 cm;Right-Footed;Reasonable;Very Strong;0.0;0.0;0.0;0.0;0.0;0.0;0.0;0.0;0.0;0.0;0.0;0.0;0.0;0.0;0.0;0.0;0.0;0.0;0;0;0;0.0;0.0;0.0;0.0;0.0;0.0;0;0.0;0;0;0;0;0.0;0.0;0.0;0.0;0.0;0.0;0;0.0;0;0;0.0;0.0;0.0;0.0;0.0;0.0;0.0;0.0
2002099666;Ezequiel Flores;AM (C);AM (RLC);15;Spain;Intercity;Spanish Federation 1B;0;0;-;Scouting Required;£0 - £50K;£40 - £60 p/w;30/6/2028;179 cm;Left-Footed;Very Strong;Reasonable;0.0;0.0;0.0;0.0;0.0;0.0;0.0;0.0;0.0;0.0;0.0;0.0;0.0;0.0;0.0;0.0;0.0;0.0;0;0;0;0.0;0.0;0.0;0.0;0.0;0.0;0;0.0;0;0;0;0;0.0;0.0;0.0;0.0;0.0;0.0;0;0.0;0;0;0.0;0.0;0.0;0.0;0.0;0.0;0.0;0.0
2002099667;Julio Farinós;AM (C);AM (LC), ST (C);15;Spain;Intercity;Spanish Federation 1B;0;0;-;Scouting Required;£1K - £8K;£40 - £60 p/w;30/6/2028;173 cm;Uses Both Feet;Very Strong;Very Strong;0.0;0.0;0.0;0.0;0.0;0.0;0.0;0.0;0.0;0.0;0.0;0.0;0.0;0.0;0.0;0.0;0.0;0.0;0;0;0;0.0;0.0;0.0;0.0;0.0;0.0;0;0.0;0;0;0;0;0.0;0.0;0.0;0.0;0.0;0.0;0;0.0;0;0;0.0;0.0;0.0;0.0;0.0;0.0;0.0;0.0
2000017946;Juan Palomares;GK;GK;23;Spain;Mérida;Spanish Federation 1B;36;3240;6.81;First-Choice Goalkeeper;£200K;£675 - £775 p/w;30/6/2025;192 cm;Right-Footed Only;Weak;Very Strong;2.2;6.9;29.3;31.0;0.3;0.0;1.4;0.0;0.0;0.0;0.0;1.3;0.3;0.0;6.3;0.0;0.1;0.0;81;68;0;0.0;0.0;0.0;0.3;0.0;0.0;0;0.0;0;0;0;0;0.0;0.0;0.0;0.0;1.4;0.0;2;1.0;0;0;0.0;0.0;-0.2;0.0;0.0;0.0;0.0;0.0
2002099689;Ventsislav Popov;D (L);D/WB (L);15;Bulgaria;San Fernando;Spanish Federation 1B;0;0;-;Scouting Required;Unknown;£45 - £60 p/w;30/6/2028;175 cm;Unknown Footedness;Very Weak;Very Weak;0.0;0.0;0.0;0.0;0.0;0.0;0.0;0.0;0.0;0.0;0.0;0.0;0.0;0.0;0.0;0.0;0.0;0.0;0;0;0;0.0;0.0;0.0;0.0;0.0;0.0;0;0.0;0;0;0;0;0.0;0.0;0.0;0.0;0.0;0.0;0;0.0;0;0;0.0;0.0;0.0;0.0;0.0;0.0;0.0;0.0
2002099690;Nico;M (C);M/AM (C);15;Spain;San Fernando;Spanish Federation 1B;2 (16);0;-;Scouting Required;Unknown;£45 - £65 p/w;30/6/2028;169 cm;Unknown Footedness;Very Weak;Very Weak;0.0;0.0;0.0;0.0;0.0;0.0;0.0;0.0;0.0;0.0;0.0;0.0;0.0;0.0;0.0;0.0;0.0;0.0;0;0;0;0.0;0.0;0.0;0.0;0.0;0.0;0;0.0;0;0;0;0;0.0;0.0;0.0;0.0;0.0;0.0;0;0.0;0;0;0.0;0.0;0.0;0.0;0.0;0.0;0.0;0.0
2000022999;Dani Sampayo;GK;GK;22;Spain;Vigo B;Spanish Federation 1A;0;0;-;Scouting Required;£500 - £3K;£200 - £290 p/w;30/6/2025;184 cm;Right-Footed;Reasonable;Very Strong;0.0;0.0;0.0;0.0;0.0;0.0;0.0;0.0;0.0;0.0;0.0;0.0;0.0;0.0;0.0;0.0;0.0;0.0;0;0;0;0.0;0.0;0.0;0.0;0.0;0.0;0;0.0;0;0;0;0;0.0;0.0;0.0;0.0;0.0;0.0;0;0.0;0;0;0.0;0.0;0.0;0.0;0.0;0.0;0.0;0.0
2002099691;Manuel;M (C);DM, M (C);15;Spain;San Fernando;Spanish Federation 1B;0;0;-;Scouting Required;Unknown;£45 - £65 p/w;30/6/2028;193 cm;Unknown Footedness;Very Weak;Very Weak;0.0;0.0;0.0;0.0;0.0;0.0;0.0;0.0;0.0;0.0;0.0;0.0;0.0;0.0;0.0;0.0;0.0;0.0;0;0;0;0.0;0.0;0.0;0.0;0.0;0.0;0;0.0;0;0;0;0;0.0;0.0;0.0;0.0;0.0;0.0;0;0.0;0;0;0.0;0.0;0.0;0.0;0.0;0.0;0.0;0.0
2002099692;Esteban Pajares;AM (R);AM (RC), ST (C);15;Spain;San Fernando;Spanish Federation 1B;0;0;-;Scouting Required;Unknown;£45 - £65 p/w;30/6/2028;171 cm;Unknown Footedness;Very Weak;Very Weak;0.0;0.0;0.0;0.0;0.0;0.0;0.0;0.0;0.0;0.0;0.0;0.0;0.0;0.0;0.0;0.0;0.0;0.0;0;0;0;0.0;0.0;0.0;0.0;0.0;0.0;0;0.0;0;0;0;0;0.0;0.0;0.0;0.0;0.0;0.0;0;0.0;0;0;0.0;0.0;0.0;0.0;0.0;0.0;0.0;0.0
2002099694;Miguel Alonso;GK;GK;16;Spain;San Fernando;Spanish Federation 1B;0;0;-;Scouting Required;Unknown;£50 - £65 p/w;30/6/2028;188 cm;Unknown Footedness;Very Weak;Very Weak;0.0;0.0;0.0;0.0;0.0;0.0;0.0;0.0;0.0;0.0;0.0;0.0;0.0;0.0;0.0;0.0;0.0;0.0;0;0;0;0.0;0.0;0.0;0.0;0.0;0.0;0;0.0;0;0;0;0;0.0;0.0;0.0;0.0;0.0;0.0;0;0.0;0;0;0.0;0.0;0.0;0.0;0.0;0.0;0.0;0.0
2002099697;Sergio Casado;AM (R);D/WB/AM (R);15;Spain;San Fernando;Spanish Federation 1B;0;0;-;Scouting Required;Unknown;£50 - £70 p/w;30/6/2028;169 cm;Unknown Footedness;Very Weak;Very Weak;0.0;0.0;0.0;0.0;0.0;0.0;0.0;0.0;0.0;0.0;0.0;0.0;0.0;0.0;0.0;0.0;0.0;0.0;0;0;0;0.0;0.0;0.0;0.0;0.0;0.0;0;0.0;0;0;0;0;0.0;0.0;0.0;0.0;0.0;0.0;0;0.0;0;0;0.0;0.0;0.0;0.0;0.0;0.0;0.0;0.0
2002099703;Luis Miguel;AM (C);AM (LC), ST (C);15;Spain;Algeciras;Spanish Federation 1B;1;61;6.70;Scouting Required;£3.5K - £35K;£35 - £55 p/w;30/6/2028;175 cm;Left-Footed;Very Strong;Weak;0.0;0.0;0.0;0.0;0.0;0.0;0.0;0.0;0.0;0.0;0.0;0.0;0.0;0.0;0.0;0.0;0.0;0.0;0;0;0;0.0;0.0;0.0;0.0;0.0;0.0;0;0.0;0;0;0;0;0.0;0.0;0.0;0.0;0.0;0.0;0;0.0;0;0;0.0;0.0;0.0;0.0;0.0;0.0;0.0;0.0
2000025944;David Suárez;D (C);D (C);23;Spain;Melilla;Spanish Federation 1B;0 (4);9;-;Fringe Player;£0;£230 - £270 p/w;30/6/2024;191 cm;Right-Footed;Weak;Very Strong;0.0;0.0;0.0;0.0;0.0;0.0;0.0;0.0;0.0;0.0;0.0;0.0;0.0;0.0;0.0;0.0;0.0;0.0;0;0;0;0.0;0.0;0.0;0.0;0.0;0.0;0;0.0;0;0;0;0;0.0;0.0;0.0;0.0;0.0;0.0;0;0.0;0;0;0.0;0.0;0.0;0.0;0.0;0.0;0.0;0.0
2002099708;Marc Alegre;AM (L);AM (L), ST (C);15;Spain;Algeciras;Spanish Federation 1B;0;0;-;Scouting Required;£28K - £275K;£40 - £60 p/w;30/6/2028;176 cm;Left-Footed;Very Strong;Reasonable;0.0;0.0;0.0;0.0;0.0;0.0;0.0;0.0;0.0;0.0;0.0;0.0;0.0;0.0;0.0;0.0;0.0;0.0;0;0;0;0.0;0.0;0.0;0.0;0.0;0.0;0;0.0;0;0;0;0;0.0;0.0;0.0;0.0;0.0;0.0;0;0.0;0;0;0.0;0.0;0.0;0.0;0.0;0.0;0.0;0.0
2002099717;Juan Carlos Rodríguez;GK;GK;15;Spain;Antequera;Spanish Federation 1B;0;0;-;Scouting Required;Unknown;£50 - £70 p/w;30/6/2028;189 cm;Unknown Footedness;Very Weak;Very Weak;0.0;0.0;0.0;0.0;0.0;0.0;0.0;0.0;0.0;0.0;0.0;0.0;0.0;0.0;0.0;0.0;0.0;0.0;0;0;0;0.0;0.0;0.0;0.0;0.0;0.0;0;0.0;0;0;0;0;0.0;0.0;0.0;0.0;0.0;0.0;0;0.0;0;0;0.0;0.0;0.0;0.0;0.0;0.0;0.0;0.0
2002099718;Baltasar;AM (L);AM (L), ST (C);15;Spain;Antequera;Spanish Federation 1B;0;0;-;Scouting Required;£0 - £35K;£50 - £70 p/w;30/6/2028;185 cm;Right-Footed;Reasonable;Very Strong;0.0;0.0;0.0;0.0;0.0;0.0;0.0;0.0;0.0;0.0;0.0;0.0;0.0;0.0;0.0;0.0;0.0;0.0;0;0;0;0.0;0.0;0.0;0.0;0.0;0.0;0;0.0;0;0;0;0;0.0;0.0;0.0;0.0;0.0;0.0;0;0.0;0;0;0.0;0.0;0.0;0.0;0.0;0.0;0.0;0.0
2000027383;Daniel Luna;AM (L);AM (LC);21;Colombia;Mirandés;Second Division;0;0;-;Breakthrough Prospect;£275K - £2.8M;£950 - £1.1K p/w;30/6/2027;179 cm;Left-Footed;Very Strong;Reasonable;0.0;0.0;0.0;0.0;0.0;0.0;0.0;0.0;0.0;0.0;0.0;0.0;0.0;0.0;0.0;0.0;0.0;0.0;0;0;0;0.0;0.0;0.0;0.0;0.0;0.0;0;0.0;0;0;0;0;0.0;0.0;0.0;0.0;0.0;0.0;0;0.0;0;0;0.0;0.0;0.0;0.0;0.0;0.0;0.0;0.0
2000028325;Illies;ST (C);ST (C);22;France;Fuenlabrada;Spanish Federation 1A;2 (4);193;6.50;Fringe Player;£110K - £375K;£725 - £850 p/w;30/6/2026;192 cm;Left-Footed Only;Very Strong;Weak;18.2;0.9;19.1;21.9;0.5;0.5;0.5;0.0;7.9;0.9;0.0;0.0;0.9;0.9;10.5;0.9;4.7;0.5;0;0;0;0.0;8.4;2.8;0.0;0.3;0.3;0.35;0.3;5;3;0;0;11.2;0.0;0.5;0.0;0.0;0.5;0;0.5;0;2;0.0;0.5;0.0;1.4;2.8;3.7;0.0;0.0
2002099720;Ibrahim Keïta;AM (L);AM (L), ST (C);16;Pays Basque;Antequera;Spanish Federation 1B;0;0;-;Scouting Required;£0 - £22K;£55 - £70 p/w;30/6/2028;178 cm;Left-Footed;Very Strong;Reasonable;0.0;0.0;0.0;0.0;0.0;0.0;0.0;0.0;0.0;0.0;0.0;0.0;0.0;0.0;0.0;0.0;0.0;0.0;0;0;0;0.0;0.0;0.0;0.0;0.0;0.0;0;0.0;0;0;0;0;0.0;0.0;0.0;0.0;0.0;0.0;0;0.0;0;0;0.0;0.0;0.0;0.0;0.0;0.0;0.0;0.0
2000029435;Fran Ortuño;D (C);D (LC);21;Spain;Valladolid;Second Division;1 (2);151;6.65;Scouting Required;£26K - £250K;£260 - £370 p/w;30/6/2025;182 cm;Left-Footed;Very Strong;Reasonable;7.2;15.5;47.7;51.9;3.0;0.0;1.2;0.0;4.8;1.8;0.0;1.2;0.6;1.2;11.4;0.0;6.6;1.2;0;0;0;0.6;0.6;8.9;0.0;0.0;0.0;0;0.0;3;0;0;0;9.5;0.6;1.2;0.6;0.0;0.0;0;3.0;0;0;0.0;0.0;0.0;0.0;0.0;0.0;0.0;0.0
2000030039;Amigo;GK;GK;23;Spain;Leonesa;Spanish Federation 1A;1 (1);135;7.70;First-Choice Goalkeeper;£4.5K - £45K;£380 - £450 p/w;30/6/2026;183 cm;Right-Footed Only;Weak;Very Strong;6.0;2.7;20.7;28.7;0.0;0.7;0.0;0.0;0.0;0.0;0.0;9.3;0.0;0.0;3.7;0.0;0.0;0.0;90;100;0;0.0;0.0;0.0;1.3;0.0;0.0;0;0.0;0;1;0;0;0.0;0.0;0.0;0.0;0.0;0.0;3;2.0;0;0;0.0;0.7;0.8;0.0;0.0;0.0;0.0;0.0
2002099722;Antonio Lafuente;AM (C);M/AM (C), ST (C);15;Spain;Antequera;Spanish Federation 1B;0;0;-;Scouting Required;£14K - £140K;£55 - £75 p/w;30/6/2028;188 cm;Right-Footed;Reasonable;Very Strong;0.0;0.0;0.0;0.0;0.0;0.0;0.0;0.0;0.0;0.0;0.0;0.0;0.0;0.0;0.0;0.0;0.0;0.0;0;0;0;0.0;0.0;0.0;0.0;0.0;0.0;0;0.0;0;0;0;0;0.0;0.0;0.0;0.0;0.0;0.0;0;0.0;0;0;0.0;0.0;0.0;0.0;0.0;0.0;0.0;0.0
2000031429;David Ruiz;M (L);D/WB/M/AM (L);21;Spain;R. Madrid B;Spanish Federation 1B;0;0;-;Youngster;£28K - £85K;£250 - £290 p/w;30/6/2024;182 cm;Left-Footed;Very Strong;Weak;0.0;0.0;0.0;0.0;0.0;0.0;0.0;0.0;0.0;0.0;0.0;0.0;0.0;0.0;0.0;0.0;0.0;0.0;0;0;0;0.0;0.0;0.0;0.0;0.0;0.0;0;0.0;0;0;0;0;0.0;0.0;0.0;0.0;0.0;0.0;0;0.0;0;0;0.0;0.0;0.0;0.0;0.0;0.0;0.0;0.0
2000031758;José Ruíz;D (C);D (C);21;Spain;Castellón;Spanish Federation 1B;0 (2);51;6.80;Scouting Required;£20K - £210K;£340 - £525 p/w;30/6/2025;186 cm;Left-Footed Only;Very Strong;Weak;0.0;0.0;0.0;0.0;0.0;0.0;0.0;0.0;0.0;0.0;0.0;0.0;0.0;0.0;0.0;0.0;0.0;0.0;0;0;0;0.0;0.0;0.0;0.0;0.0;0.0;0;0.0;0;0;0;0;0.0;0.0;0.0;0.0;0.0;0.0;0;0.0;0;0;0.0;0.0;0.0;0.0;0.0;0.0;0.0;0.0
2000032290;Vladyslav Zagladko;D (C);D (C);21;Ukraine;R. Majadahonda;Spanish Federation 1A;0;0;-;Scouting Required;£0 - £28K;£210 - £300 p/w;30/6/2026;196 cm;Right-Footed;Weak;Very Strong;0.0;0.0;0.0;0.0;0.0;0.0;0.0;0.0;0.0;0.0;0.0;0.0;0.0;0.0;0.0;0.0;0.0;0.0;0;0;0;0.0;0.0;0.0;0.0;0.0;0.0;0;0.0;0;0;0;0;0.0;0.0;0.0;0.0;0.0;0.0;0;0.0;0;0;0.0;0.0;0.0;0.0;0.0;0.0;0.0;0.0
2000032558;Pablo Valencia;GK;GK;23;Spain;Atlético Pamplona B;Spanish Federation 1A;18;1620;6.62;Scouting Required;£0 - £65K;£300 - £440 p/w;30/6/2025;188 cm;Right-Footed;Reasonable;Very Strong;7.8;3.2;11.5;20.2;0.1;0.0;1.6;0.0;0.0;0.0;0.0;7.8;0.1;0.0;5.1;0.0;0.0;0.0;87;71;0;0.0;0.0;0.0;0.2;0.0;0.0;0;0.0;0;5;0;0;0.0;0.0;0.0;0.0;1.6;0.0;3;0.8;0;0;0.0;0.0;-0.1;0.0;0.0;0.0;0.0;0.0
2000032704;Marc Jurado;D (R);D (RL), WB (R);20;Spain;Espanyol;Second Division;0 (4);54;6.55;Future Prospect;£600K;£1.5K - £1.7K p/w;30/6/2027;180 cm;Right-Footed;Reasonable;Very Strong;0.0;0.0;0.0;0.0;0.0;0.0;0.0;0.0;0.0;0.0;0.0;0.0;0.0;0.0;0.0;0.0;0.0;0.0;0;0;0;0.0;0.0;0.0;0.0;0.0;0.0;-0.32;0.0;0;1;0;0;0.0;0.0;0.0;0.0;0.0;0.0;0;0.0;0;0;0.0;0.0;0.0;0.0;0.0;0.0;0.0;0.0
2002099726;José Miguel Fuster;M (L);AM (C), ST (C);16;Spain;Antequera;Spanish Federation 1B;0 (1);1;-;Scouting Required;£0 - £30K;£40 - £55 p/w;30/6/2028;196 cm;Left-Footed;Very Strong;Reasonable;0.0;0.0;0.0;0.0;0.0;0.0;0.0;0.0;0.0;0.0;0.0;0.0;0.0;0.0;0.0;0.0;0.0;0.0;0;0;0;0.0;0.0;0.0;0.0;0.0;0.0;0;0.0;0;0;0;0;0.0;0.0;0.0;0.0;0.0;0.0;0;0.0;0;0;0.0;0.0;0.0;0.0;0.0;0.0;0.0;0.0
2000034346;Izan Llinares;D (L);D (L);21;Spain;Castellón;Spanish Federation 1B;0 (1);6;-;Scouting Required;£24K - £240K;£430 - £600 p/w;30/6/2025;180 cm;Left-Footed;Very Strong;Weak;0.0;0.0;0.0;0.0;0.0;0.0;0.0;0.0;0.0;0.0;0.0;0.0;0.0;0.0;0.0;0.0;0.0;0.0;0;0;0;0.0;0.0;0.0;0.0;0.0;0.0;-0.02;0.0;0;0;0;0;0.0;0.0;0.0;0.0;0.0;0.0;0;0.0;0;0;0.0;0.0;0.0;0.0;0.0;0.0;0.0;0.0
2000034347;Ismael Escobar;D (C);D (C), DM;20;Spain;Lugo;Spanish Federation 1A;0;0;-;Scouting Required;£0;£230 - £320 p/w;30/6/2025;183 cm;Right-Footed;Weak;Very Strong;0.0;0.0;0.0;0.0;0.0;0.0;0.0;0.0;0.0;0.0;0.0;0.0;0.0;0.0;0.0;0.0;0.0;0.0;0;0;0;0.0;0.0;0.0;0.0;0.0;0.0;0;0.0;0;0;0;0;0.0;0.0;0.0;0.0;0.0;0.0;0;0.0;0;0;0.0;0.0;0.0;0.0;0.0;0.0;0.0;0.0
2000034591;Álex Olmedo;M (C);M/AM (C);21;Spain;Ponferrada;Spanish Federation 1A;0;0;-;Scouting Required;£0;£200 - £280 p/w;30/6/2025;181 cm;Left-Footed;Very Strong;Weak;0.0;0.0;0.0;0.0;0.0;0.0;0.0;0.0;0.0;0.0;0.0;0.0;0.0;0.0;0.0;0.0;0.0;0.0;0;0;0;0.0;0.0;0.0;0.0;0.0;0.0;0;0.0;0;0;0;0;0.0;0.0;0.0;0.0;0.0;0.0;0;0.0;0;0;0.0;0.0;0.0;0.0;0.0;0.0;0.0;0.0
2002099729;Diego Alonso;AM (C);AM (RLC);15;Spain;Antequera;Spanish Federation 1B;0;0;-;Scouting Required;£3K - £12K;£40 - £60 p/w;30/6/2028;188 cm;Right-Footed;Weak;Very Strong;0.0;0.0;0.0;0.0;0.0;0.0;0.0;0.0;0.0;0.0;0.0;0.0;0.0;0.0;0.0;0.0;0.0;0.0;0;0;0;0.0;0.0;0.0;0.0;0.0;0.0;0;0.0;0;0;0;0;0.0;0.0;0.0;0.0;0.0;0.0;0;0.0;0;0;0.0;0.0;0.0;0.0;0.0;0.0;0.0;0.0
2000035883;Sergio Fernández;D (R);D/WB/M/AM (R);23;Spain;R. Majadahonda;Spanish Federation 1A;3 (2);273;6.95;Scouting Required;£0;£260 - £360 p/w;30/6/2024;180 cm;Right-Footed;Weak;Very Strong;16.8;4.0;30.0;34.3;2.3;2.0;1.0;0.0;10.5;3.3;0.3;1.3;2.0;2.3;12.8;4.3;11.2;4.3;0;0;0;1.0;6.3;2.6;0.0;0.0;0.0;-0.04;0.0;4;5;1;0;8.9;0.0;4.3;1.0;0.0;0.0;0;0.3;0;1;0.0;2.0;0.0;0.3;0.0;1.0;0.3;0.0
2002099730;Alonso Gordillo;AM (C);M/AM (C);16;Spain;Antequera;Spanish Federation 1B;0;0;-;Scouting Required;£0 - £14K;£40 - £60 p/w;30/6/2028;180 cm;Right-Footed;Reasonable;Very Strong;0.0;0.0;0.0;0.0;0.0;0.0;0.0;0.0;0.0;0.0;0.0;0.0;0.0;0.0;0.0;0.0;0.0;0.0;0;0;0;0.0;0.0;0.0;0.0;0.0;0.0;0;0.0;0;0;0;0;0.0;0.0;0.0;0.0;0.0;0.0;0;0.0;0;0;0.0;0.0;0.0;0.0;0.0;0.0;0.0;0.0
2000038491;Omar Jaiteh;D (C);D (C);25;The Gambia;Cornellà;Spanish Federation 1A;5 (2);542;6.54;Scouting Required;£0;£210 - £290 p/w;30/6/2024;187 cm;Right-Footed Only;Weak;Very Strong;4.3;7.5;41.2;52.0;3.3;0.0;1.2;0.0;4.3;1.0;1.2;2.0;0.7;0.8;11.2;0.0;4.5;0.0;0;0;0;0.0;2.5;6.3;0.0;0.0;0.0;-0.17;0.0;7;1;0;0;8.8;1.0;0.0;0.0;0.0;0.0;0;1.2;0;0;0.0;0.0;0.0;0.3;0.0;0.5;0.0;0.8
2002099731;José Fernando Martínez;DM;DM, M/AM (C);16;Spain;Antequera;Spanish Federation 1B;2 (16);0;-;Scouting Required;£500 - £2.5K;£45 - £60 p/w;30/6/2028;181 cm;Right-Footed Only;Very Weak;Very Strong;0.0;0.0;0.0;0.0;0.0;0.0;0.0;0.0;0.0;0.0;0.0;0.0;0.0;0.0;0.0;0.0;0.0;0.0;0;0;0;0.0;0.0;0.0;0.0;0.0;0.0;0;0.0;0;0;0;0;0.0;0.0;0.0;0.0;0.0;0.0;0;0.0;0;0;0.0;0.0;0.0;0.0;0.0;0.0;0.0;0.0
2002099732;Brendan Mooney;D (C);D (C);15;Ireland;Antequera;Spanish Federation 1B;0;0;-;Scouting Required;£0 - £12K;£45 - £65 p/w;30/6/2028;182 cm;Left-Footed;Very Strong;Fairly Strong;0.0;0.0;0.0;0.0;0.0;0.0;0.0;0.0;0.0;0.0;0.0;0.0;0.0;0.0;0.0;0.0;0.0;0.0;0;0;0;0.0;0.0;0.0;0.0;0.0;0.0;0;0.0;0;0;0;0;0.0;0.0;0.0;0.0;0.0;0.0;0;0.0;0;0;0.0;0.0;0.0;0.0;0.0;0.0;0.0;0.0
2002099745;José Alberto Concheiro;GK;GK;15;Spain;Arenteiro;Spanish Federation 1A;0;0;-;Scouting Required;£0;£15 - £25 p/w;30/6/2028;181 cm;Right-Footed;Weak;Very Strong;0.0;0.0;0.0;0.0;0.0;0.0;0.0;0.0;0.0;0.0;0.0;0.0;0.0;0.0;0.0;0.0;0.0;0.0;0;0;0;0.0;0.0;0.0;0.0;0.0;0.0;0;0.0;0;0;0;0;0.0;0.0;0.0;0.0;0.0;0.0;0;0.0;0;0;0.0;0.0;0.0;0.0;0.0;0.0;0.0;0.0
2002099747;David Gomes;AM (C);M (RC), AM (C);16;Guinea-Bissau;Arenteiro;Spanish Federation 1A;0;0;-;Scouting Required;£0;£20 - £30 p/w;30/6/2028;169 cm;Right-Footed;Reasonable;Very Strong;0.0;0.0;0.0;0.0;0.0;0.0;0.0;0.0;0.0;0.0;0.0;0.0;0.0;0.0;0.0;0.0;0.0;0.0;0;0;0;0.0;0.0;0.0;0.0;0.0;0.0;0;0.0;0;0;0;0;0.0;0.0;0.0;0.0;0.0;0.0;0;0.0;0;0;0.0;0.0;0.0;0.0;0.0;0.0;0.0;0.0
2002099748;Andrés Calvo;D (R);D/AM (R);15;Spain;Arenteiro;Spanish Federation 1A;0;0;-;Scouting Required;£0;£20 - £30 p/w;30/6/2028;172 cm;Right-Footed;Reasonable;Very Strong;0.0;0.0;0.0;0.0;0.0;0.0;0.0;0.0;0.0;0.0;0.0;0.0;0.0;0.0;0.0;0.0;0.0;0.0;0;0;0;0.0;0.0;0.0;0.0;0.0;0.0;0;0.0;0;0;0;0;0.0;0.0;0.0;0.0;0.0;0.0;0;0.0;0;0;0.0;0.0;0.0;0.0;0.0;0.0;0.0;0.0
2002099749;Fidel;DM;D (RC), DM;15;Spain;Arenteiro;Spanish Federation 1A;0 (3);130;6.17;Scouting Required;£4K - £16K;£20 - £30 p/w;30/6/2028;182 cm;Right-Footed;Reasonable;Very Strong;4.8;4.2;45.7;54.0;3.5;1.4;2.8;0.0;8.3;4.8;0.0;2.1;1.4;0.7;13.5;0.0;8.3;0.7;0;0;0;0.0;4.8;2.1;0.0;0.2;0.0;0;0.0;3;0;1;0;6.9;0.7;0.7;0.0;0.0;0.0;0;1.4;0;0;0.0;1.4;0.0;0.0;0.0;0.0;0.7;0.0
2002099750;Rafa Comesaña;D (C);D (C), DM;15;Spain;Arenteiro;Spanish Federation 1A;0;0;-;Scouting Required;Unknown;£20 - £30 p/w;30/6/2028;194 cm;Unknown Footedness;Very Weak;Very Weak;0.0;0.0;0.0;0.0;0.0;0.0;0.0;0.0;0.0;0.0;0.0;0.0;0.0;0.0;0.0;0.0;0.0;0.0;0;0;0;0.0;0.0;0.0;0.0;0.0;0.0;0;0.0;0;0;0;0;0.0;0.0;0.0;0.0;0.0;0.0;0;0.0;0;0;0.0;0.0;0.0;0.0;0.0;0.0;0.0;0.0
2002099751;Abdel Bagayoko;AM (C);AM (C), ST (C);15;Spain;Arenteiro;Spanish Federation 1A;0 (4);51;6.60;Scouting Required;£500 - £3K;£20 - £30 p/w;30/6/2028;156 cm;Right-Footed;Reasonable;Very Strong;0.0;0.0;0.0;0.0;0.0;0.0;0.0;0.0;0.0;0.0;0.0;0.0;0.0;0.0;0.0;0.0;0.0;0.0;0;0;0;0.0;0.0;0.0;0.0;0.0;0.0;0;0.0;0;0;0;0;0.0;0.0;0.0;0.0;0.0;0.0;0;0.0;0;0;0.0;0.0;0.0;0.0;0.0;0.0;0.0;0.0
2000048339;David Guitián;ST (C);ST (C);22;Spain;Lugo;Spanish Federation 1A;0 (3);75;6.60;Scouting Required;£8K - £75K;£230 - £310 p/w;30/6/2024;177 cm;Left-Footed;Very Strong;Reasonable;13.2;0.0;14.4;16.8;0.0;0.0;1.2;0.0;3.6;0.0;0.0;0.0;0.0;0.0;0.0;0.0;2.4;0.0;0;0;0;0.0;7.2;0.0;0.0;0.0;0.3;-0.28;0.3;2;1;0;0;7.2;0.0;0.0;0.0;0.0;0.0;0;0.0;0;2;0.0;0.0;0.0;0.0;0.0;3.6;0.0;0.0
2002099752;José Vicente Salgueiro;D (C);D (C);15;Spain;Arenteiro;Spanish Federation 1A;0;0;-;Scouting Required;£0;£20 - £30 p/w;30/6/2028;197 cm;Right-Footed;Reasonable;Very Strong;0.0;0.0;0.0;0.0;0.0;0.0;0.0;0.0;0.0;0.0;0.0;0.0;0.0;0.0;0.0;0.0;0.0;0.0;0;0;0;0.0;0.0;0.0;0.0;0.0;0.0;0;0.0;0;0;0;0;0.0;0.0;0.0;0.0;0.0;0.0;0;0.0;0;0;0.0;0.0;0.0;0.0;0.0;0.0;0.0;0.0
2002099754;Daniel;M (C);D/M/AM (C);15;Spain;Arenteiro;Spanish Federation 1A;0;0;-;Scouting Required;£0;£20 - £30 p/w;30/6/2028;170 cm;Left-Footed;Very Strong;Reasonable;0.0;0.0;0.0;0.0;0.0;0.0;0.0;0.0;0.0;0.0;0.0;0.0;0.0;0.0;0.0;0.0;0.0;0.0;0;0;0;0.0;0.0;0.0;0.0;0.0;0.0;0;0.0;0;0;0;0;0.0;0.0;0.0;0.0;0.0;0.0;0;0.0;0;0;0.0;0.0;0.0;0.0;0.0;0.0;0.0;0.0
2000048599;Rubén Santos;D (C);D (LC);22;Spain;Fuenlabrada;Spanish Federation 1A;0 (3);33;6.50;Scouting Required;£0 - £1.5K;£210 - £300 p/w;30/6/2025;193 cm;Left-Footed;Very Strong;Reasonable;0.0;0.0;0.0;0.0;0.0;0.0;0.0;0.0;0.0;0.0;0.0;0.0;0.0;0.0;0.0;0.0;0.0;0.0;0;0;0;0.0;0.0;0.0;0.0;0.0;0.0;0;0.0;0;0;0;0;0.0;0.0;0.0;0.0;0.0;0.0;0;0.0;0;0;0.0;0.0;0.0;0.0;0.0;0.0;0.0;0.0
2000048829;Alessandro Burlamaqui;M (C);M/AM (C);22;Peru;Intercity;Spanish Federation 1B;1 (11);262;6.82;Breakthrough Prospect;£275K;£800 - £925 p/w;30/6/2025;180 cm;Right-Footed;Weak;Very Strong;10.0;5.2;49.8;57.7;4.5;0.7;1.4;0.0;8.2;3.1;0.3;2.4;1.0;1.0;13.9;0.7;8.6;0.3;0;0;0;0.0;2.4;1.4;0.0;0.0;0.2;0.48;0.2;1;5;0;0;3.8;0.0;0.3;0.0;0.0;0.3;0;1.4;0;0;0.0;0.7;0.0;0.7;1.0;1.7;0.0;0.3
2000048839;Jorge Alastuey;M (C);DM, M/AM (C);21;Spain;Teruel;Spanish Federation 1A;8 (9);815;6.75;Scouting Required;£3.5K - £35K;£725 - £1K p/w;30/6/2024;178 cm;Left-Footed;Very Strong;Weak;11.8;10.2;38.1;44.6;3.2;0.6;1.4;0.0;10.5;2.7;0.3;0.6;1.5;1.5;12.5;1.5;9.7;0.7;0;0;0;0.0;3.0;0.7;0.0;0.1;0.1;-1.06;0.1;6;7;0;0;3.6;0.0;0.7;0.0;0.0;0.0;0;1.5;0;1;0.2;0.6;0.0;0.2;0.1;1.0;0.0;0.0
2002099755;Daniel Boedo;D (L);D/WB/M (L);15;Spain;Arenteiro;Spanish Federation 1A;0;0;-;Scouting Required;£0;£20 - £30 p/w;30/6/2028;186 cm;Left-Footed;Very Strong;Fairly Strong;0.0;0.0;0.0;0.0;0.0;0.0;0.0;0.0;0.0;0.0;0.0;0.0;0.0;0.0;0.0;0.0;0.0;0.0;0;0;0;0.0;0.0;0.0;0.0;0.0;0.0;0;0.0;0;0;0;0;0.0;0.0;0.0;0.0;0.0;0.0;0;0.0;0;0;0.0;0.0;0.0;0.0;0.0;0.0;0.0;0.0
2002099756;Albert Córdoba;DM;DM;16;Spain;Arenteiro;Spanish Federation 1A;0;0;-;Scouting Required;£0;£25 - £30 p/w;30/6/2028;168 cm;Right-Footed;Reasonable;Very Strong;0.0;0.0;0.0;0.0;0.0;0.0;0.0;0.0;0.0;0.0;0.0;0.0;0.0;0.0;0.0;0.0;0.0;0.0;0;0;0;0.0;0.0;0.0;0.0;0.0;0.0;0;0.0;0;0;0;0;0.0;0.0;0.0;0.0;0.0;0.0;0;0.0;0;0;0.0;0.0;0.0;0.0;0.0;0.0;0.0;0.0
2002099757;Carlos Pérez;D (R);D/WB (R);16;Spain;Arenteiro;Spanish Federation 1A;0;0;-;Scouting Required;£0;£25 - £35 p/w;30/6/2028;174 cm;Right-Footed;Reasonable;Very Strong;0.0;0.0;0.0;0.0;0.0;0.0;0.0;0.0;0.0;0.0;0.0;0.0;0.0;0.0;0.0;0.0;0.0;0.0;0;0;0;0.0;0.0;0.0;0.0;0.0;0.0;0;0.0;0;0;0;0;0.0;0.0;0.0;0.0;0.0;0.0;0;0.0;0;0;0.0;0.0;0.0;0.0;0.0;0.0;0.0;0.0
2000050743;Mario De Luis;GK;GK;22;Spain;R. Madrid B;Spanish Federation 1B;1;90;6.40;Scouting Required;£12K - £120K;£2.3K - £3.3K p/w;30/6/2025;185 cm;Right-Footed;Reasonable;Very Strong;16.0;4.0;4.0;16.0;0.0;0.0;2.0;0.0;0.0;0.0;0.0;6.0;0.0;0.0;4.0;0.0;0.0;0.0;92;66;0;0.0;0.0;0.0;0.0;0.0;0.0;0;0.0;0;0;0;0;0.0;0.0;0.0;0.0;2.0;0.0;4;2.0;0;0;0.0;0.0;-1.1;0.0;0.0;0.0;0.0;0.0
2000051376;Isaac Amoah;D (C);D (C);23;Ghana;Tarazona;Spanish Federation 1A;9 (4);830;6.55;Scouting Required;£16K - £160K;£500 - £700 p/w;30/6/2026;188 cm;Right-Footed Only;Weak;Very Strong;7.2;12.9;46.3;56.1;3.4;0.2;1.7;0.0;2.4;0.8;0.4;0.9;1.3;0.8;11.2;0.1;5.3;0.0;0;0;0;0.0;2.2;6.7;0.0;0.0;0.1;-0.61;0.1;8;0;0;0;8.9;0.8;0.0;0.0;0.0;0.0;0;1.3;0;0;0.0;0.2;0.0;0.2;0.1;0.4;0.3;0.4
2002099758;Pedro;AM (C);M (R), AM (RC);16;Spain;Arenteiro;Spanish Federation 1A;0 (2);22;6.60;Scouting Required;£0;£25 - £35 p/w;30/6/2028;184 cm;Right-Footed;Reasonable;Very Strong;0.0;0.0;0.0;0.0;0.0;0.0;0.0;0.0;0.0;0.0;0.0;0.0;0.0;0.0;0.0;0.0;0.0;0.0;0;0;0;0.0;0.0;0.0;0.0;0.0;0.0;0;0.0;0;0;0;0;0.0;0.0;0.0;0.0;0.0;0.0;0;0.0;0;0;0.0;0.0;0.0;0.0;0.0;0.0;0.0;0.0
2002099759;Nacho Quindimil;ST (C);AM (RC), ST (C);16;Spain;Arenteiro;Spanish Federation 1A;0 (4);53;6.40;Scouting Required;£0;£25 - £35 p/w;30/6/2028;174 cm;Left-Footed;Very Strong;Fairly Strong;0.0;0.0;0.0;0.0;0.0;0.0;0.0;0.0;0.0;0.0;0.0;0.0;0.0;0.0;0.0;0.0;0.0;0.0;0;0;0;0.0;0.0;0.0;0.0;0.0;0.0;-0.07;0.0;0;0;0;0;0.0;0.0;0.0;0.0;0.0;0.0;0;0.0;0;0;0.0;0.0;0.0;0.0;0.0;0.0;0.0;0.0
2002099771;Miguel;M (C);M (RC), AM (C);15;Spain;Linares;Spanish Federation 1B;0;0;-;Scouting Required;£2.5K - £26K;£40 - £60 p/w;30/6/2028;174 cm;Right-Footed;Reasonable;Very Strong;0.0;0.0;0.0;0.0;0.0;0.0;0.0;0.0;0.0;0.0;0.0;0.0;0.0;0.0;0.0;0.0;0.0;0.0;0;0;0;0.0;0.0;0.0;0.0;0.0;0.0;0;0.0;0;0;0;0;0.0;0.0;0.0;0.0;0.0;0.0;0;0.0;0;0;0.0;0.0;0.0;0.0;0.0;0.0;0.0;0.0
2002099773;José Manuel Reina;WB (L);WB (L);16;Spain;Linares;Spanish Federation 1B;0;0;-;Scouting Required;£14K - £55K;£45 - £60 p/w;30/6/2028;173 cm;Left-Footed;Very Strong;Reasonable;0.0;0.0;0.0;0.0;0.0;0.0;0.0;0.0;0.0;0.0;0.0;0.0;0.0;0.0;0.0;0.0;0.0;0.0;0;0;0;0.0;0.0;0.0;0.0;0.0;0.0;0;0.0;0;0;0;0;0.0;0.0;0.0;0.0;0.0;0.0;0;0.0;0;0;0.0;0.0;0.0;0.0;0.0;0.0;0.0;0.0
2000052085;Miguel Ángel Romera;M (C);M (LC);22;Pays Basque;R. Madrid B;Spanish Federation 1B;0 (1);6;-;Scouting Required;£400K - £1.5M;£390 - £575 p/w;30/6/2024;176 cm;Left-Footed;Very Strong;Reasonable;0.0;0.0;0.0;0.0;0.0;0.0;0.0;0.0;0.0;0.0;0.0;0.0;0.0;0.0;0.0;0.0;0.0;0.0;0;0;0;0.0;0.0;0.0;0.0;0.0;0.0;0;0.0;0;0;0;0;0.0;0.0;0.0;0.0;0.0;0.0;0;0.0;0;0;0.0;0.0;0.0;0.0;0.0;0.0;0.0;0.0
2000052127;Fer Rodríguez;M (C);DM, M/AM (C);21;Spain;R. Madrid B;Spanish Federation 1B;0;0;-;Scouting Required;£12K - £120K;£210 - £310 p/w;30/6/2024;183 cm;Right-Footed;Weak;Very Strong;0.0;0.0;0.0;0.0;0.0;0.0;0.0;0.0;0.0;0.0;0.0;0.0;0.0;0.0;0.0;0.0;0.0;0.0;0;0;0;0.0;0.0;0.0;0.0;0.0;0.0;0;0.0;0;0;0;0;0.0;0.0;0.0;0.0;0.0;0.0;0;0.0;0;0;0.0;0.0;0.0;0.0;0.0;0.0;0.0;0.0
2002099774;Juan Aznar;M (C);M (C);15;Spain;Linares;Spanish Federation 1B;0;0;-;Scouting Required;£24K - £240K;£45 - £65 p/w;30/6/2028;181 cm;Right-Footed;Fairly Strong;Very Strong;0.0;0.0;0.0;0.0;0.0;0.0;0.0;0.0;0.0;0.0;0.0;0.0;0.0;0.0;0.0;0.0;0.0;0.0;0;0;0;0.0;0.0;0.0;0.0;0.0;0.0;0;0.0;0;0;0;0;0.0;0.0;0.0;0.0;0.0;0.0;0;0.0;0;0;0.0;0.0;0.0;0.0;0.0;0.0;0.0;0.0
2002099775;José Antonio Caparrós;AM (C);AM (C), ST (C);16;Spain;Linares;Spanish Federation 1B;0;0;-;Scouting Required;£1K - £10K;£45 - £65 p/w;30/6/2028;191 cm;Right-Footed;Strong;Very Strong;0.0;0.0;0.0;0.0;0.0;0.0;0.0;0.0;0.0;0.0;0.0;0.0;0.0;0.0;0.0;0.0;0.0;0.0;0;0;0;0.0;0.0;0.0;0.0;0.0;0.0;0;0.0;0;0;0;0;0.0;0.0;0.0;0.0;0.0;0.0;0;0.0;0;0;0.0;0.0;0.0;0.0;0.0;0.0;0.0;0.0
2000052481;César Fernández;GK;GK;19;Spain;Vigo B;Spanish Federation 1A;0;0;-;Future Prospect;£375K;£220 - £260 p/w;30/6/2027;196 cm;Right-Footed;Reasonable;Very Strong;0.0;0.0;0.0;0.0;0.0;0.0;0.0;0.0;0.0;0.0;0.0;0.0;0.0;0.0;0.0;0.0;0.0;0.0;0;0;0;0.0;0.0;0.0;0.0;0.0;0.0;0;0.0;0;0;0;0;0.0;0.0;0.0;0.0;0.0;0.0;0;0.0;0;0;0.0;0.0;0.0;0.0;0.0;0.0;0.0;0.0
2002099776;Miguel Ángel;AM (R);AM (R), ST (C);15;Spain;Linares;Spanish Federation 1B;0;0;-;Scouting Required;£26K - £275K;£45 - £65 p/w;30/6/2028;181 cm;Right-Footed;Reasonable;Very Strong;0.0;0.0;0.0;0.0;0.0;0.0;0.0;0.0;0.0;0.0;0.0;0.0;0.0;0.0;0.0;0.0;0.0;0.0;0;0;0;0.0;0.0;0.0;0.0;0.0;0.0;0;0.0;0;0;0;0;0.0;0.0;0.0;0.0;0.0;0.0;0;0.0;0;0;0.0;0.0;0.0;0.0;0.0;0.0;0.0;0.0
2002099777;Andrés Roa;ST (C);AM (RC), ST (C);15;Spain;Linares;Spanish Federation 1B;0;0;-;Scouting Required;£75K - £275K;£45 - £65 p/w;30/6/2028;169 cm;Right-Footed;Reasonable;Very Strong;0.0;0.0;0.0;0.0;0.0;0.0;0.0;0.0;0.0;0.0;0.0;0.0;0.0;0.0;0.0;0.0;0.0;0.0;0;0;0;0.0;0.0;0.0;0.0;0.0;0.0;0;0.0;0;0;0;0;0.0;0.0;0.0;0.0;0.0;0.0;0;0.0;0;0;0.0;0.0;0.0;0.0;0.0;0.0;0.0;0.0
2000053068;Jan Reixach;M (C);M (RC), AM (RLC);22;Spain;Córdoba;Spanish Federation 1B;0;0;-;Breakthrough Prospect;£0 - £16K;£500 - £600 p/w;30/6/2025;183 cm;Right-Footed;Reasonable;Very Strong;0.0;0.0;0.0;0.0;0.0;0.0;0.0;0.0;0.0;0.0;0.0;0.0;0.0;0.0;0.0;0.0;0.0;0.0;0;0;0;0.0;0.0;0.0;0.0;0.0;0.0;0;0.0;0;0;0;0;0.0;0.0;0.0;0.0;0.0;0.0;0;0.0;0;0;0.0;0.0;0.0;0.0;0.0;0.0;0.0;0.0
2002099778;Felipe;DM;DM, M (C);15;Spain;Linares;Spanish Federation 1B;0;0;-;Scouting Required;£30K - £300K;£50 - £65 p/w;30/6/2028;176 cm;Right-Footed;Reasonable;Very Strong;0.0;0.0;0.0;0.0;0.0;0.0;0.0;0.0;0.0;0.0;0.0;0.0;0.0;0.0;0.0;0.0;0.0;0.0;0;0;0;0.0;0.0;0.0;0.0;0.0;0.0;0;0.0;0;0;0;0;0.0;0.0;0.0;0.0;0.0;0.0;0;0.0;0;0;0.0;0.0;0.0;0.0;0.0;0.0;0.0;0.0
2000053428;Dani Barcia;D (C);D (LC);21;Spain;Coruña;Spanish Federation 1A;3 (5);383;6.58;Youngster;£900K;£2.3K - £2.7K p/w;30/6/2026;186 cm;Left-Footed;Very Strong;Reasonable;8.7;9.4;50.1;53.1;3.5;0.2;0.9;0.0;4.5;2.1;0.5;0.5;0.9;1.9;11.4;0.5;8.2;1.9;0;0;0;0.2;2.8;3.3;0.0;0.0;0.0;0;0.0;4;3;0;0;6.1;0.2;1.9;0.2;0.0;0.0;0;2.6;0;0;0.0;0.2;0.0;0.0;0.0;0.0;0.5;0.2
2002099779;Pedro Engonga;M (R);D/M (R);15;Eq. Guinea;Linares;Spanish Federation 1B;0;0;-;Scouting Required;£1K - £9K;£50 - £70 p/w;30/6/2028;178 cm;Right-Footed Only;Weak;Very Strong;0.0;0.0;0.0;0.0;0.0;0.0;0.0;0.0;0.0;0.0;0.0;0.0;0.0;0.0;0.0;0.0;0.0;0.0;0;0;0;0.0;0.0;0.0;0.0;0.0;0.0;0;0.0;0;0;0;0;0.0;0.0;0.0;0.0;0.0;0.0;0;0.0;0;0;0.0;0.0;0.0;0.0;0.0;0.0;0.0;0.0
2000053503;Mario Nájera;AM (C);AM (C), ST (C);21;Spain;Coruña;Spanish Federation 1A;0;0;-;Scouting Required;£22K - £210K;£900 - £1.3K p/w;30/6/2025;181 cm;Right-Footed;Fairly Strong;Very Strong;0.0;0.0;0.0;0.0;0.0;0.0;0.0;0.0;0.0;0.0;0.0;0.0;0.0;0.0;0.0;0.0;0.0;0.0;0;0;0;0.0;0.0;0.0;0.0;0.0;0.0;0;0.0;0;0;0;0;0.0;0.0;0.0;0.0;0.0;0.0;0;0.0;0;0;0.0;0.0;0.0;0.0;0.0;0.0;0.0;0.0
2002099780;Emmanuel Fotso;D (C);D (C);15;Cameroon;Linares;Spanish Federation 1B;0;0;-;Scouting Required;£12K - £120K;£50 - £70 p/w;30/6/2028;181 cm;Right-Footed;Reasonable;Very Strong;0.0;0.0;0.0;0.0;0.0;0.0;0.0;0.0;0.0;0.0;0.0;0.0;0.0;0.0;0.0;0.0;0.0;0.0;0;0;0;0.0;0.0;0.0;0.0;0.0;0.0;0;0.0;0;0;0;0;0.0;0.0;0.0;0.0;0.0;0.0;0;0.0;0;0;0.0;0.0;0.0;0.0;0.0;0.0;0.0;0.0
2002099781;Lázaro Salvador;AM (L);M/AM (L);15;Spain;Linares;Spanish Federation 1B;0;0;-;Scouting Required;£12K - £45K;£50 - £70 p/w;30/6/2028;184 cm;Right-Footed;Reasonable;Very Strong;0.0;0.0;0.0;0.0;0.0;0.0;0.0;0.0;0.0;0.0;0.0;0.0;0.0;0.0;0.0;0.0;0.0;0.0;0;0;0;0.0;0.0;0.0;0.0;0.0;0.0;0;0.0;0;0;0;0;0.0;0.0;0.0;0.0;0.0;0.0;0;0.0;0;0;0.0;0.0;0.0;0.0;0.0;0.0;0.0;0.0
2000054623;Diego García;ST (C);ST (C);24;Spain;Leganés;Second Division;11 (21);1493;6.63;Scouting Required;£40K - £400K;£1.3K - £2K p/w;30/6/2027;185 cm;Right-Footed;Reasonable;Very Strong;15.7;1.1;22.2;24.8;0.5;0.5;1.1;0.0;7.1;1.7;0.0;0.4;0.5;1.2;11.8;0.7;6.5;0.8;0;0;0;0.1;6.3;2.0;0.0;0.0;0.3;0.74;0.3;17;20;1;0;8.3;0.1;0.8;0.1;0.0;0.4;0;1.1;0;11;0.0;0.5;0.0;0.5;1.0;2.4;0.0;0.0
2002099782;Sandro Blanco;AM (L);AM (LC), ST (C);15;Spain;Linares;Spanish Federation 1B;0;0;-;Scouting Required;£9K - £90K;£50 - £70 p/w;30/6/2028;172 cm;Left-Footed;Very Strong;Weak;0.0;0.0;0.0;0.0;0.0;0.0;0.0;0.0;0.0;0.0;0.0;0.0;0.0;0.0;0.0;0.0;0.0;0.0;0;0;0;0.0;0.0;0.0;0.0;0.0;0.0;0;0.0;0;0;0;0;0.0;0.0;0.0;0.0;0.0;0.0;0;0.0;0;0;0.0;0.0;0.0;0.0;0.0;0.0;0.0;0.0
2002099783;Manuel;WB (R);D (RC), WB (R);16;Spain;Linares;Spanish Federation 1B;0;0;-;Scouting Required;£1K - £10K;£55 - £70 p/w;30/6/2028;171 cm;Right-Footed;Reasonable;Very Strong;0.0;0.0;0.0;0.0;0.0;0.0;0.0;0.0;0.0;0.0;0.0;0.0;0.0;0.0;0.0;0.0;0.0;0.0;0;0;0;0.0;0.0;0.0;0.0;0.0;0.0;0;0.0;0;0;0;0;0.0;0.0;0.0;0.0;0.0;0.0;0;0.0;0;0;0.0;0.0;0.0;0.0;0.0;0.0;0.0;0.0
2002099784;Carlos Viña;GK;GK;16;Spain;Melilla;Spanish Federation 1B;0;0;-;Scouting Required;Unknown;£55 - £75 p/w;30/6/2028;192 cm;Unknown Footedness;Very Weak;Very Weak;0.0;0.0;0.0;0.0;0.0;0.0;0.0;0.0;0.0;0.0;0.0;0.0;0.0;0.0;0.0;0.0;0.0;0.0;0;0;0;0.0;0.0;0.0;0.0;0.0;0.0;0;0.0;0;0;0;0;0.0;0.0;0.0;0.0;0.0;0.0;0;0.0;0;0;0.0;0.0;0.0;0.0;0.0;0.0;0.0;0.0
2000056076;Álex Millán;ST (C);ST (C);23;Spain;Vigo B;Spanish Federation 1A;0;0;-;Scouting Required;£0 - £45K;£20 - £30 p/w;30/6/2024;180 cm;Right-Footed;Fairly Strong;Very Strong;0.0;0.0;0.0;0.0;0.0;0.0;0.0;0.0;0.0;0.0;0.0;0.0;0.0;0.0;0.0;0.0;0.0;0.0;0;0;0;0.0;0.0;0.0;0.0;0.0;0.0;0;0.0;0;0;0;0;0.0;0.0;0.0;0.0;0.0;0.0;0;0.0;0;0;0.0;0.0;0.0;0.0;0.0;0.0;0.0;0.0
2000056421;Destiny Ilahude;ST (C);AM (R), ST (C);20;Spain;Antequera;Spanish Federation 1B;0 (1);0;-;Scouting Required;£95K - £350K;£800 - £1.1K p/w;30/6/2026;183 cm;Right-Footed;Reasonable;Very Strong;0.0;0.0;0.0;0.0;0.0;0.0;0.0;0.0;0.0;0.0;0.0;0.0;0.0;0.0;0.0;0.0;0.0;0.0;0;0;0;0.0;0.0;0.0;0.0;0.0;0.0;0;0.0;0;0;0;0;0.0;0.0;0.0;0.0;0.0;0.0;0;0.0;0;0;0.0;0.0;0.0;0.0;0.0;0.0;0.0;0.0
2000056427;Marc Domènech;AM (C);DM, M/AM (C);21;Spain;Sabadell;Spanish Federation 1A;1 (7);164;6.53;Scouting Required;£12K - £130K;£675 - £925 p/w;30/6/2025;171 cm;Left-Footed;Very Strong;Reasonable;7.1;8.2;43.9;52.1;4.9;1.1;0.5;0.0;9.9;1.6;0.0;1.6;1.6;1.1;10.8;0.0;7.7;0.5;0;0;0;0.0;2.2;0.0;0.0;0.0;0.1;-0.11;0.1;0;0;0;0;2.2;0.5;8.2;0.5;0.0;0.0;0;0.5;0;0;0.0;3.3;0.0;1.1;0.5;1.1;0.0;0.0
2002099785;Daniel Morente;AM (R);M (RC), AM (R);16;Spain;Melilla;Spanish Federation 1B;2 (16);0;-;Scouting Required;Unknown;£55 - £75 p/w;30/6/2028;174 cm;Unknown Footedness;Very Weak;Very Weak;0.0;0.0;0.0;0.0;0.0;0.0;0.0;0.0;0.0;0.0;0.0;0.0;0.0;0.0;0.0;0.0;0.0;0.0;0;0;0;0.0;0.0;0.0;0.0;0.0;0.0;0;0.0;0;0;0;0;0.0;0.0;0.0;0.0;0.0;0.0;0;0.0;0;0;0.0;0.0;0.0;0.0;0.0;0.0;0.0;0.0
2000056616;Josep Gayà;D (C);D (C);23;Spain;Amorebieta;Second Division;13 (6);1390;6.61;Surplus to Requirements;£75K - £750K;£1.3K - £1.5K p/w;30/6/2026;186 cm;Right-Footed;Reasonable;Very Strong;5.0;11.2;48.8;55.9;4.7;0.3;1.5;0.0;3.8;1.4;0.5;1.6;1.6;1.4;11.2;0.3;4.2;0.1;0;0;0;0.0;2.9;5.6;0.0;0.0;0.0;-0.35;0.0;11;3;1;0;8.5;0.9;0.1;0.0;0.0;0.0;0;1.2;0;1;0.0;0.3;0.0;0.1;0.1;0.1;0.3;1.0
2000056701;Miguel Berlanga;ST (C);AM (RL), ST (C);23;Spain;Linares;Spanish Federation 1B;2 (5);178;6.85;Scouting Required;£2K - £8K;£450 - £650 p/w;30/6/2025;187 cm;Left-Footed Only;Very Strong;Weak;24.3;3.0;36.9;43.0;4.0;1.0;1.0;0.0;11.1;2.5;0.0;0.0;0.5;2.0;12.5;6.1;7.6;5.1;0;0;0;0.0;2.5;3.0;0.0;0.1;0.3;-0.55;0.3;3;5;0;0;5.6;0.5;5.1;0.0;0.0;0.0;0;3.0;0;2;0.5;1.0;0.0;0.0;0.5;1.5;0.0;0.0
2000056741;Lluís Tarrés;GK;GK;23;Spain;Córdoba;Spanish Federation 1B;1;90;6.70;Backup;£45K - £160K;£875 - £1K p/w;30/6/2026;189 cm;Right-Footed;Fairly Strong;Very Strong;0.0;8.0;20.0;20.0;0.0;0.0;2.0;0.0;0.0;0.0;0.0;0.0;0.0;0.0;4.1;0.0;0.0;0.0;70;60;0;0.0;0.0;0.0;0.0;0.0;0.0;0;0.0;0;0;0;0;0.0;0.0;0.0;0.0;2.0;0.0;3;3.0;0;0;0.0;0.0;0.3;0.0;0.0;0.0;0.0;0.0
2002099786;Enric Sicilia;M (C);M (C), AM (RC);15;Spain;Melilla;Spanish Federation 1B;0;0;-;Scouting Required;Unknown;£35 - £55 p/w;30/6/2028;172 cm;Unknown Footedness;Very Weak;Very Weak;0.0;0.0;0.0;0.0;0.0;0.0;0.0;0.0;0.0;0.0;0.0;0.0;0.0;0.0;0.0;0.0;0.0;0.0;0;0;0;0.0;0.0;0.0;0.0;0.0;0.0;0;0.0;0;0;0;0;0.0;0.0;0.0;0.0;0.0;0.0;0;0.0;0;0;0.0;0.0;0.0;0.0;0.0;0.0;0.0;0.0
2000056922;Mario Peregrina;AM (C);M (RC), AM (C), ST (C);20;Spain;Córdoba;Spanish Federation 1B;0 (1);45;6.50;Breakthrough Prospect;£40K - £375K;£600 - £700 p/w;30/6/2025;171 cm;Right-Footed;Reasonable;Very Strong;0.0;0.0;0.0;0.0;0.0;0.0;0.0;0.0;0.0;0.0;0.0;0.0;0.0;0.0;0.0;0.0;0.0;0.0;0;0;0;0.0;0.0;0.0;0.0;0.0;0.0;0;0.0;0;0;0;0;0.0;0.0;0.0;0.0;0.0;0.0;0;0.0;0;0;0.0;0.0;0.0;0.0;0.0;0.0;0.0;0.0
2002099787;Jhan Olarte;D (R);D (RL), WB (R);15;Colombia;Melilla;Spanish Federation 1B;0;0;-;Scouting Required;Unknown;£35 - £55 p/w;30/6/2028;180 cm;Unknown Footedness;Very Weak;Very Weak;0.0;0.0;0.0;0.0;0.0;0.0;0.0;0.0;0.0;0.0;0.0;0.0;0.0;0.0;0.0;0.0;0.0;0.0;0;0;0;0.0;0.0;0.0;0.0;0.0;0.0;0;0.0;0;0;0;0;0.0;0.0;0.0;0.0;0.0;0.0;0;0.0;0;0;0.0;0.0;0.0;0.0;0.0;0.0;0.0;0.0
2002099788;Roger Riesgo;AM (L);AM (L), ST (C);15;Spain;Melilla;Spanish Federation 1B;0;0;-;Scouting Required;Unknown;£35 - £55 p/w;30/6/2028;182 cm;Unknown Footedness;Very Weak;Very Weak;0.0;0.0;0.0;0.0;0.0;0.0;0.0;0.0;0.0;0.0;0.0;0.0;0.0;0.0;0.0;0.0;0.0;0.0;0;0;0;0.0;0.0;0.0;0.0;0.0;0.0;0;0.0;0;0;0;0;0.0;0.0;0.0;0.0;0.0;0.0;0;0.0;0;0;0.0;0.0;0.0;0.0;0.0;0.0;0.0;0.0
2000057468;Adrián Corral;D (L);D (LC), WB (L);21;Spain;R. Santander;Second Division;1 (1);127;6.30;Scouting Required;£35K - £350K;£480 - £675 p/w;30/6/2026;183 cm;Left-Footed Only;Very Strong;Weak;22.7;4.3;42.5;48.9;7.8;0.7;0.7;0.0;5.0;0.7;1.4;2.1;2.1;0.7;14.3;0.7;16.3;3.5;0;0;0;0.7;7.1;3.5;0.0;0.0;0.0;0;0.0;2;1;0;0;10.6;0.0;3.5;0.7;0.0;0.0;0;1.4;0;0;0.0;0.7;0.0;0.0;0.0;0.0;0.0;0.0
2002099789;David Herrera;M (C);DM, M (RC);15;Spain;Melilla;Spanish Federation 1B;0;0;-;Scouting Required;Unknown;£40 - £55 p/w;30/6/2028;176 cm;Unknown Footedness;Very Weak;Very Weak;0.0;0.0;0.0;0.0;0.0;0.0;0.0;0.0;0.0;0.0;0.0;0.0;0.0;0.0;0.0;0.0;0.0;0.0;0;0;0;0.0;0.0;0.0;0.0;0.0;0.0;0;0.0;0;0;0;0;0.0;0.0;0.0;0.0;0.0;0.0;0;0.0;0;0;0.0;0.0;0.0;0.0;0.0;0.0;0.0;0.0
2000058460;Ander Astrálaga;GK;GK;20;Spain;Barcelona B;Spanish Federation 1A;39;3455;6.96;Scouting Required;£80K - £800K;£1.5K - £2.1K p/w;30/6/2025;190 cm;Right-Footed;Weak;Very Strong;6.3;4.5;15.4;22.4;0.0;0.0;0.9;0.0;0.0;0.0;0.0;6.0;0.1;0.1;5.9;0.0;0.0;0.0;87;73;0;0.0;0.0;0.0;0.3;0.0;0.0;0;0.0;0;16;0;0;0.0;0.0;0.0;0.0;0.9;0.0;2;1.5;0;0;0.0;0.0;0.1;0.0;0.0;0.0;0.0;0.0
2000058862;Santiago Homenchenko;DM;D (L), DM, M (LC);20;Uruguay;Oviedo;Second Division;0 (2);54;6.50;Breakthrough Prospect;£200K - £2M;£200 - £230 p/w;31/12/2027;185 cm;Left-Footed;Very Strong;Reasonable;0.0;0.0;0.0;0.0;0.0;0.0;0.0;0.0;0.0;0.0;0.0;0.0;0.0;0.0;0.0;0.0;0.0;0.0;0;0;0;0.0;0.0;0.0;0.0;0.0;0.0;-0.22;0.0;2;0;0;0;0.0;0.0;0.0;0.0;0.0;0.0;0;0.0;0;0;0.0;0.0;0.0;0.0;0.0;0.0;0.0;0.0
2002099790;Pol;M (C);M/AM (C);15;Spain;Melilla;Spanish Federation 1B;0;0;-;Scouting Required;Unknown;£40 - £60 p/w;30/6/2028;167 cm;Unknown Footedness;Very Weak;Very Weak;0.0;0.0;0.0;0.0;0.0;0.0;0.0;0.0;0.0;0.0;0.0;0.0;0.0;0.0;0.0;0.0;0.0;0.0;0;0;0;0.0;0.0;0.0;0.0;0.0;0.0;0;0.0;0;0;0;0;0.0;0.0;0.0;0.0;0.0;0.0;0;0.0;0;0;0.0;0.0;0.0;0.0;0.0;0.0;0.0;0.0
2000059703;Rubén Serrano;D (C);D (C);23;Spain;Huelva;Spanish Federation 1B;37 (1);3260;6.66;Scouting Required;£12K - £120K;£420 - £600 p/w;30/6/2026;182 cm;Right-Footed;Weak;Very Strong;4.6;9.5;48.8;53.3;3.4;0.1;1.6;0.0;2.5;0.7;0.6;1.8;1.4;0.9;10.7;0.0;3.9;0.1;0;0;0;0.0;1.8;4.2;0.0;0.0;0.0;-0.82;0.0;21;3;3;0;6.0;0.8;0.1;0.0;0.0;0.0;0;1.0;0;0;0.0;0.1;0.0;0.0;0.1;0.3;0.4;0.6
2000060657;Carlos Humberto;AM (R);M (R), AM (RL), ST (C);22;Spain;Murcia;Spanish Federation 1B;2 (3);184;6.58;Scouting Required;£45K - £180K;£160 - £250 p/w;30/6/2024;170 cm;Right-Footed;Weak;Very Strong;16.6;9.3;37.7;42.1;2.4;1.0;1.0;0.0;18.1;3.9;0.5;2.4;1.0;3.4;13.4;4.4;8.8;6.8;0;0;0;0.5;5.4;0.5;0.0;0.1;0.1;-0.11;0.1;7;2;2;0;5.9;0.0;6.8;0.5;0.0;0.0;0;1.0;0;0;0.0;1.0;0.0;1.0;0.5;1.0;0.0;0.5
2002099791;Cristian Cuadrado;AM (C);M/AM (C);16;Pays Basque;Melilla;Spanish Federation 1B;0;0;-;Scouting Required;Unknown;£40 - £60 p/w;30/6/2028;158 cm;Unknown Footedness;Very Weak;Very Weak;0.0;0.0;0.0;0.0;0.0;0.0;0.0;0.0;0.0;0.0;0.0;0.0;0.0;0.0;0.0;0.0;0.0;0.0;0;0;0;0.0;0.0;0.0;0.0;0.0;0.0;0;0.0;0;0;0;0;0.0;0.0;0.0;0.0;0.0;0.0;0;0.0;0;0;0.0;0.0;0.0;0.0;0.0;0.0;0.0;0.0
2002099792;José Ángel Olmo;D (R);D/AM (R), ST (C);15;Spain;Melilla;Spanish Federation 1B;0;0;-;Scouting Required;Unknown;£40 - £60 p/w;30/6/2028;174 cm;Unknown Footedness;Very Weak;Very Weak;0.0;0.0;0.0;0.0;0.0;0.0;0.0;0.0;0.0;0.0;0.0;0.0;0.0;0.0;0.0;0.0;0.0;0.0;0;0;0;0.0;0.0;0.0;0.0;0.0;0.0;0;0.0;0;0;0;0;0.0;0.0;0.0;0.0;0.0;0.0;0;0.0;0;0;0.0;0.0;0.0;0.0;0.0;0.0;0.0;0.0
2000060706;Ibrahima Camara;D (C);D (RC);21;Spain;Real San Sebastián B;Spanish Federation 1A;1 (1);128;6.45;Scouting Required;£14K - £130K;£200 - £290 p/w;30/6/2026;181 cm;Right-Footed;Fairly Strong;Very Strong;8.4;7.7;35.9;45.7;2.8;1.4;0.7;0.0;6.3;4.2;0.7;2.8;1.4;0.7;12.0;0.0;6.3;1.4;0;0;0;0.0;6.3;2.8;0.0;0.0;0.0;0;0.0;0;0;0;0;9.1;0.0;1.4;0.0;0.0;0.0;0;1.4;0;0;0.0;1.4;0.0;0.0;0.0;0.0;1.4;0.0
2000063227;Èric Monjonell;D (C);D (C);22;Spain;Ibiza;Spanish Federation 1B;12 (16);1040;6.71;Scouting Required;£35K - £350K;£1.6K - £2.2K p/w;30/6/2025;186 cm;Right-Footed Only;Weak;Very Strong;5.6;10.7;58.2;62.8;4.3;0.0;1.7;0.0;3.7;1.6;0.2;1.6;1.4;0.9;11.3;0.0;4.0;0.1;0;0;0;0.0;1.6;4.2;0.0;0.0;0.0;0.71;0.0;6;2;0;0;5.8;0.8;0.1;0.0;0.0;0.1;0;1.4;1;0;0.0;0.0;0.0;0.0;0.1;0.4;0.3;0.2
2000063240;Ot Remolins;AM (C);AM (C), ST (C);20;Andorra;R. Majadahonda;Spanish Federation 1A;0 (12);278;6.73;Scouting Required;£0 - £16K;£160 - £250 p/w;30/6/2025;176 cm;Right-Footed;Weak;Very Strong;26.9;0.3;16.8;19.4;0.6;0.6;0.3;0.0;5.5;0.6;0.6;0.3;1.6;0.3;12.0;1.6;5.5;0.0;0;0;0;0.0;8.1;4.9;0.0;0.0;0.2;0.46;0.2;5;3;1;0;12.9;0.0;0.0;0.0;0.0;0.3;0;1.0;0;2;0.0;0.6;0.0;0.6;1.9;2.3;0.0;0.0
2000063320;Froi Leal;GK;GK;23;Spain;Sabadell;Spanish Federation 1A;5;450;6.64;Scouting Required;£0 - £45K;£290 - £430 p/w;30/6/2024;184 cm;Right-Footed;Reasonable;Very Strong;6.4;6.0;22.2;27.8;0.0;0.0;1.0;0.0;0.0;0.0;0.0;6.2;0.2;0.0;5.7;0.0;0.8;0.0;89;76;0;0.0;0.0;0.0;0.4;0.0;0.0;0;0.0;0;0;0;0;0.0;0.0;0.0;0.0;1.0;0.0;3;1.4;1;0;0.0;0.0;0.2;0.0;0.0;0.0;0.0;0.0
2002099793;Jesús Román;AM (L);AM (LC), ST (C);15;Spain;Melilla;Spanish Federation 1B;0;0;-;Scouting Required;Unknown;£40 - £60 p/w;30/6/2028;160 cm;Unknown Footedness;Very Weak;Very Weak;0.0;0.0;0.0;0.0;0.0;0.0;0.0;0.0;0.0;0.0;0.0;0.0;0.0;0.0;0.0;0.0;0.0;0.0;0;0;0;0.0;0.0;0.0;0.0;0.0;0.0;0;0.0;0;0;0;0;0.0;0.0;0.0;0.0;0.0;0.0;0;0.0;0;0;0.0;0.0;0.0;0.0;0.0;0.0;0.0;0.0
2000065642;Cédric;ST (C);ST (C);22;Spain;Valladolid;Second Division;0 (9);213;6.56;B Team Regular;£26K - £275K;£625 - £725 p/w;30/6/2024;185 cm;Right-Footed;Reasonable;Very Strong;22.4;1.3;22.0;25.8;0.8;0.0;1.7;0.0;7.2;0.8;0.0;0.0;1.3;0.8;11.4;1.7;5.5;0.4;0;0;0;0.0;7.2;4.2;0.0;0.0;0.6;-0.41;0.6;3;1;0;0;11.4;0.0;0.4;0.0;0.0;0.4;0;1.7;0;4;0.0;0.0;0.0;1.7;1.3;3.4;0.0;0.0
2000065644;Álvaro Aceves;GK;GK;20;Spain;Eldense;Second Division;0;0;-;Scouting Required;£120K - £1.2M;£900 - £1.3K p/w;30/6/2025;190 cm;Right-Footed;Reasonable;Very Strong;0.0;0.0;0.0;0.0;0.0;0.0;0.0;0.0;0.0;0.0;0.0;0.0;0.0;0.0;0.0;0.0;0.0;0.0;0;0;0;0.0;0.0;0.0;0.0;0.0;0.0;0;0.0;0;0;0;0;0.0;0.0;0.0;0.0;0.0;0.0;0;0.0;0;0;0.0;0.0;0.0;0.0;0.0;0.0;0.0;0.0
2000065900;Ibai Sanz;ST (C);ST (C);20;Spain;Sestao;Spanish Federation 1A;1 (16);396;6.43;Scouting Required;£130K - £1.3M;£240 - £330 p/w;30/6/2025;183 cm;Right-Footed;Reasonable;Very Strong;25.9;0.5;20.5;22.5;0.7;0.7;1.1;0.0;5.9;0.9;0.0;0.5;0.9;0.7;11.8;1.1;5.5;0.7;0;0;0;0.0;8.2;2.3;0.0;0.0;0.2;-1.06;0.2;4;6;1;0;10.5;0.0;0.7;0.0;0.0;0.0;0;0.2;0;4;0.0;0.7;0.0;0.7;0.9;3.0;0.2;0.0
2000065982;David López;D (R);D/WB (R);21;Spain;Mérida;Spanish Federation 1B;0 (2);47;6.90;Scouting Required;£30K - £325K;£525 - £725 p/w;30/6/2025;179 cm;Right-Footed;Weak;Very Strong;0.0;0.0;0.0;0.0;0.0;0.0;0.0;0.0;0.0;0.0;0.0;0.0;0.0;0.0;0.0;0.0;0.0;0.0;0;0;0;0.0;0.0;0.0;0.0;0.0;0.0;0;0.0;0;0;0;0;0.0;0.0;0.0;0.0;0.0;0.0;0;0.0;0;0;0.0;0.0;0.0;0.0;0.0;0.0;0.0;0.0
2000066256;Hugo Pérez;D (C);D (C), DM;21;Spain;Villarreal B;Second Division;10 (23);1247;6.48;Youngster;£40K - £425K;£1.4K - £1.6K p/w;30/6/2025;189 cm;Right-Footed Only;Weak;Very Strong;8.7;8.2;47.2;53.9;3.9;0.3;1.7;0.0;7.7;1.8;0.3;1.5;1.3;1.7;12.4;0.4;9.2;0.1;0;0;0;0.0;1.5;3.7;0.0;0.0;0.0;0;0.0;12;5;1;0;5.2;0.2;0.1;0.0;0.0;0.0;0;1.1;0;0;0.0;0.3;0.0;0.0;0.0;0.0;0.1;0.4
2002099794;José Ángel Sedano;ST (C);AM (R), ST (C);16;Spain;Melilla;Spanish Federation 1B;0;0;-;Scouting Required;Unknown;£45 - £60 p/w;30/6/2028;176 cm;Unknown Footedness;Very Weak;Very Weak;0.0;0.0;0.0;0.0;0.0;0.0;0.0;0.0;0.0;0.0;0.0;0.0;0.0;0.0;0.0;0.0;0.0;0.0;0;0;0;0.0;0.0;0.0;0.0;0.0;0.0;0;0.0;0;0;0;0;0.0;0.0;0.0;0.0;0.0;0.0;0;0.0;0;0;0.0;0.0;0.0;0.0;0.0;0.0;0.0;0.0
2000067218;Dylan;AM (C);M (C), AM (RLC);21;Spain;Tenerife;Second Division;0 (1);22;6.70;Future Prospect;£55K - £550K;£290 - £340 p/w;30/6/2025;179 cm;Left-Footed;Very Strong;Weak;0.0;0.0;0.0;0.0;0.0;0.0;0.0;0.0;0.0;0.0;0.0;0.0;0.0;0.0;0.0;0.0;0.0;0.0;0;0;0;0.0;0.0;0.0;0.0;0.0;0.0;-0.1;0.0;0;0;0;0;0.0;0.0;0.0;0.0;0.0;0.0;0;0.0;0;0;0.0;0.0;0.0;0.0;0.0;0.0;0.0;0.0
2000067577;Ángel Jiménez;GK;GK;22;Spain;Ponferrada;Spanish Federation 1A;4;360;6.73;Scouting Required;£180K - £650K;£950 - £1.3K p/w;30/6/2026;194 cm;Right-Footed;Reasonable;Very Strong;9.2;1.5;9.8;19.0;0.0;0.0;1.2;0.0;0.0;0.0;0.0;7.8;0.0;0.2;4.4;0.0;0.2;0.0;87;71;0;0.0;0.0;0.0;0.2;0.0;0.0;0;0.0;0;1;0;0;0.0;0.0;0.0;0.0;1.2;0.0;2;1.0;0;0;0.0;0.0;0.0;0.0;0.0;0.0;0.0;0.0
2000071629;Diogo Tavares;AM (R);M/AM (R);22;Portugal;F.C. Andorra;Second Division;0;0;-;Scouting Required;£0;N/A;30/6/2025;187 cm;Right-Footed;Weak;Very Strong;0.0;0.0;0.0;0.0;0.0;0.0;0.0;0.0;0.0;0.0;0.0;0.0;0.0;0.0;0.0;0.0;0.0;0.0;0;0;0;0.0;0.0;0.0;0.0;0.0;0.0;0;0.0;0;0;0;0;0.0;0.0;0.0;0.0;0.0;0.0;0;0.0;0;0;0.0;0.0;0.0;0.0;0.0;0.0;0.0;0.0
2000075362;Pablo Mingo;D (R);D (R);21;Spain;San Fernando;Spanish Federation 1B;13 (6);0;-;Scouting Required;£0;£230 - £320 p/w;30/6/2025;170 cm;Right-Footed;Weak;Very Strong;0.0;0.0;0.0;0.0;0.0;0.0;0.0;0.0;0.0;0.0;0.0;0.0;0.0;0.0;0.0;0.0;0.0;0.0;0;0;0;0.0;0.0;0.0;0.0;0.0;0.0;0;0.0;0;0;0;0;0.0;0.0;0.0;0.0;0.0;0.0;0;0.0;0;0;0.0;0.0;0.0;0.0;0.0;0.0;0.0;0.0
2000076169;Fernando Somolinos;D (C);D (C);22;Spain;Coruña;Spanish Federation 1A;2 (16);0;-;Scouting Required;£275K - £950K;£1.7K - £2.4K p/w;30/6/2026;188 cm;Right-Footed;Reasonable;Very Strong;0.0;0.0;0.0;0.0;0.0;0.0;0.0;0.0;0.0;0.0;0.0;0.0;0.0;0.0;0.0;0.0;0.0;0.0;0;0;0;0.0;0.0;0.0;0.0;0.0;0.0;0;0.0;0;0;0;0;0.0;0.0;0.0;0.0;0.0;0.0;0;0.0;0;0;0.0;0.0;0.0;0.0;0.0;0.0;0.0;0.0
2002099795;Francisco Santana;GK;GK;15;Spain;Unionistas;Spanish Federation 1A;0;0;-;Future Prospect;£1K - £10K;£50 - £60 p/w;30/6/2028;190 cm;Right-Footed;Reasonable;Very Strong;0.0;0.0;0.0;0.0;0.0;0.0;0.0;0.0;0.0;0.0;0.0;0.0;0.0;0.0;0.0;0.0;0.0;0.0;0;0;0;0.0;0.0;0.0;0.0;0.0;0.0;0;0.0;0;0;0;0;0.0;0.0;0.0;0.0;0.0;0.0;0;0.0;0;0;0.0;0.0;0.0;0.0;0.0;0.0;0.0;0.0
2000076401;Diego Mirapeix;D (C);D (C);24;Spain;Sestao;Spanish Federation 1A;14 (7);1405;6.66;Emergency Backup;£14K - £50K;£250 - £300 p/w;30/6/2025;187 cm;Right-Footed;Reasonable;Very Strong;4.8;14.5;48.5;54.8;3.8;0.5;1.5;0.0;2.8;1.2;0.8;2.3;1.7;1.0;10.9;0.0;5.4;0.1;0;0;0;0.0;3.1;6.9;0.0;0.0;0.1;-0.86;0.1;7;1;2;0;9.9;0.6;0.1;0.0;0.0;0.0;0;1.3;2;1;0.0;0.5;0.0;0.1;0.1;0.3;0.3;0.7
2000076418;Damián Cáceres;M (C);DM, M (C);21;Spain;S. Gijón;Second Division;0 (4);39;-;Scouting Required;£100K;£330 - £460 p/w;30/6/2026;181 cm;Right-Footed;Reasonable;Very Strong;0.0;0.0;0.0;0.0;0.0;0.0;0.0;0.0;0.0;0.0;0.0;0.0;0.0;0.0;0.0;0.0;0.0;0.0;0;0;0;0.0;0.0;0.0;0.0;0.0;0.0;0;0.0;0;0;0;0;0.0;0.0;0.0;0.0;0.0;0.0;0;0.0;0;0;0.0;0.0;0.0;0.0;0.0;0.0;0.0;0.0
2000076424;Marco Carrascal;DM;D (C), DM, M (C);21;Spain;R. Santander;Second Division;1 (6);198;6.45;Breakthrough Prospect;£150K - £1.5M;£1.3K - £1.5K p/w;30/6/2026;178 cm;Right-Footed;Reasonable;Very Strong;6.8;6.8;51.4;57.3;4.5;0.5;0.9;0.0;8.2;1.8;0.0;0.9;1.4;2.3;13.1;0.9;8.2;0.5;0;0;0;0.0;2.7;1.8;0.0;0.6;0.0;-0.06;0.0;2;1;0;0;4.5;0.0;0.5;0.0;0.0;0.0;0;0.5;0;0;0.0;0.5;0.0;0.9;0.5;0.9;0.5;0.0
2002099796;Pablo Caballero;D (R);D (RLC);15;Spain;Unionistas;Spanish Federation 1A;0;0;-;Future Prospect;£12K - £120K;£50 - £60 p/w;30/6/2028;186 cm;Right-Footed;Reasonable;Very Strong;0.0;0.0;0.0;0.0;0.0;0.0;0.0;0.0;0.0;0.0;0.0;0.0;0.0;0.0;0.0;0.0;0.0;0.0;0;0;0;0.0;0.0;0.0;0.0;0.0;0.0;0;0.0;0;0;0;0;0.0;0.0;0.0;0.0;0.0;0.0;0;0.0;0;0;0.0;0.0;0.0;0.0;0.0;0.0;0.0;0.0
2002099797;José Manuel De Paz;AM (L);M/AM (L), ST (C);15;Spain;Unionistas;Spanish Federation 1A;0;0;-;Future Prospect;£75K - £250K;£50 - £60 p/w;30/6/2028;178 cm;Left-Footed;Very Strong;Reasonable;0.0;0.0;0.0;0.0;0.0;0.0;0.0;0.0;0.0;0.0;0.0;0.0;0.0;0.0;0.0;0.0;0.0;0.0;0;0;0;0.0;0.0;0.0;0.0;0.0;0.0;0;0.0;0;0;0;0;0.0;0.0;0.0;0.0;0.0;0.0;0;0.0;0;0;0.0;0.0;0.0;0.0;0.0;0.0;0.0;0.0
2000077279;Manu Rico;AM (C);AM (C);21;Spain;Ceuta;Spanish Federation 1B;0 (2);20;6.80;Scouting Required;£30K - £300K;£1.1K - £1.6K p/w;30/6/2025;177 cm;Left-Footed;Very Strong;Weak;0.0;0.0;0.0;0.0;0.0;0.0;0.0;0.0;0.0;0.0;0.0;0.0;0.0;0.0;0.0;0.0;0.0;0.0;0;0;0;0.0;0.0;0.0;0.0;0.0;0.0;0;0.0;0;1;0;0;0.0;0.0;0.0;0.0;0.0;0.0;0;0.0;0;0;0.0;0.0;0.0;0.0;0.0;0.0;0.0;0.0
2000077286;Martín Luna;ST (C);ST (C);20;Spain;Huesca;Second Division;0 (13);328;6.61;Future Prospect;£0 - £60K;£1.1K - £1.4K p/w;30/6/2026;180 cm;Right-Footed;Fairly Strong;Very Strong;35.1;0.0;17.8;20.9;0.5;0.5;2.2;0.0;5.8;1.4;0.3;0.3;0.8;0.8;11.3;0.8;4.9;0.5;0;0;0;0.0;7.7;3.3;0.0;0.0;0.6;-0.28;0.6;2;10;0;0;11.0;0.0;0.5;0.0;0.0;0.5;0;0.8;0;3;0.0;0.5;0.0;0.3;1.1;3.0;0.0;0.0
2000079752;Ismael Ferrer;AM (R);M (R), AM (RL);21;Spain;Murcia;Spanish Federation 1B;0 (1);10;-;Scouting Required;£0;£170 - £260 p/w;30/6/2024;172 cm;Left-Footed;Very Strong;Reasonable;0.0;0.0;0.0;0.0;0.0;0.0;0.0;0.0;0.0;0.0;0.0;0.0;0.0;0.0;0.0;0.0;0.0;0.0;0;0;0;0.0;0.0;0.0;0.0;0.0;0.0;0;0.0;3;0;0;0;0.0;0.0;0.0;0.0;0.0;0.0;0;0.0;0;1;0.0;0.0;0.0;0.0;0.0;0.0;0.0;0.0
2000080018;Álex Masogo;M (C);DM, M (C);23;Spain;San Fernando;Spanish Federation 1B;2 (1);192;7.10;Scouting Required;£16K - £160K;£420 - £600 p/w;30/6/2025;183 cm;Right-Footed Only;Weak;Very Strong;5.2;8.4;42.7;45.5;4.2;0.9;0.5;0.0;9.8;2.8;0.9;1.9;0.9;2.8;12.1;0.5;6.6;0.5;0;0;0;0.0;3.3;1.9;0.0;0.1;0.1;0.85;0.1;1;0;1;0;5.2;0.0;0.5;0.0;0.0;0.5;0;2.8;0;0;0.0;0.9;0.0;0.9;0.5;1.4;0.0;0.5
2000080044;Pedro Benito;ST (C);AM (R), ST (C);24;Spain;Albacete;Second Division;0 (9);174;6.42;Scouting Required;£100K;£1.2K - £1.7K p/w;30/6/2025;182 cm;Right-Footed;Reasonable;Very Strong;30.0;0.5;18.6;22.8;0.0;0.0;1.0;0.0;8.8;1.0;0.0;1.0;0.0;1.0;10.9;0.0;5.7;0.0;0;0;0;0.0;8.3;1.6;0.0;0.0;0.6;-0.22;0.6;3;4;1;0;9.8;0.0;0.0;0.0;0.0;0.5;0;0.5;0;1;0.0;0.0;0.0;1.6;2.1;4.1;0.0;0.0
2002099798;Rafael Galera;AM (R);M/AM (R), ST (C);16;Spain;Unionistas;Spanish Federation 1A;0;0;-;Youngster;£0 - £35K;£50 - £60 p/w;30/6/2028;172 cm;Right-Footed Only;Weak;Very Strong;0.0;0.0;0.0;0.0;0.0;0.0;0.0;0.0;0.0;0.0;0.0;0.0;0.0;0.0;0.0;0.0;0.0;0.0;0;0;0;0.0;0.0;0.0;0.0;0.0;0.0;0;0.0;0;0;0;0;0.0;0.0;0.0;0.0;0.0;0.0;0;0.0;0;0;0.0;0.0;0.0;0.0;0.0;0.0;0.0;0.0
2002099799;Guillermo Pardeiro;D (R);D (RL), WB (L);15;Spain;Unionistas;Spanish Federation 1A;0;0;-;Youngster;£1K - £10K;£50 - £60 p/w;30/6/2028;171 cm;Right-Footed;Reasonable;Very Strong;0.0;0.0;0.0;0.0;0.0;0.0;0.0;0.0;0.0;0.0;0.0;0.0;0.0;0.0;0.0;0.0;0.0;0.0;0;0;0;0.0;0.0;0.0;0.0;0.0;0.0;0;0.0;0;0;0;0;0.0;0.0;0.0;0.0;0.0;0.0;0;0.0;0;0;0.0;0.0;0.0;0.0;0.0;0.0;0.0;0.0
2002099800;Vicente;M (R);D/WB/M (R);16;Spain;Unionistas;Spanish Federation 1A;0;0;-;Youngster;£0 - £18K;£50 - £60 p/w;30/6/2028;172 cm;Right-Footed;Weak;Very Strong;0.0;0.0;0.0;0.0;0.0;0.0;0.0;0.0;0.0;0.0;0.0;0.0;0.0;0.0;0.0;0.0;0.0;0.0;0;0;0;0.0;0.0;0.0;0.0;0.0;0.0;0;0.0;0;0;0;0;0.0;0.0;0.0;0.0;0.0;0.0;0;0.0;0;0;0.0;0.0;0.0;0.0;0.0;0.0;0.0;0.0
2000086291;Ethyan;ST (C);ST (C);22;Spain;Tenerife;Second Division;2 (12);375;6.87;Breakthrough Prospect;£28K - £275K;£430 - £500 p/w;30/6/2026;185 cm;Right-Footed;Weak;Very Strong;29.8;1.4;20.4;23.0;1.0;0.7;1.2;0.0;6.0;1.7;0.0;0.2;1.0;0.5;11.3;1.2;5.5;1.0;0;0;0;0.0;6.5;4.1;0.0;0.0;0.4;1.48;0.4;5;7;0;0;10.6;0.0;1.0;0.0;0.0;0.7;0;1.4;0;1;0.0;0.7;0.0;1.2;1.7;3.1;0.0;0.0
2002099801;Diego;AM (L);AM (LC), ST (C);16;Spain;Unionistas;Spanish Federation 1A;0;0;-;Youngster;£8K - £28K;£50 - £60 p/w;30/6/2028;172 cm;Left-Footed;Very Strong;Reasonable;0.0;0.0;0.0;0.0;0.0;0.0;0.0;0.0;0.0;0.0;0.0;0.0;0.0;0.0;0.0;0.0;0.0;0.0;0;0;0;0.0;0.0;0.0;0.0;0.0;0.0;0;0.0;0;0;0;0;0.0;0.0;0.0;0.0;0.0;0.0;0;0.0;0;0;0.0;0.0;0.0;0.0;0.0;0.0;0.0;0.0
2000094737;Kavier Ortiz;ST (C);ST (C);22;Ecuador;Albacete;Second Division;0 (18);319;6.58;Scouting Required;£16K - £60K;£950 - £1.4K p/w;30/6/2025;183 cm;Right-Footed;Reasonable;Very Strong;27.6;0.0;19.5;22.6;0.6;0.6;2.0;0.0;5.4;1.4;0.0;0.3;1.1;0.6;10.9;0.6;6.2;0.6;0;0;0;0.3;8.7;3.1;0.0;0.1;0.2;0.42;0.2;2;5;0;0;11.8;0.3;0.6;0.3;0.0;0.3;0;1.1;0;0;0.0;0.6;0.0;1.4;0.8;3.4;0.0;0.0
2002099802;Baboucarr Sawaneh;WB (R);D (RC), WB (R), M (C);16;The Gambia;Unionistas;Spanish Federation 1A;0;0;-;Youngster;£0 - £22K;£55 - £60 p/w;30/6/2028;180 cm;Right-Footed;Reasonable;Very Strong;0.0;0.0;0.0;0.0;0.0;0.0;0.0;0.0;0.0;0.0;0.0;0.0;0.0;0.0;0.0;0.0;0.0;0.0;0;0;0;0.0;0.0;0.0;0.0;0.0;0.0;0;0.0;0;0;0;0;0.0;0.0;0.0;0.0;0.0;0.0;0;0.0;0;0;0.0;0.0;0.0;0.0;0.0;0.0;0.0;0.0
2000097061;Santi Miguélez;ST (C);ST (C);22;Spain;S.D. Logroñés;Spanish Federation 1A;17;1151;6.65;Scouting Required;£18K - £65K;£480 - £650 p/w;30/6/2025;186 cm;Right-Footed;Reasonable;Very Strong;18.5;1.1;19.5;23.7;1.0;0.8;1.9;0.0;6.7;1.7;0.1;0.5;0.3;0.9;11.7;0.5;5.5;1.3;0;0;0;0.2;8.3;4.3;0.0;0.1;0.3;0.41;0.3;22;34;0;0;12.6;0.1;1.3;0.2;0.0;0.3;0;1.1;0;11;0.1;0.8;0.0;0.5;1.1;2.0;0.0;0.0
2002099803;Matías Prat;D (R);D (RC);16;Spain;Unionistas;Spanish Federation 1A;0;0;-;Youngster;£2K - £18K;£55 - £60 p/w;30/6/2028;183 cm;Right-Footed;Fairly Strong;Very Strong;0.0;0.0;0.0;0.0;0.0;0.0;0.0;0.0;0.0;0.0;0.0;0.0;0.0;0.0;0.0;0.0;0.0;0.0;0;0;0;0.0;0.0;0.0;0.0;0.0;0.0;0;0.0;0;0;0;0;0.0;0.0;0.0;0.0;0.0;0.0;0;0.0;0;0;0.0;0.0;0.0;0.0;0.0;0.0;0.0;0.0
2000100702;Mamadou Cellou;AM (R);M (R), AM (RL);22;Guinea;Cartagena;Second Division;0 (5);136;6.83;Breakthrough Prospect;£0 - £45K;£240 - £280 p/w;30/6/2025;177 cm;Right-Footed Only;Weak;Very Strong;17.2;7.3;33.8;39.0;2.0;1.3;1.3;0.0;8.6;0.0;0.0;2.0;0.7;1.3;12.9;3.3;17.2;6.6;0;0;0;1.3;4.6;4.6;0.0;0.2;0.6;-0.92;0.6;0;3;0;0;9.3;0.0;7.3;1.3;0.0;0.0;0;0.7;0;0;0.7;1.3;0.0;1.3;1.3;4.0;0.0;0.0
2002099804;Juan Carlos Buenacasa;AM (C);AM (LC);16;Spain;Unionistas;Spanish Federation 1A;0;0;-;Youngster;£0 - £20K;£55 - £60 p/w;30/6/2028;167 cm;Left-Footed Only;Very Strong;Weak;0.0;0.0;0.0;0.0;0.0;0.0;0.0;0.0;0.0;0.0;0.0;0.0;0.0;0.0;0.0;0.0;0.0;0.0;0;0;0;0.0;0.0;0.0;0.0;0.0;0.0;0;0.0;0;0;0;0;0.0;0.0;0.0;0.0;0.0;0.0;0;0.0;0;0;0.0;0.0;0.0;0.0;0.0;0.0;0.0;0.0
2002099805;Juan Manuel Gil;WB (L);D/WB/M (L);15;Pays Basque;Unionistas;Spanish Federation 1A;0;0;-;Future Prospect;£100K - £350K;£55 - £60 p/w;30/6/2028;173 cm;Left-Footed;Very Strong;Reasonable;0.0;0.0;0.0;0.0;0.0;0.0;0.0;0.0;0.0;0.0;0.0;0.0;0.0;0.0;0.0;0.0;0.0;0.0;0;0;0;0.0;0.0;0.0;0.0;0.0;0.0;0;0.0;0;0;0;0;0.0;0.0;0.0;0.0;0.0;0.0;0;0.0;0;0;0.0;0.0;0.0;0.0;0.0;0.0;0.0;0.0
2002099806;Francisco Javier Garrido;M (C);DM, M/AM (C);15;Spain;Unionistas;Spanish Federation 1A;0;0;-;Youngster;£0 - £22K;£55 - £65 p/w;30/6/2028;177 cm;Left-Footed;Very Strong;Fairly Strong;0.0;0.0;0.0;0.0;0.0;0.0;0.0;0.0;0.0;0.0;0.0;0.0;0.0;0.0;0.0;0.0;0.0;0.0;0;0;0;0.0;0.0;0.0;0.0;0.0;0.0;0;0.0;0;0;0;0;0.0;0.0;0.0;0.0;0.0;0.0;0;0.0;0;0;0.0;0.0;0.0;0.0;0.0;0.0;0.0;0.0
2000105094;Rubén Gómez;GK;GK;22;Spain;Villarreal B;Second Division;0;0;-;Future Prospect;£150K - £1.5M;£1.4K - £1.6K p/w;30/6/2024;196 cm;Uses Both Feet;Very Strong;Very Strong;0.0;0.0;0.0;0.0;0.0;0.0;0.0;0.0;0.0;0.0;0.0;0.0;0.0;0.0;0.0;0.0;0.0;0.0;0;0;0;0.0;0.0;0.0;0.0;0.0;0.0;0;0.0;0;0;0;0;0.0;0.0;0.0;0.0;0.0;0.0;0;0.0;0;0;0.0;0.0;0.0;0.0;0.0;0.0;0.0;0.0
2000105115;David Guerrero;D (C);D (C);21;Spain;Cartagena;Second Division;4 (1);287;6.60;Scouting Required;£16K - £170K;£1K - £1.5K p/w;30/6/2026;188 cm;Right-Footed;Reasonable;Very Strong;9.7;12.5;47.4;56.8;3.1;0.3;0.9;0.0;2.5;0.6;0.6;0.6;1.6;0.9;10.5;0.0;2.2;0.0;0;0;0;0.0;2.5;2.2;0.0;0.0;0.0;0;0.0;0;0;0;0;4.7;0.0;0.0;0.0;0.0;0.0;0;1.3;0;0;0.0;0.3;0.0;0.0;0.0;0.0;0.3;0.3
2002099807;Rafa;AM (R);M (L), AM (RL);15;Spain;Unionistas;Spanish Federation 1A;0;0;-;Youngster;£1K - £8K;£45 - £55 p/w;30/6/2028;181 cm;Left-Footed;Very Strong;Reasonable;0.0;0.0;0.0;0.0;0.0;0.0;0.0;0.0;0.0;0.0;0.0;0.0;0.0;0.0;0.0;0.0;0.0;0.0;0;0;0;0.0;0.0;0.0;0.0;0.0;0.0;0;0.0;0;0;0;0;0.0;0.0;0.0;0.0;0.0;0.0;0;0.0;0;0;0.0;0.0;0.0;0.0;0.0;0.0;0.0;0.0
2000105132;Andrés Campos;AM (L);AM (L);22;Spain;R. Madrid B;Spanish Federation 1B;0;0;-;Scouting Required;£65K - £650K;£220 - £310 p/w;30/6/2025;178 cm;Left-Footed Only;Very Strong;Weak;0.0;0.0;0.0;0.0;0.0;0.0;0.0;0.0;0.0;0.0;0.0;0.0;0.0;0.0;0.0;0.0;0.0;0.0;0;0;0;0.0;0.0;0.0;0.0;0.0;0.0;0;0.0;0;0;0;0;0.0;0.0;0.0;0.0;0.0;0.0;0;0.0;0;0;0.0;0.0;0.0;0.0;0.0;0.0;0.0;0.0
2002099809;Javier Bascuñana;ST (C);ST (C);15;Spain;Unionistas;Spanish Federation 1A;0;0;-;Youngster;£12K - £40K;£45 - £55 p/w;30/6/2028;181 cm;Right-Footed;Reasonable;Very Strong;0.0;0.0;0.0;0.0;0.0;0.0;0.0;0.0;0.0;0.0;0.0;0.0;0.0;0.0;0.0;0.0;0.0;0.0;0;0;0;0.0;0.0;0.0;0.0;0.0;0.0;0;0.0;0;0;0;0;0.0;0.0;0.0;0.0;0.0;0.0;0;0.0;0;0;0.0;0.0;0.0;0.0;0.0;0.0;0.0;0.0
2002099810;Luis Santamaría;GK;GK;16;Spain;Ceuta;Spanish Federation 1B;0;0;-;Scouting Required;Unknown;£40 - £55 p/w;30/6/2028;186 cm;Unknown Footedness;Very Weak;Very Weak;0.0;0.0;0.0;0.0;0.0;0.0;0.0;0.0;0.0;0.0;0.0;0.0;0.0;0.0;0.0;0.0;0.0;0.0;0;0;0;0.0;0.0;0.0;0.0;0.0;0.0;0;0.0;0;0;0;0;0.0;0.0;0.0;0.0;0.0;0.0;0;0.0;0;0;0.0;0.0;0.0;0.0;0.0;0.0;0.0;0.0
2000106633;Ósky;D (L);D/WB/AM (L);19;Spain;Oviedo;Second Division;2 (3);211;6.73;Scouting Required;£180K - £650K;£240 - £350 p/w;30/6/2026;181 cm;Left-Footed Only;Very Strong;Weak;15.8;12.4;40.1;47.3;8.1;1.3;0.4;0.0;9.0;3.4;0.4;1.7;0.9;3.4;13.1;1.7;15.4;2.6;0;0;0;0.0;2.6;6.4;0.0;0.0;0.0;-0.01;0.0;2;2;0;0;9.0;0.4;3.0;0.4;0.0;0.0;0;0.4;0;0;0.0;1.3;0.0;0.0;0.4;0.4;0.4;0.0
2000106876;Marciano Sanca;ST (C);AM (RL), ST (C);20;Guinea-Bissau;Alcorcón;Second Division;11 (23);1307;6.67;Scouting Required;£325K - £3.1M;£1.8K - £2.6K p/w;30/6/2028;183 cm;Right-Footed;Weak;Very Strong;15.7;2.9;20.9;25.1;1.1;0.9;0.8;0.0;8.2;2.2;0.2;0.4;0.7;1.7;11.9;1.0;8.7;1.4;0;0;0;0.2;7.6;1.4;0.0;0.1;0.4;-0.62;0.4;21;32;0;0;9.1;0.0;1.4;0.2;0.0;0.3;0;0.8;0;8;0.0;1.0;0.0;1.0;1.4;3.4;0.0;0.0
2002099814;Guillermo Molinas;M (C);M (LC);15;Spain;Ceuta;Spanish Federation 1B;0;0;-;Scouting Required;£14K - £130K;£40 - £60 p/w;30/6/2028;173 cm;Left-Footed;Very Strong;Reasonable;0.0;0.0;0.0;0.0;0.0;0.0;0.0;0.0;0.0;0.0;0.0;0.0;0.0;0.0;0.0;0.0;0.0;0.0;0;0;0;0.0;0.0;0.0;0.0;0.0;0.0;0;0.0;0;0;0;0;0.0;0.0;0.0;0.0;0.0;0.0;0;0.0;0;0;0.0;0.0;0.0;0.0;0.0;0.0;0.0;0.0
2002099817;Damián;AM (R);AM (RLC);16;Spain;Ceuta;Spanish Federation 1B;0;0;-;Scouting Required;£50K - £190K;£45 - £65 p/w;30/6/2028;171 cm;Right-Footed;Reasonable;Very Strong;0.0;0.0;0.0;0.0;0.0;0.0;0.0;0.0;0.0;0.0;0.0;0.0;0.0;0.0;0.0;0.0;0.0;0.0;0;0;0;0.0;0.0;0.0;0.0;0.0;0.0;0;0.0;0;0;0;0;0.0;0.0;0.0;0.0;0.0;0.0;0;0.0;0;0;0.0;0.0;0.0;0.0;0.0;0.0;0.0;0.0
2002099818;Joaquín Prieto;M (C);M (RC);16;Spain;Ceuta;Spanish Federation 1B;0;0;-;Scouting Required;£14K - £150K;£45 - £65 p/w;30/6/2028;176 cm;Right-Footed;Weak;Very Strong;0.0;0.0;0.0;0.0;0.0;0.0;0.0;0.0;0.0;0.0;0.0;0.0;0.0;0.0;0.0;0.0;0.0;0.0;0;0;0;0.0;0.0;0.0;0.0;0.0;0.0;0;0.0;0;0;0;0;0.0;0.0;0.0;0.0;0.0;0.0;0;0.0;0;0;0.0;0.0;0.0;0.0;0.0;0.0;0.0;0.0
2000110365;Moussa Diarra;D (C);D (C);22;Mali;Málaga;Spanish Federation 1B;3 (2);311;6.68;Surplus to Requirements;£550K - £900K;£1.3K p/w;30/6/2026;190 cm;Right-Footed;Reasonable;Very Strong;4.1;11.3;46.3;49.8;4.1;0.0;2.6;0.0;3.2;1.2;0.6;0.9;3.2;2.0;12.8;0.0;11.6;0.0;0;0;0;0.0;3.2;1.4;0.0;0.1;0.0;0;0.0;2;0;2;0;4.6;0.0;0.0;0.0;0.0;0.0;0;1.7;1;0;0.0;0.0;0.0;0.3;0.0;0.3;1.2;0.6
2000110703;Dorian Jr.;ST (C);ST (C);23;Spain;A. Madrid B;Spanish Federation 1B;2 (5);257;6.97;Scouting Required;£8K - £75K;£300 - £410 p/w;30/6/2025;187 cm;Right-Footed;Reasonable;Very Strong;4.6;4.6;21.0;23.5;0.4;0.0;1.4;0.0;3.9;0.7;0.0;1.4;0.7;1.8;11.8;0.0;6.7;0.0;0;0;0;0.0;3.5;4.2;0.0;0.0;0.1;0.68;0.1;1;3;0;0;7.7;0.7;0.0;0.0;0.0;0.4;0;1.4;0;1;0.0;0.0;0.0;0.4;0.4;1.1;0.0;0.0
2000110749;Eric Puerto;GK;GK;21;Spain;Coruña;Spanish Federation 1A;2 (4);328;7.22;Scouting Required;£85K;£525 - £800 p/w;30/6/2028;182 cm;Right-Footed;Reasonable;Very Strong;9.1;2.2;11.8;19.5;0.0;0.0;0.5;0.0;0.0;0.0;0.0;6.9;0.0;0.0;5.8;0.0;0.0;0.0;89;80;0;0.0;0.0;0.0;1.1;0.0;0.0;0;0.0;0;0;0;0;0.0;0.0;0.0;0.0;0.5;0.0;2;0.8;0;0;0.0;0.0;0.2;0.0;0.0;0.0;0.0;0.0
2000111002;Juan Sebastián;D (R);D (RL);22;Spain;Zaragoza;Second Division;1 (1);24;6.80;Scouting Required;£140K - £1.4M;£1.2K - £1.7K p/w;30/6/2025;185 cm;Right-Footed;Reasonable;Very Strong;0.0;0.0;0.0;0.0;0.0;0.0;0.0;0.0;0.0;0.0;0.0;0.0;0.0;0.0;0.0;0.0;0.0;0.0;0;0;0;0.0;0.0;0.0;0.0;0.0;0.0;0;0.0;0;0;0;0;0.0;0.0;0.0;0.0;0.0;0.0;0;0.0;0;0;0.0;0.0;0.0;0.0;0.0;0.0;0.0;0.0
2002099820;Adama Diouf;WB (R);D/WB (R);16;Senegal;Ceuta;Spanish Federation 1B;0;0;-;Scouting Required;£0 - £65K;£50 - £65 p/w;30/6/2028;165 cm;Right-Footed;Reasonable;Very Strong;0.0;0.0;0.0;0.0;0.0;0.0;0.0;0.0;0.0;0.0;0.0;0.0;0.0;0.0;0.0;0.0;0.0;0.0;0;0;0;0.0;0.0;0.0;0.0;0.0;0.0;0;0.0;0;0;0;0;0.0;0.0;0.0;0.0;0.0;0.0;0;0.0;0;0;0.0;0.0;0.0;0.0;0.0;0.0;0.0;0.0
2002099823;Nahuel León;DM;DM, M/AM (C);16;Spain;Ceuta;Spanish Federation 1B;0;0;-;Scouting Required;£1K - £10K;£50 - £70 p/w;30/6/2028;169 cm;Left-Footed Only;Very Strong;Weak;0.0;0.0;0.0;0.0;0.0;0.0;0.0;0.0;0.0;0.0;0.0;0.0;0.0;0.0;0.0;0.0;0.0;0.0;0;0;0;0.0;0.0;0.0;0.0;0.0;0.0;0;0.0;0;0;0;0;0.0;0.0;0.0;0.0;0.0;0.0;0;0.0;0;0;0.0;0.0;0.0;0.0;0.0;0.0;0.0;0.0
2002099022;Doménec;WB (L);WB (L);15;Spain;Tarragona;Spanish Federation 1A;0;0;-;Scouting Required;Unknown;£50 - £65 p/w;30/6/2028;176 cm;Unknown Footedness;Very Weak;Very Weak;0.0;0.0;0.0;0.0;0.0;0.0;0.0;0.0;0.0;0.0;0.0;0.0;0.0;0.0;0.0;0.0;0.0;0.0;0;0;0;0.0;0.0;0.0;0.0;0.0;0.0;0;0.0;0;0;0;0;0.0;0.0;0.0;0.0;0.0;0.0;0;0.0;0;0;0.0;0.0;0.0;0.0;0.0;0.0;0.0;0.0
2000111583;Alberto Vaquero;DM;DM, M/AM (C);20;Spain;Zaragoza;Second Division;3 (11);366;6.75;Scouting Required;£50K - £475K;£1K - £1.5K p/w;30/6/2026;184 cm;Left-Footed;Very Strong;Reasonable;4.7;8.9;63.2;68.1;5.9;0.5;0.5;0.0;7.9;1.2;0.5;1.0;1.2;1.7;12.4;0.0;10.8;0.2;0;0;0;0.0;1.5;2.7;0.0;0.1;0.1;0.7;0.1;2;1;0;0;4.2;0.0;0.2;0.0;0.0;0.2;0;1.7;0;0;0.0;0.5;0.0;0.0;0.5;0.5;0.0;0.0
2000112116;Marcos Cuenca;AM (L);M/AM (RL), ST (C);21;Spain;Zaragoza;Second Division;2 (10);236;6.70;Breakthrough Prospect;£150K - £1.5M;£2K - £2.4K p/w;30/6/2026;180 cm;Right-Footed;Reasonable;Very Strong;16.8;5.0;35.5;41.6;2.3;0.0;0.0;0.0;7.2;3.1;0.4;0.8;1.1;1.5;14.0;4.6;13.7;3.8;0;0;0;0.0;4.2;0.8;0.0;0.1;0.3;-0.69;0.3;2;6;1;0;5.0;0.0;3.8;0.0;0.0;0.0;0;1.9;0;0;0.0;0.0;0.0;0.8;0.8;1.9;0.0;0.0
2000114867;Fer Villar;D (C);D (C);22;Spain;Leonesa;Spanish Federation 1A;13 (6);0;-;Scouting Required;£6K - £60K;£250 - £340 p/w;30/6/2024;187 cm;Right-Footed;Reasonable;Very Strong;0.0;0.0;0.0;0.0;0.0;0.0;0.0;0.0;0.0;0.0;0.0;0.0;0.0;0.0;0.0;0.0;0.0;0.0;0;0;0;0.0;0.0;0.0;0.0;0.0;0.0;0;0.0;0;0;0;0;0.0;0.0;0.0;0.0;0.0;0.0;0;0.0;0;0;0.0;0.0;0.0;0.0;0.0;0.0;0.0;0.0
2000116132;Iván Tébar;ST (C);AM (RL), ST (C);21;Spain;Sabadell;Spanish Federation 1A;0 (6);103;6.50;Scouting Required;£35K - £350K;£320 - £450 p/w;30/6/2025;180 cm;Right-Footed;Fairly Strong;Very Strong;25.3;0.0;20.1;22.7;0.0;0.0;1.7;0.0;6.1;0.9;0.0;0.0;0.0;0.0;11.7;0.0;5.2;0.0;0;0;0;0.0;10.5;0.9;0.0;0.2;0.4;0.5;0.4;1;2;0;0;11.4;0.0;0.0;0.0;0.0;0.9;0;2.6;0;0;0.0;0.0;0.0;0.0;2.6;2.6;0.0;0.0
2000116147;Diego Bartolomé;M (C);M (C);22;Spain;Mirandés;Second Division;0;0;-;Scouting Required;£9K - £95K;£220 - £300 p/w;30/6/2024;172 cm;Right-Footed;Reasonable;Very Strong;0.0;0.0;0.0;0.0;0.0;0.0;0.0;0.0;0.0;0.0;0.0;0.0;0.0;0.0;0.0;0.0;0.0;0.0;0;0;0;0.0;0.0;0.0;0.0;0.0;0.0;0;0.0;0;0;0;0;0.0;0.0;0.0;0.0;0.0;0.0;0;0.0;0;0;0.0;0.0;0.0;0.0;0.0;0.0;0.0;0.0
2000116181;Albert Morral;M (C);DM, M (C);22;Spain;Sabadell;Spanish Federation 1A;0;0;-;Scouting Required;£65K - £240K;£500 - £700 p/w;30/6/2025;180 cm;Left-Footed;Very Strong;Reasonable;0.0;0.0;0.0;0.0;0.0;0.0;0.0;0.0;0.0;0.0;0.0;0.0;0.0;0.0;0.0;0.0;0.0;0.0;0;0;0;0.0;0.0;0.0;0.0;0.0;0.0;0;0.0;0;0;0;0;0.0;0.0;0.0;0.0;0.0;0.0;0;0.0;0;0;0.0;0.0;0.0;0.0;0.0;0.0;0.0;0.0
2000116184;Iván Bustamante;AM (L);AM (RL), ST (C);21;Spain;Sabadell;Spanish Federation 1A;0 (12);127;6.88;Scouting Required;£10K - £100K;£390 - £525 p/w;30/6/2025;171 cm;Right-Footed;Reasonable;Very Strong;17.7;0.7;29.8;32.6;0.7;0.7;0.0;0.0;9.9;0.7;0.0;0.0;0.7;0.7;12.5;3.5;10.6;5.0;0;0;0;0.0;5.0;1.4;0.0;0.0;0.6;1.19;0.6;2;0;0;0;6.4;0.0;5.7;0.7;0.0;1.4;0;1.4;0;0;0.0;1.4;0.0;0.7;1.4;3.5;0.0;0.0
2000116309;Hugo García;DM;DM, M (C);20;Spain;Sabadell;Spanish Federation 1A;0 (2);39;6.30;Scouting Required;£60K - £230K;£90 - £130 p/w;30/6/2025;176 cm;Right-Footed;Fairly Strong;Very Strong;0.0;0.0;0.0;0.0;0.0;0.0;0.0;0.0;0.0;0.0;0.0;0.0;0.0;0.0;0.0;0.0;0.0;0.0;0;0;0;0.0;0.0;0.0;0.0;0.0;0.0;0;0.0;1;0;0;0;0.0;0.0;0.0;0.0;0.0;0.0;0;0.0;0;0;0.0;0.0;0.0;0.0;0.0;0.0;0.0;0.0
2000116935;Roman Pliushch;M (C);M (C);20;Ukraine;R. Majadahonda;Spanish Federation 1A;1 (2);116;6.80;Scouting Required;£3K - £28K;£240 - £350 p/w;30/6/2025;187 cm;Right-Footed;Reasonable;Very Strong;7.0;7.0;27.2;29.5;3.1;1.6;2.3;0.0;14.0;3.1;3.1;1.6;0.8;5.4;10.3;0.0;4.7;1.6;0;0;0;0.0;2.3;2.3;0.0;0.0;0.0;0;0.0;1;0;0;0;4.7;0.0;1.6;0.0;0.0;0.0;0;0.8;0;0;0.0;1.6;0.0;0.0;0.0;0.0;0.0;1.6
2000119436;Naim García;AM (R);M/AM (R);22;Spain;Barcelona B;Spanish Federation 1A;5 (6);454;6.93;Scouting Required;£140K - £1.4M;£675 - £925 p/w;30/6/2027;178 cm;Left-Footed Only;Very Strong;Weak;15.5;5.9;30.1;36.7;1.2;1.0;0.6;0.0;10.7;1.6;0.2;0.6;1.6;0.8;12.8;2.4;11.9;4.2;0;0;0;0.6;4.4;1.4;0.0;0.1;0.3;1.73;0.3;10;6;0;0;5.7;0.0;4.2;0.6;0.0;0.6;0;1.8;0;1;0.0;1.0;0.0;0.2;1.2;2.0;0.0;0.0
2000120188;Alain García;D (R);D/WB (R);25;Spain;Ceuta;Spanish Federation 1B;2 (12);305;6.58;Scouting Required;£20K - £190K;£750 - £1K p/w;30/6/2025;175 cm;Right-Footed;Reasonable;Very Strong;9.4;12.1;44.0;46.6;6.8;0.3;1.5;0.0;12.7;3.2;0.6;0.6;2.1;3.8;14.0;0.9;13.0;5.0;0;0;0;0.0;2.7;0.9;0.0;0.0;0.0;-0.09;0.0;2;5;0;0;3.5;0.0;5.0;0.0;0.0;0.0;0;1.2;0;0;0.0;0.3;0.0;0.3;0.0;0.3;0.0;0.6
2000120972;Ander Dufur;M (C);M (C);23;Spain;Atlético Pamplona B;Spanish Federation 1A;15 (7);1079;6.39;Surplus to Requirements;£30K - £300K;£220 - £260 p/w;30/6/2024;172 cm;Right-Footed;Fairly Strong;Very Strong;7.0;9.8;42.9;49.8;4.8;1.6;1.0;0.0;9.6;2.5;0.4;1.1;1.2;1.7;11.7;0.4;7.9;0.6;0;0;0;0.0;1.7;1.3;0.0;0.1;0.1;-1.12;0.1;17;7;3;0;3.0;0.3;1.8;0.2;0.0;0.0;0;0.9;0;0;0.0;1.6;0.0;0.1;0.2;0.7;0.1;0.0
2000121542;Álvaro;WB (L);D/WB (L);22;Spain;Leonesa;Spanish Federation 1A;3 (1);277;6.53;Scouting Required;£35K - £325K;£260 - £360 p/w;30/6/2025;181 cm;Left-Footed Only;Very Strong;Weak;15.6;8.8;32.2;40.9;5.2;1.0;1.9;0.0;7.1;2.6;0.6;1.3;1.3;2.9;12.9;0.6;12.7;5.5;0;0;0;2.3;0.6;2.9;0.0;0.0;0.0;0;0.0;3;1;0;0;3.6;0.6;6.8;2.3;0.0;0.0;0;0.6;0;0;0.3;1.0;0.0;0.0;0.0;0.0;0.0;0.3
2000121551;Diego Doblado;AM (C);AM (C), ST (C);21;Spain;San Fernando;Spanish Federation 1B;0;0;-;Scouting Required;£1.5K - £14K;£260 - £360 p/w;30/6/2025;188 cm;Right-Footed;Fairly Strong;Very Strong;0.0;0.0;0.0;0.0;0.0;0.0;0.0;0.0;0.0;0.0;0.0;0.0;0.0;0.0;0.0;0.0;0.0;0.0;0;0;0;0.0;0.0;0.0;0.0;0.0;0.0;0;0.0;0;0;0;0;0.0;0.0;0.0;0.0;0.0;0.0;0;0.0;0;0;0.0;0.0;0.0;0.0;0.0;0.0;0.0;0.0
2000121920;Daniel Sancho;ST (C);ST (C);22;Spain;Atlético Pamplona B;Spanish Federation 1A;2 (19);617;6.55;Surplus to Requirements;£180K;£220 - £260 p/w;30/6/2024;188 cm;Right-Footed Only;Weak;Very Strong;19.4;0.7;19.5;23.6;0.6;0.6;1.0;0.0;6.1;2.0;0.0;0.9;0.6;0.9;11.5;0.6;6.3;0.4;0;0;0;0.0;9.5;2.3;0.0;0.1;0.3;2.94;0.3;2;20;0;0;11.8;0.0;0.4;0.0;0.0;0.7;0;0.9;0;3;0.0;0.6;0.0;0.9;1.5;3.5;0.3;0.0
2000122080;Bryan;M (C);DM, M (C);20;Spain;Eldense;Second Division;0 (4);99;6.23;Scouting Required;£16K;£1.2K - £1.6K p/w;30/6/2025;173 cm;Right-Footed;Reasonable;Very Strong;14.5;6.4;43.6;48.2;3.6;0.0;2.7;0.0;10.9;0.9;0.0;0.0;1.8;0.9;13.7;0.0;10.0;0.9;0;0;0;0.0;3.6;1.8;0.0;0.7;0.0;0;0.0;1;1;0;0;5.5;0.0;0.9;0.0;0.0;0.0;0;0.9;0;0;0.0;0.0;0.0;0.0;0.0;0.0;0.0;0.0
2000123587;Jeremy;ST (C);AM (RC), ST (C);19;Pays Basque;R. Santander;Second Division;0 (4);179;6.53;Scouting Required;£70K - £700K;£210 - £320 p/w;30/6/2026;181 cm;Left-Footed;Very Strong;Reasonable;25.6;6.5;30.2;39.7;0.0;1.0;2.0;0.0;8.0;4.0;0.0;0.5;2.5;2.5;12.3;3.0;10.1;4.5;0;0;0;0.5;4.5;4.0;0.0;0.2;0.3;-0.63;0.3;3;3;0;0;8.5;0.0;4.5;0.5;0.0;0.0;0;2.0;0;2;0.0;1.0;0.0;0.5;1.5;3.0;0.0;0.0
2000124139;David De La Iglesia;M (C);M (C);21;Spain;Vigo B;Spanish Federation 1A;0;0;-;Scouting Required;£4K - £40K;£190 - £260 p/w;30/6/2024;172 cm;Right-Footed;Reasonable;Very Strong;0.0;0.0;0.0;0.0;0.0;0.0;0.0;0.0;0.0;0.0;0.0;0.0;0.0;0.0;0.0;0.0;0.0;0.0;0;0;0;0.0;0.0;0.0;0.0;0.0;0.0;0;0.0;0;0;0;0;0.0;0.0;0.0;0.0;0.0;0.0;0;0.0;0;0;0.0;0.0;0.0;0.0;0.0;0.0;0.0;0.0
2000124202;Cata;GK;GK;21;Spain;Vigo B;Spanish Federation 1A;0;0;-;Scouting Required;£14K - £130K;£65 - £95 p/w;30/6/2024;183 cm;Right-Footed;Reasonable;Very Strong;0.0;0.0;0.0;0.0;0.0;0.0;0.0;0.0;0.0;0.0;0.0;0.0;0.0;0.0;0.0;0.0;0.0;0.0;0;0;0;0.0;0.0;0.0;0.0;0.0;0.0;0;0.0;0;0;0;0;0.0;0.0;0.0;0.0;0.0;0.0;0;0.0;0;0;0.0;0.0;0.0;0.0;0.0;0.0;0.0;0.0
2000124337;Pablo Rubal;AM (L);AM (L);20;Spain;Lugo;Spanish Federation 1A;0;0;-;Scouting Required;£0;£210 - £300 p/w;30/6/2025;184 cm;Left-Footed;Very Strong;Weak;0.0;0.0;0.0;0.0;0.0;0.0;0.0;0.0;0.0;0.0;0.0;0.0;0.0;0.0;0.0;0.0;0.0;0.0;0;0;0;0.0;0.0;0.0;0.0;0.0;0.0;0;0.0;0;0;0;0;0.0;0.0;0.0;0.0;0.0;0.0;0;0.0;0;0;0.0;0.0;0.0;0.0;0.0;0.0;0.0;0.0
2000124339;Jorge González;AM (L);AM (L);20;Spain;Lugo;Spanish Federation 1A;0 (3);85;6.67;Breakthrough Prospect;£14K - £150K;£470 - £550 p/w;30/6/2026;175 cm;Left-Footed;Very Strong;Fairly Strong;14.8;3.2;18.0;25.4;3.2;1.1;1.1;0.0;11.6;1.1;0.0;0.0;1.1;1.1;0.0;4.2;8.5;3.2;0;0;0;1.1;9.5;3.2;0.0;0.0;0.3;-0.24;0.3;0;1;0;0;12.7;0.0;3.2;1.1;0.0;0.0;0;0.0;0;0;0.0;1.1;0.0;1.1;0.0;2.1;0.0;0.0
2000124355;David Rosón;M (C);M (C);21;Spain;Lugo;Spanish Federation 1A;1 (8);175;6.62;Scouting Required;£1.5K - £16K;£230 - £320 p/w;30/6/2024;177 cm;Right-Footed;Weak;Very Strong;11.3;8.7;41.1;45.3;3.1;1.5;0.0;0.0;12.3;4.6;0.5;0.5;0.5;3.1;12.7;0.5;8.2;0.5;0;0;0;0.0;2.1;1.0;0.0;0.1;0.1;0.74;0.1;3;0;1;0;3.1;0.0;0.5;0.0;0.0;0.5;0;3.1;0;0;0.5;1.5;0.0;0.0;1.0;1.0;0.0;0.0
2000124463;Willy;ST (C);ST (C);20;Spain;Albacete;Second Division;0 (3);29;-;Scouting Required;£30K - £300K;£1.1K - £1.6K p/w;30/6/2025;175 cm;Right-Footed Only;Weak;Very Strong;0.0;0.0;0.0;0.0;0.0;0.0;0.0;0.0;0.0;0.0;0.0;0.0;0.0;0.0;0.0;0.0;0.0;0.0;0;0;0;0.0;0.0;0.0;0.0;0.0;0.0;-0.03;0.0;0;0;0;0;0.0;0.0;0.0;0.0;0.0;0.0;0;0.0;0;0;0.0;0.0;0.0;0.0;0.0;0.0;0.0;0.0
2000124799;Mikel Zabala;M (C);M (C);22;Spain;Eibar;Second Division;0;0;-;Scouting Required;£0;£1.3K - £1.7K p/w;30/6/2025;176 cm;Right-Footed Only;Weak;Very Strong;0.0;0.0;0.0;0.0;0.0;0.0;0.0;0.0;0.0;0.0;0.0;0.0;0.0;0.0;0.0;0.0;0.0;0.0;0;0;0;0.0;0.0;0.0;0.0;0.0;0.0;0;0.0;0;0;0;0;0.0;0.0;0.0;0.0;0.0;0.0;0;0.0;0;0;0.0;0.0;0.0;0.0;0.0;0.0;0.0;0.0
2000124806;Ángel Troncho;AM (L);M (LC), AM (L);21;Spain;Amorebieta;Second Division;0 (4);147;6.55;Scouting Required;£9K - £95K;£240 - £330 p/w;30/6/2025;166 cm;Right-Footed;Fairly Strong;Very Strong;24.5;1.2;30.0;34.3;3.7;2.4;2.4;0.0;11.0;3.1;0.0;1.2;3.1;1.8;12.7;0.6;10.4;5.5;0;0;0;1.8;4.3;0.6;0.0;0.0;0.0;-0.06;0.0;0;0;0;0;4.9;0.0;5.5;1.8;0.0;0.0;0;1.2;0;0;0.0;2.4;0.0;0.6;0.6;0.6;0.0;0.0
2000125154;Mikel Mendibe;D (C);D (C);22;Spain;Intercity;Spanish Federation 1B;1 (12);217;6.70;Scouting Required;£16K - £150K;£240 - £340 p/w;30/6/2024;194 cm;Right-Footed;Reasonable;Very Strong;11.6;12.9;64.3;74.7;4.1;0.0;1.7;0.0;2.9;0.8;0.4;2.1;1.2;0.4;11.5;0.0;4.1;0.0;0;0;0;0.0;1.2;7.1;0.0;0.0;0.0;0;0.0;3;0;0;0;8.3;0.4;0.0;0.0;0.0;0.0;0;1.7;0;0;0.0;0.0;0.0;0.0;0.4;0.4;0.0;0.4
2000125243;Raúl Dacosta;M (L);M/AM (L);22;Spain;Ponferrada;Spanish Federation 1A;0;0;-;Scouting Required;£0;£625 - £950 p/w;30/6/2027;174 cm;Right-Footed;Weak;Very Strong;0.0;0.0;0.0;0.0;0.0;0.0;0.0;0.0;0.0;0.0;0.0;0.0;0.0;0.0;0.0;0.0;0.0;0.0;0;0;0;0.0;0.0;0.0;0.0;0.0;0.0;0;0.0;0;0;0;0;0.0;0.0;0.0;0.0;0.0;0.0;0;0.0;0;0;0.0;0.0;0.0;0.0;0.0;0.0;0.0;0.0
2000125667;Bilal Charreh;AM (R);M (L), AM (RL);21;Spain;Ceuta;Spanish Federation 1B;0 (1);53;6.30;Scouting Required;£6K - £65K;£230 - £340 p/w;30/6/2025;178 cm;Left-Footed;Very Strong;Reasonable;0.0;0.0;0.0;0.0;0.0;0.0;0.0;0.0;0.0;0.0;0.0;0.0;0.0;0.0;0.0;0.0;0.0;0.0;0;0;0;0.0;0.0;0.0;0.0;0.0;0.0;0;0.0;1;0;0;0;0.0;0.0;0.0;0.0;0.0;0.0;0;0.0;0;1;0.0;0.0;0.0;0.0;0.0;0.0;0.0;0.0
2000125688;Marc Vilaplana;D (C);D (LC);21;Spain;Cornellà;Spanish Federation 1A;5 (20);666;6.48;Scouting Required;£14K - £140K;£210 - £300 p/w;30/6/2025;190 cm;Left-Footed Only;Very Strong;Weak;13.5;9.1;39.7;47.2;4.2;0.4;1.2;0.0;6.1;2.0;0.7;2.3;1.4;1.8;11.0;0.1;7.6;0.9;0;0;0;0.1;1.1;6.9;0.0;0.1;0.0;-0.16;0.0;6;2;1;0;8.0;1.2;0.9;0.1;0.0;0.0;0;0.7;0;0;0.0;0.4;0.0;0.0;0.0;0.3;0.3;0.5
2000125693;Arnau Rafús;GK;GK;21;Spain;Valladolid;Second Division;0;0;-;Breakthrough Prospect;£150K - £550K;£340 - £390 p/w;30/6/2025;190 cm;Right-Footed Only;Weak;Very Strong;0.0;0.0;0.0;0.0;0.0;0.0;0.0;0.0;0.0;0.0;0.0;0.0;0.0;0.0;0.0;0.0;0.0;0.0;0;0;0;0.0;0.0;0.0;0.0;0.0;0.0;0;0.0;0;0;0;0;0.0;0.0;0.0;0.0;0.0;0.0;0;0.0;0;0;0.0;0.0;0.0;0.0;0.0;0.0;0.0;0.0
2000125973;Fran González;D (C);D (C);25;Spain;Linares;Spanish Federation 1B;39 (1);3520;6.93;Scouting Required;£130K - £500K;£170 - £240 p/w;30/6/2025;190 cm;Right-Footed Only;Weak;Very Strong;6.6;9.7;64.2;69.8;5.8;0.0;1.2;0.0;2.1;0.7;0.5;2.2;1.5;1.1;10.9;0.0;2.8;0.1;0;0;0;0.0;1.3;4.7;0.0;0.0;0.1;0.56;0.1;10;0;2;0;6.0;0.8;0.1;0.0;0.0;0.1;0;1.4;3;0;0.0;0.0;0.0;0.0;0.2;0.5;0.3;0.4
2000126082;Unax Agote;D (L);D (L);21;Spain;Real San Sebastián B;Spanish Federation 1A;0 (3);17;-;Scouting Required;£12K - £120K;£180 - £270 p/w;30/6/2024;174 cm;Left-Footed;Very Strong;Reasonable;0.0;0.0;0.0;0.0;0.0;0.0;0.0;0.0;0.0;0.0;0.0;0.0;0.0;0.0;0.0;0.0;0.0;0.0;0;0;0;0.0;0.0;0.0;0.0;0.0;0.0;0;0.0;2;0;1;0;0.0;0.0;0.0;0.0;0.0;0.0;0;0.0;0;0;0.0;0.0;0.0;0.0;0.0;0.0;0.0;0.0
2000126317;Lalo Aguilar;D (C);D (C);22;Spain;A. Madrid B;Spanish Federation 1B;2 (2);210;6.47;Youngster;£4.5K - £16K;£220 - £250 p/w;30/6/2025;188 cm;Right-Footed;Reasonable;Very Strong;6.4;5.1;46.3;53.6;5.1;0.0;0.9;0.0;6.9;0.0;1.7;1.3;0.9;1.7;12.1;0.0;5.6;0.0;0;0;0;0.0;3.0;1.7;0.0;0.0;0.0;-0.02;0.0;0;0;0;0;4.7;0.4;0.0;0.0;0.0;0.0;0;0.4;0;0;0.0;0.0;0.0;0.0;0.0;0.4;0.0;0.4
2000126469;Javi Gómez;D (C);D (RC);22;Spain;Elche;Second Division;2 (10);0;-;Scouting Required;£85K - £325K;£950 - £1.4K p/w;30/6/2026;177 cm;Right-Footed;Reasonable;Very Strong;0.0;0.0;0.0;0.0;0.0;0.0;0.0;0.0;0.0;0.0;0.0;0.0;0.0;0.0;0.0;0.0;0.0;0.0;0;0;0;0.0;0.0;0.0;0.0;0.0;0.0;0;0.0;0;0;0;0;0.0;0.0;0.0;0.0;0.0;0.0;0;0.0;0;0;0.0;0.0;0.0;0.0;0.0;0.0;0.0;0.0
2000126518;Carlos Martínez;D (R);D/WB (R);21;Spain;Alcoyano;Spanish Federation 1B;1 (6);193;6.48;Scouting Required;£26K - £250K;£250 - £350 p/w;30/6/2025;169 cm;Right-Footed;Reasonable;Very Strong;13.5;11.7;26.6;32.6;2.3;0.5;2.8;0.0;10.7;2.3;1.4;1.9;2.3;1.9;14.8;1.9;16.8;2.8;0;0;0;0.0;3.3;3.3;0.0;0.0;0.0;-0.04;0.0;3;1;0;0;6.5;0.0;2.8;0.0;0.0;0.0;0;0.5;0;0;0.0;0.5;0.0;0.5;0.0;0.5;0.0;0.0
2000126530;Javier Pamies;D (C);D (RC);20;Spain;Elche;Second Division;0 (3);68;6.90;Scouting Required;£0;£1.2K - £1.6K p/w;30/6/2025;177 cm;Right-Footed;Reasonable;Very Strong;0.0;0.0;0.0;0.0;0.0;0.0;0.0;0.0;0.0;0.0;0.0;0.0;0.0;0.0;0.0;0.0;0.0;0.0;0;0;0;0.0;0.0;0.0;0.0;0.0;0.0;0;0.0;0;0;0;0;0.0;0.0;0.0;0.0;0.0;0.0;0;0.0;0;0;0.0;0.0;0.0;0.0;0.0;0.0;0.0;0.0
2000126532;Pipa;AM (C);AM (C);21;Spain;Elche;Second Division;1 (7);228;6.62;Scouting Required;£85K - £850K;£1.3K - £1.8K p/w;30/6/2026;168 cm;Right-Footed;Reasonable;Very Strong;16.6;3.6;37.1;43.4;1.6;0.8;1.2;0.0;7.5;2.4;0.0;0.4;0.4;1.6;11.4;0.8;7.5;2.0;0;0;0;0.0;3.6;0.8;0.0;0.1;0.3;-0.75;0.3;1;2;0;0;4.3;0.4;2.0;0.0;0.0;0.0;0;1.6;0;0;0.0;0.8;0.0;1.2;1.2;2.8;0.0;0.0
2000126534;Rodrigo Mendoza;M (C);DM, M (C);19;Spain;Elche;Second Division;0 (3);70;6.20;Scouting Required;£90K - £900K;£240 - £330 p/w;30/6/2026;179 cm;Right-Footed;Reasonable;Very Strong;0.0;0.0;0.0;0.0;0.0;0.0;0.0;0.0;0.0;0.0;0.0;0.0;0.0;0.0;0.0;0.0;0.0;0.0;0;0;0;0.0;0.0;0.0;0.0;0.0;0.0;0;0.0;0;1;0;0;0.0;0.0;0.0;0.0;0.0;0.0;0;0.0;0;0;0.0;0.0;0.0;0.0;0.0;0.0;0.0;0.0
2000126633;Javi Alonso;D (R);D (RC), WB (R);24;Spain;Antequera;Spanish Federation 1B;3 (8);354;6.70;Scouting Required;£28K - £100K;£650 - £975 p/w;30/6/2025;183 cm;Right-Footed Only;Weak;Very Strong;11.2;14.7;37.4;45.3;6.1;0.8;0.5;0.0;7.1;2.8;1.0;3.6;0.8;1.3;12.9;0.3;9.4;3.6;0;0;0;0.5;4.3;7.1;0.0;0.0;0.1;-0.41;0.1;6;0;1;0;11.4;1.3;3.6;0.5;0.0;0.0;0;1.0;0;0;0.0;0.8;0.0;0.3;0.0;0.8;0.3;0.8
2000127721;Mauricio Reygadas;M (C);D (R), DM, M (C);18;U.S.A.;Melilla;Spanish Federation 1B;0 (3);71;6.60;Scouting Required;Unknown;£240 - £330 p/w;30/6/2024;179 cm;Unknown Footedness;Very Weak;Very Weak;0.0;0.0;0.0;0.0;0.0;0.0;0.0;0.0;0.0;0.0;0.0;0.0;0.0;0.0;0.0;0.0;0.0;0.0;0;0;0;0.0;0.0;0.0;0.0;0.0;0.0;0;0.0;2;1;0;0;0.0;0.0;0.0;0.0;0.0;0.0;0;0.0;0;0;0.0;0.0;0.0;0.0;0.0;0.0;0.0;0.0
2000127841;Martín Lillo;D (L);D (L), M (C);20;Spain;Eldense;Second Division;2 (7);185;6.74;Scouting Required;£170K - £650K;£925 - £1.4K p/w;30/6/2026;170 cm;Right-Footed;Reasonable;Very Strong;12.6;11.7;42.3;48.2;6.3;0.5;1.5;0.0;7.8;2.4;0.5;0.0;1.9;1.5;12.3;1.9;10.7;1.9;0;0;0;0.5;1.0;4.9;0.0;0.1;0.0;0;0.0;1;2;0;0;5.8;0.0;1.9;0.5;0.0;0.0;0;1.5;0;0;0.0;0.5;0.0;0.0;0.0;0.0;0.0;0.0
2000127887;Raúl;AM (R);M/AM (RC);21;Spain;Tenerife;Second Division;0;0;-;Scouting Required;£500 - £6K;£260 - £370 p/w;30/6/2024;188 cm;Right-Footed;Weak;Very Strong;0.0;0.0;0.0;0.0;0.0;0.0;0.0;0.0;0.0;0.0;0.0;0.0;0.0;0.0;0.0;0.0;0.0;0.0;0;0;0;0.0;0.0;0.0;0.0;0.0;0.0;0;0.0;0;0;0;0;0.0;0.0;0.0;0.0;0.0;0.0;0;0.0;0;0;0.0;0.0;0.0;0.0;0.0;0.0;0.0;0.0
2000128022;Sergio Carbajal;ST (C);ST (C);22;Spain;Intercity;Spanish Federation 1B;0 (6);105;6.80;Scouting Required;£28K - £275K;£200 - £290 p/w;30/6/2024;182 cm;Left-Footed;Very Strong;Weak;12.9;1.7;26.6;30.9;0.9;0.9;2.6;0.0;6.9;1.7;0.0;0.9;0.0;0.9;13.1;0.9;4.3;0.9;0;0;0;0.0;6.9;1.7;0.0;0.0;0.2;0.74;0.2;2;4;0;0;8.6;0.0;0.9;0.0;0.0;0.9;0;2.6;0;0;0.0;0.9;0.0;0.9;3.4;3.4;0.0;0.0
2000128143;Iván López;D (C);D (RC);23;Spain;Vigo B;Spanish Federation 1A;15 (9);1626;6.49;Scouting Required;£10K;£190 - £280 p/w;30/6/2025;194 cm;Right-Footed;Strong;Very Strong;12.0;9.3;43.5;49.1;3.7;0.2;1.5;0.0;5.1;2.2;0.4;1.5;1.7;2.0;11.3;0.7;6.8;2.0;0;0;0;0.4;2.7;4.2;0.0;0.0;0.1;-0.24;0.1;20;6;5;0;6.9;1.0;2.0;0.4;0.0;0.1;0;0.8;1;0;0.0;0.2;0.0;0.2;0.3;0.6;0.1;0.6
2000128273;Iker Liaño;M (C);DM, M (C);21;Spain;Alcorcón;Second Division;0 (3);56;6.10;Scouting Required;£95K - £350K;£1.3K - £1.7K p/w;30/6/2025;170 cm;Right-Footed;Fairly Strong;Very Strong;0.0;0.0;0.0;0.0;0.0;0.0;0.0;0.0;0.0;0.0;0.0;0.0;0.0;0.0;0.0;0.0;0.0;0.0;0;0;0;0.0;0.0;0.0;0.0;0.0;0.0;0;0.0;2;1;1;0;0.0;0.0;0.0;0.0;0.0;0.0;0;0.0;0;0;0.0;0.0;0.0;0.0;0.0;0.0;0.0;0.0
2000128653;Tito;D (C);D (C);22;Spain;Huelva;Spanish Federation 1B;7 (10);725;6.66;Future Prospect;£7K - £26K;£230 - £270 p/w;30/6/2025;184 cm;Right-Footed;Reasonable;Very Strong;7.4;9.1;44.1;51.1;3.8;0.0;1.6;0.0;2.2;0.7;0.5;2.1;2.1;0.6;11.2;0.1;3.2;0.0;0;0;0;0.0;1.1;2.6;0.0;0.0;0.0;-0.2;0.0;0;0;0;0;3.7;0.4;0.0;0.0;0.0;0.0;0;0.6;0;0;0.0;0.0;0.0;0.0;0.0;0.2;0.4;0.2
2000129540;Yiriba Coulibaly;M (C);DM, M/AM (C);19;Spain;Eldense;Second Division;0 (3);102;6.30;Scouting Required;£110K - £1.1M;£925 - £1.4K p/w;30/6/2025;180 cm;Right-Footed;Reasonable;Very Strong;7.9;9.7;47.6;52.1;6.2;0.0;1.8;0.0;8.8;1.8;0.0;0.0;0.9;1.8;12.5;0.0;13.2;0.0;0;0;0;0.0;0.0;2.6;0.0;0.1;0.0;0;0.0;2;1;0;0;2.6;0.0;0.0;0.0;0.0;0.0;0;1.8;0;0;0.0;0.0;0.0;0.0;0.0;0.0;0.0;0.0
2000130792;Dimitris Stamatakis;GK;GK;21;Greece;Atlético Pamplona B;Spanish Federation 1A;0;0;-;Youngster;£12K - £120K;£230 - £270 p/w;30/6/2025;191 cm;Right-Footed;Reasonable;Very Strong;0.0;0.0;0.0;0.0;0.0;0.0;0.0;0.0;0.0;0.0;0.0;0.0;0.0;0.0;0.0;0.0;0.0;0.0;0;0;0;0.0;0.0;0.0;0.0;0.0;0.0;0;0.0;0;0;0;0;0.0;0.0;0.0;0.0;0.0;0.0;0;0.0;0;0;0.0;0.0;0.0;0.0;0.0;0.0;0.0;0.0
2000131776;Peri;GK;GK;21;Spain;Ceuta;Spanish Federation 1B;1 (1);171;7.25;Breakthrough Prospect;£26K - £275K;£270 - £320 p/w;30/6/2025;197 cm;Right-Footed;Reasonable;Very Strong;15.3;4.7;6.8;19.5;0.5;0.0;0.5;0.0;0.0;0.0;0.0;5.8;0.0;0.0;4.1;0.0;0.0;0.0;83;88;0;0.0;0.0;0.0;0.5;0.0;0.0;0;0.0;0;0;0;0;0.0;0.0;0.0;0.0;0.5;0.0;4;1.1;0;0;0.0;0.0;0.7;0.0;0.0;0.0;0.0;0.0
2000131779;Kike Ribes;D (C);D (C);20;Spain;R. Madrid B;Spanish Federation 1B;0 (1);16;6.70;Scouting Required;£7K - £70K;£210 - £320 p/w;30/6/2025;185 cm;Right-Footed;Weak;Very Strong;0.0;0.0;0.0;0.0;0.0;0.0;0.0;0.0;0.0;0.0;0.0;0.0;0.0;0.0;0.0;0.0;0.0;0.0;0;0;0;0.0;0.0;0.0;0.0;0.0;0.0;0;0.0;0;0;0;0;0.0;0.0;0.0;0.0;0.0;0.0;0;0.0;0;0;0.0;0.0;0.0;0.0;0.0;0.0;0.0;0.0
2000132169;Mario Sesè;M (R);M/AM (R);21;Spain;Oviedo;Second Division;0;0;-;Scouting Required;£160K - £600K;£1.3K - £1.8K p/w;30/6/2026;178 cm;Right-Footed;Weak;Very Strong;0.0;0.0;0.0;0.0;0.0;0.0;0.0;0.0;0.0;0.0;0.0;0.0;0.0;0.0;0.0;0.0;0.0;0.0;0;0;0;0.0;0.0;0.0;0.0;0.0;0.0;0;0.0;0;0;0;0;0.0;0.0;0.0;0.0;0.0;0.0;0;0.0;0;0;0.0;0.0;0.0;0.0;0.0;0.0;0.0;0.0
2000132412;Andoni Arzak;ST (C);ST (C);21;Spain;Real Irún;Spanish Federation 1A;0 (2);26;6.80;Scouting Required;£95K - £950K;£240 - £330 p/w;30/6/2024;189 cm;Left-Footed;Very Strong;Reasonable;0.0;0.0;0.0;0.0;0.0;0.0;0.0;0.0;0.0;0.0;0.0;0.0;0.0;0.0;0.0;0.0;0.0;0.0;0;0;0;0.0;0.0;0.0;0.0;0.0;0.0;0.66;0.0;0;0;0;0;0.0;0.0;0.0;0.0;0.0;0.0;0;0.0;0;0;0.0;0.0;0.0;0.0;0.0;0.0;0.0;0.0
2000132466;Joan Puig;D (L);D/WB (L);21;Spain;Espanyol;Second Division;0 (3);86;6.20;Scouting Required;£28K - £275K;£500 - £700 p/w;30/6/2025;169 cm;Left-Footed;Very Strong;Weak;14.7;6.3;30.3;35.6;5.2;1.0;3.1;0.0;4.2;1.0;2.1;1.0;1.0;2.1;0.0;0.0;12.6;3.1;0;0;0;1.0;1.0;1.0;0.0;0.0;0.0;0;0.0;1;0;0;0;2.1;0.0;3.1;1.0;0.0;0.0;0;1.0;0;0;0.0;1.0;0.0;0.0;0.0;0.0;0.0;3.1
2000132511;Roberto Arroyo;AM (L);AM (RL), ST (C);20;Spain;Ibiza;Spanish Federation 1B;0 (6);75;6.45;Breakthrough Prospect;£8K - £85K;£320 - £380 p/w;30/6/2024;181 cm;Left-Footed;Very Strong;Reasonable;7.2;6.0;18.0;19.2;0.0;0.0;3.6;0.0;15.6;3.6;0.0;1.2;1.2;1.2;0.0;1.2;9.6;2.4;0;0;0;0.0;9.6;0.0;0.0;0.0;0.0;0;0.0;0;0;0;0;9.6;0.0;2.4;0.0;0.0;0.0;0;2.4;0;0;0.0;0.0;0.0;0.0;0.0;0.0;0.0;0.0
2000136000;Jacobo;AM (R);AM (RL), ST (C);20;Colombia;Castellón;Spanish Federation 1B;0 (1);6;-;Scouting Required;£35K - £375K;£250 - £380 p/w;30/6/2025;179 cm;Right-Footed;Reasonable;Very Strong;0.0;0.0;0.0;0.0;0.0;0.0;0.0;0.0;0.0;0.0;0.0;0.0;0.0;0.0;0.0;0.0;0.0;0.0;0;0;0;0.0;0.0;0.0;0.0;0.0;0.0;0;0.0;0;0;0;0;0.0;0.0;0.0;0.0;0.0;0.0;0;0.0;0;0;0.0;0.0;0.0;0.0;0.0;0.0;0.0;0.0
2000136472;Ángel;AM (L);AM (L), ST (C);21;Spain;Murcia;Spanish Federation 1B;0 (1);45;6.60;Scouting Required;£16K - £150K;£230 - £320 p/w;30/6/2025;177 cm;Left-Footed;Very Strong;Reasonable;0.0;0.0;0.0;0.0;0.0;0.0;0.0;0.0;0.0;0.0;0.0;0.0;0.0;0.0;0.0;0.0;0.0;0.0;0;0;0;0.0;0.0;0.0;0.0;0.0;0.0;0;0.0;0;0;0;0;0.0;0.0;0.0;0.0;0.0;0.0;0;0.0;0;0;0.0;0.0;0.0;0.0;0.0;0.0;0.0;0.0
2000137140;Ismael Sierra;D (C);D (C);21;Pays Basque;Teruel;Spanish Federation 1A;0;0;-;Scouting Required;£22K - £220K;£190 - £280 p/w;30/6/2025;192 cm;Right-Footed Only;Weak;Very Strong;0.0;0.0;0.0;0.0;0.0;0.0;0.0;0.0;0.0;0.0;0.0;0.0;0.0;0.0;0.0;0.0;0.0;0.0;0;0;0;0.0;0.0;0.0;0.0;0.0;0.0;0;0.0;0;0;0;0;0.0;0.0;0.0;0.0;0.0;0.0;0;0.0;0;0;0.0;0.0;0.0;0.0;0.0;0.0;0.0;0.0
2000137144;Álex Fernández;D (R);D/WB/M/AM (R);20;Spain;Córdoba;Spanish Federation 1B;0 (5);84;6.77;Breakthrough Prospect;£35K - £350K;£480 - £575 p/w;30/6/2026;177 cm;Right-Footed Only;Weak;Very Strong;11.8;19.3;57.9;66.4;7.5;0.0;1.1;0.0;13.9;3.2;0.0;1.1;4.3;3.2;0.0;1.1;12.9;5.4;0;0;0;0.0;3.2;8.6;0.0;0.0;0.0;0;0.0;1;0;0;0;11.8;0.0;5.4;0.0;0.0;0.0;0;1.1;0;0;0.0;0.0;0.0;0.0;0.0;0.0;0.0;0.0
2000137146;Leo Vázquez;WB (L);D/WB (L);20;Spain;Intercity;Spanish Federation 1B;1 (16);168;6.70;Scouting Required;£30K - £300K;£210 - £310 p/w;30/6/2026;183 cm;Left-Footed Only;Very Strong;Weak;10.2;11.8;57.9;67.5;11.8;1.1;3.2;0.0;13.4;7.5;0.5;3.2;1.1;5.9;14.8;0.0;14.5;3.8;0;0;0;0.5;3.8;4.3;0.0;0.0;0.0;0;0.0;2;0;0;0;8.0;0.0;3.8;0.5;0.0;0.0;0;0.5;0;0;0.0;1.1;0.0;0.0;0.0;0.0;0.0;0.0
2000139834;Jorge Rastrojo;AM (R);M/AM (R);24;Spain;Unionistas;Spanish Federation 1A;0 (6);51;6.80;B Team Regular;£0 - £12K;£320 - £370 p/w;30/6/2024;188 cm;Right-Footed;Reasonable;Very Strong;0.0;0.0;0.0;0.0;0.0;0.0;0.0;0.0;0.0;0.0;0.0;0.0;0.0;0.0;0.0;0.0;0.0;0.0;0;0;0;0.0;0.0;0.0;0.0;0.0;0.0;0;0.0;0;0;0;0;0.0;0.0;0.0;0.0;0.0;0.0;0;0.0;0;0;0.0;0.0;0.0;0.0;0.0;0.0;0.0;0.0
2000140182;Diego Gómez;ST (C);ST (C);24;Spain;Fuenlabrada;Spanish Federation 1A;0 (5);70;6.85;Scouting Required;£12K - £120K;£280 - £400 p/w;30/6/2025;187 cm;Right-Footed;Reasonable;Very Strong;0.0;0.0;0.0;0.0;0.0;0.0;0.0;0.0;0.0;0.0;0.0;0.0;0.0;0.0;0.0;0.0;0.0;0.0;0;0;0;0.0;0.0;0.0;0.0;0.0;0.0;-0.22;0.0;0;1;0;0;0.0;0.0;0.0;0.0;0.0;0.0;0;0.0;0;0;0.0;0.0;0.0;0.0;0.0;0.0;0.0;0.0
2000141741;Josep Cerdà;AM (L);M (LC), AM (RLC);21;Spain;Ponferrada;Spanish Federation 1A;2 (2);185;6.47;Scouting Required;£120K - £450K;£1.6K - £2.1K p/w;30/6/2025;173 cm;Right-Footed;Weak;Very Strong;13.6;7.3;22.4;25.8;2.4;0.5;1.0;0.0;13.6;2.4;0.0;1.0;1.5;3.9;12.7;2.4;12.2;2.9;0;0;0;0.0;12.2;0.5;0.0;0.1;0.2;-0.33;0.2;2;3;0;0;12.6;0.0;5.4;0.0;0.0;0.0;0;0.0;0;1;0.0;1.0;0.0;1.9;1.9;2.9;0.5;0.0
2000141743;Jordi Coca;AM (R);AM (RL), ST (C);20;Spain;Ibiza;Spanish Federation 1B;0 (11);140;6.80;Breakthrough Prospect;£18K - £170K;£875 - £1K p/w;30/6/2025;176 cm;Right-Footed;Weak;Very Strong;11.6;10.9;35.4;38.6;6.4;2.6;1.3;0.0;13.5;3.2;0.0;0.6;5.1;2.6;15.8;8.4;21.9;10.9;0;0;0;2.6;5.8;1.3;0.0;0.2;0.2;-0.34;0.2;4;2;0;0;7.1;0.0;10.9;2.6;0.0;0.0;0;0.6;0;0;0.0;2.6;0.0;1.3;0.6;1.9;0.0;0.0
2000143012;David Navarro;D (C);D (RLC);21;Spain;A. Baleares;Spanish Federation 1B;1 (4);97;6.55;Scouting Required;£0;£220 - £320 p/w;30/6/2024;179 cm;Right-Footed;Weak;Very Strong;9.3;16.7;35.3;39.9;7.4;0.9;1.9;0.0;13.0;2.8;0.0;3.7;2.8;4.6;13.6;0.0;6.5;2.8;0;0;0;0.9;2.8;0.9;0.0;0.1;0.0;0;0.0;1;0;1;0;3.7;0.0;2.8;0.9;0.0;0.0;0;1.9;0;0;0.0;0.9;0.0;0.0;0.0;0.0;0.0;0.0
2000143036;Diego Piñeiro;GK;GK;20;Spain;R. Madrid B;Spanish Federation 1B;0;0;-;Youngster;£40K - £425K;£490 - £575 p/w;30/6/2025;185 cm;Right-Footed;Reasonable;Very Strong;0.0;0.0;0.0;0.0;0.0;0.0;0.0;0.0;0.0;0.0;0.0;0.0;0.0;0.0;0.0;0.0;0.0;0.0;0;0;0;0.0;0.0;0.0;0.0;0.0;0.0;0;0.0;0;0;0;0;0.0;0.0;0.0;0.0;0.0;0.0;0;0.0;0;0;0.0;0.0;0.0;0.0;0.0;0.0;0.0;0.0
2000145427;Carlos Giménez;D (C);D (C);21;Spain;Unionistas;Spanish Federation 1A;12 (5);1273;6.55;Future Prospect;£275K;£360 - £400 p/w;30/6/2025;182 cm;Right-Footed Only;Weak;Very Strong;5.3;17.3;39.2;48.9;3.0;0.2;1.7;0.0;3.0;0.9;0.6;2.5;1.4;1.3;11.0;0.1;3.8;0.1;0;0;0;0.0;2.8;4.8;0.0;0.0;0.0;-0.12;0.0;13;1;3;0;7.6;0.4;0.1;0.0;0.0;0.0;0;1.7;0;1;0.1;0.2;0.0;0.0;0.0;0.1;0.4;0.6
2000146335;Manuel Ángel;M (C);M (C), AM (L);20;Spain;R. Madrid B;Spanish Federation 1B;2 (6);264;6.54;Scouting Required;£14K - £150K;£675 - £1K p/w;30/6/2025;170 cm;Left-Footed;Very Strong;Reasonable;10.6;4.8;32.4;36.1;1.4;0.3;0.7;0.0;9.5;1.7;0.3;0.3;1.7;2.4;13.0;3.4;10.9;2.7;0;0;0;0.0;3.4;0.3;0.0;0.0;0.0;-0.11;0.0;5;6;0;0;3.8;0.3;3.1;0.0;0.0;0.0;0;1.0;0;1;0.0;0.3;0.0;0.0;0.3;0.3;0.0;0.3
2000148128;Martín Ochoa;ST (C);AM (R), ST (C);19;Spain;Coruña;Spanish Federation 1A;0 (3);61;6.90;Scouting Required;£0 - £45K;£600 - £825 p/w;30/6/2024;182 cm;Right-Footed;Fairly Strong;Very Strong;0.0;0.0;0.0;0.0;0.0;0.0;0.0;0.0;0.0;0.0;0.0;0.0;0.0;0.0;0.0;0.0;0.0;0.0;0;0;0;0.0;0.0;0.0;0.0;0.0;0.0;0;0.0;0;0;0;0;0.0;0.0;0.0;0.0;0.0;0.0;0;0.0;0;0;0.0;0.0;0.0;0.0;0.0;0.0;0.0;0.0
2000148198;João Urbáez;D (R);D (RC);21;Spain;Linares;Spanish Federation 1B;3 (11);323;6.74;Youngster;£110K;£220 - £260 p/w;30/6/2025;175 cm;Right-Footed;Weak;Very Strong;5.3;13.4;54.1;56.8;6.1;0.3;2.8;0.0;8.4;2.5;0.3;2.2;3.6;2.5;13.9;0.6;8.4;2.2;0;0;0;0.3;2.2;1.4;0.0;0.2;0.0;0;0.0;2;1;0;0;3.6;0.0;2.2;0.3;0.0;0.0;0;2.8;0;0;0.0;0.3;0.0;0.0;0.0;0.0;0.3;0.0
2000148491;Enol Prendes;AM (C);M (R), AM (RC), ST (C);20;Spain;S. Gijón;Second Division;0 (15);299;6.70;Youngster;£65K;£230 - £270 p/w;30/6/2026;178 cm;Right-Footed;Reasonable;Very Strong;22.6;0.6;21.1;24.1;0.9;0.6;0.6;0.0;5.7;1.2;0.0;0.6;0.3;0.6;10.8;0.0;5.7;0.3;0;0;0;0.0;10.5;2.4;0.0;0.0;0.4;-0.18;0.4;3;3;0;0;12.9;0.0;0.3;0.0;0.0;0.3;0;1.2;0;1;0.0;0.6;0.0;1.2;2.4;4.8;0.0;0.0
2000149272;Iván Fernández;D (L);D (LC);22;Spain;San Fernando;Spanish Federation 1B;0 (1);0;-;Scouting Required;£16K - £170K;£100 - £140 p/w;30/6/2024;188 cm;Left-Footed Only;Very Strong;Weak;0.0;0.0;0.0;0.0;0.0;0.0;0.0;0.0;0.0;0.0;0.0;0.0;0.0;0.0;0.0;0.0;0.0;0.0;0;0;0;0.0;0.0;0.0;0.0;0.0;0.0;0;0.0;0;0;0;0;0.0;0.0;0.0;0.0;0.0;0.0;0;0.0;0;0;0.0;0.0;0.0;0.0;0.0;0.0;0.0;0.0
2000162993;Murci;M (C);M/AM (LC);22;Spain;Castellón;Spanish Federation 1B;0;0;-;Scouting Required;£4.5K - £16K;£370 - £550 p/w;30/6/2025;170 cm;Left-Footed;Very Strong;Reasonable;0.0;0.0;0.0;0.0;0.0;0.0;0.0;0.0;0.0;0.0;0.0;0.0;0.0;0.0;0.0;0.0;0.0;0.0;0;0;0;0.0;0.0;0.0;0.0;0.0;0.0;0;0.0;0;0;0;0;0.0;0.0;0.0;0.0;0.0;0.0;0;0.0;0;0;0.0;0.0;0.0;0.0;0.0;0.0;0.0;0.0
2000163499;Dani Vicente;GK;GK;21;Spain;Mérida;Spanish Federation 1B;3;270;6.87;Scouting Required;£4.5K - £45K;£220 - £310 p/w;30/6/2024;186 cm;Right-Footed;Reasonable;Very Strong;1.0;4.3;18.0;18.3;0.3;0.0;0.7;0.0;0.0;0.0;0.0;2.0;0.0;0.0;4.1;0.0;0.0;0.0;87;71;0;0.0;0.0;0.0;0.3;0.0;0.0;0;0.0;0;0;0;0;0.0;0.0;0.0;0.0;0.7;0.0;1;1.3;0;0;0.0;0.0;-0.1;0.0;0.0;0.0;0.0;0.0
2000163512;Baba;AM (R);M (R), AM (RL);19;Senegal;R. Madrid B;Spanish Federation 1B;0;0;-;Scouting Required;£30K - £300K;£230 - £320 p/w;30/6/2024;178 cm;Right-Footed;Reasonable;Very Strong;0.0;0.0;0.0;0.0;0.0;0.0;0.0;0.0;0.0;0.0;0.0;0.0;0.0;0.0;0.0;0.0;0.0;0.0;0;0;0;0.0;0.0;0.0;0.0;0.0;0.0;0;0.0;0;0;0;0;0.0;0.0;0.0;0.0;0.0;0.0;0;0.0;0;0;0.0;0.0;0.0;0.0;0.0;0.0;0.0;0.0
2000163619;Adrián Vázquez;D (R);D (R);20;Spain;Córdoba;Spanish Federation 1B;0;0;-;Future Prospect;£2K - £18K;£210 - £250 p/w;30/6/2025;178 cm;Right-Footed;Weak;Very Strong;0.0;0.0;0.0;0.0;0.0;0.0;0.0;0.0;0.0;0.0;0.0;0.0;0.0;0.0;0.0;0.0;0.0;0.0;0;0;0;0.0;0.0;0.0;0.0;0.0;0.0;0;0.0;0;0;0;0;0.0;0.0;0.0;0.0;0.0;0.0;0;0.0;0;0;0.0;0.0;0.0;0.0;0.0;0.0;0.0;0.0
2000163793;Yeray;ST (C);ST (C);20;Spain;R. Madrid B;Spanish Federation 1B;3;234;6.40;Scouting Required;£85K - £325K;£250 - £340 p/w;30/6/2025;170 cm;Right-Footed;Reasonable;Very Strong;5.4;4.2;21.9;24.2;0.4;0.0;0.4;0.0;5.8;1.5;0.0;0.8;0.4;1.5;12.5;1.2;8.1;0.0;0;0;0;0.0;3.1;1.9;0.0;0.0;0.5;-1.19;0.5;4;1;0;0;5.0;0.0;0.0;0.0;0.0;0.0;0;0.4;0;2;0.0;0.0;0.0;0.4;0.4;1.5;0.0;0.0
2000165229;Yacouba Dabo Gnako;D (C);D (C);21;Senegal;Mérida;Spanish Federation 1B;0;0;-;Scouting Required;£35K - £140K;£350 - £525 p/w;30/6/2025;188 cm;Right-Footed Only;Very Weak;Very Strong;0.0;0.0;0.0;0.0;0.0;0.0;0.0;0.0;0.0;0.0;0.0;0.0;0.0;0.0;0.0;0.0;0.0;0.0;0;0;0;0.0;0.0;0.0;0.0;0.0;0.0;0;0.0;0;0;0;0;0.0;0.0;0.0;0.0;0.0;0.0;0;0.0;0;0;0.0;0.0;0.0;0.0;0.0;0.0;0.0;0.0
2000165556;Óscar Medina;GK;GK;20;Spain;Cartagena;Second Division;0 (1);79;6.10;Scouting Required;£160K - £1.6M;£1.1K - £1.6K p/w;30/6/2026;185 cm;Right-Footed;Reasonable;Very Strong;5.7;1.1;11.4;19.4;0.0;0.0;1.1;0.0;0.0;0.0;0.0;8.0;0.0;0.0;0.0;0.0;0.0;0.0;70;50;0;0.0;0.0;0.0;0.0;0.0;0.0;0;0.0;0;0;0;0;0.0;0.0;0.0;0.0;1.1;0.0;1;1.1;0;0;0.0;0.0;0.1;0.0;0.0;0.0;0.0;0.0
2000165963;Mamor Niang;ST (C);ST (C);22;Spain;Melilla;Spanish Federation 1B;0 (2);61;6.65;Fringe Player;£12K - £110K;£575 - £675 p/w;30/6/2026;190 cm;Left-Footed;Very Strong;Reasonable;0.0;0.0;0.0;0.0;0.0;0.0;0.0;0.0;0.0;0.0;0.0;0.0;0.0;0.0;0.0;0.0;0.0;0.0;0;0;0;0.0;0.0;0.0;0.0;0.0;0.0;0;0.0;1;1;0;0;0.0;0.0;0.0;0.0;0.0;0.0;0;0.0;0;1;0.0;0.0;0.0;0.0;0.0;0.0;0.0;0.0
2000165970;Pau Sans;AM (L);AM (C), ST (C);19;El Salvador;Zaragoza;Second Division;0 (10);220;6.78;Scouting Required;£170K - £1.7M;£900 - £1.4K p/w;30/6/2026;171 cm;Right-Footed;Weak;Very Strong;17.6;4.9;25.4;30.7;1.2;0.8;0.0;0.0;9.8;2.0;0.4;0.8;1.2;1.6;12.6;0.8;7.8;0.0;0;0;0;0.0;5.7;0.4;0.0;0.0;0.3;-0.82;0.3;1;3;0;0;6.1;0.0;0.0;0.0;0.0;0.0;0;1.2;0;1;0.0;0.8;0.0;0.0;0.8;1.6;0.0;0.0
2000165971;Lucas Terrer;M (C);M/AM (C);19;El Salvador;Zaragoza;Second Division;0 (2);24;6.50;Scouting Required;£80K - £800K;£470 - £725 p/w;30/6/2026;175 cm;Right-Footed;Reasonable;Very Strong;0.0;0.0;0.0;0.0;0.0;0.0;0.0;0.0;0.0;0.0;0.0;0.0;0.0;0.0;0.0;0.0;0.0;0.0;0;0;0;0.0;0.0;0.0;0.0;0.0;0.0;-0.35;0.0;0;0;0;0;0.0;0.0;0.0;0.0;0.0;0.0;0;0.0;0;0;0.0;0.0;0.0;0.0;0.0;0.0;0.0;0.0
2000180173;Isra;AM (C);M/AM (C);20;Spain;Alcorcón;Second Division;1 (5);151;6.50;Scouting Required;£220K - £800K;£850 - £1.3K p/w;30/6/2026;182 cm;Right-Footed;Strong;Very Strong;17.3;11.3;32.2;34.0;1.2;0.0;1.2;0.0;7.7;1.2;0.6;0.6;1.8;0.6;10.6;1.8;5.4;0.0;0;0;0;0.0;5.4;1.2;0.0;0.0;0.0;-0.05;0.0;0;2;0;0;6.6;0.0;0.0;0.0;0.0;0.0;0;1.8;0;0;0.0;0.0;0.0;0.6;0.6;0.6;0.0;0.0
2000180639;Carlos López;GK;GK;19;Spain;Málaga;Spanish Federation 1B;2;180;6.45;Breakthrough Prospect;£50K - £500K;£950 p/w;30/6/2027;184 cm;Right-Footed;Reasonable;Very Strong;5.0;8.0;20.0;23.5;1.0;0.0;2.0;0.0;0.0;0.0;0.0;2.5;0.0;0.0;6.3;0.0;0.0;0.0;70;20;0;0.0;0.0;0.0;0.0;0.0;0.0;0;0.0;0;0;0;0;0.0;0.0;0.0;0.0;2.0;0.0;0;1.0;0;0;0.0;0.0;-0.6;0.0;0.0;0.0;0.0;0.0
2000186856;Ratinho;M (R);M/AM (RL);22;Brazil;Levante;Second Division;0 (4);80;6.40;Scouting Required;£0 - £45K;£1.1K - £1.6K p/w;30/6/2025;165 cm;Left-Footed;Very Strong;Fairly Strong;20.2;1.1;27.0;32.6;1.1;1.1;2.2;0.0;9.0;2.2;0.0;1.1;2.2;2.2;0.0;3.4;9.0;4.5;0;0;0;0.0;3.4;3.4;0.0;0.2;0.0;0;0.0;3;0;0;0;6.8;0.0;4.5;0.0;0.0;0.0;0;2.2;0;1;0.0;1.1;0.0;1.1;1.1;1.1;0.0;0.0
2000187632;Adri Álvarez;AM (R);AM (RC);20;Spain;Albacete;Second Division;0;0;-;Scouting Required;£20K - £210K;£250 - £340 p/w;30/6/2024;175 cm;Right-Footed;Reasonable;Very Strong;0.0;0.0;0.0;0.0;0.0;0.0;0.0;0.0;0.0;0.0;0.0;0.0;0.0;0.0;0.0;0.0;0.0;0.0;0;0;0;0.0;0.0;0.0;0.0;0.0;0.0;0;0.0;0;0;0;0;0.0;0.0;0.0;0.0;0.0;0.0;0;0.0;0;0;0.0;0.0;0.0;0.0;0.0;0.0;0.0;0.0
2000187681;Nacho Castillo;AM (C);M/AM (LC);23;Spain;Teruel;Spanish Federation 1A;2 (22);549;6.68;Scouting Required;£30K - £120K;£1.4K - £1.9K p/w;30/6/2025;178 cm;Right-Footed;Reasonable;Very Strong;9.2;11.3;40.0;46.4;3.9;0.8;1.0;0.0;10.7;2.3;0.0;0.7;1.1;1.1;12.4;1.1;8.0;0.7;0;0;0;0.0;3.0;1.0;0.0;0.1;0.1;-0.61;0.1;3;6;0;0;3.9;0.0;0.7;0.0;0.0;0.0;0;1.5;0;0;0.0;0.8;0.0;0.5;0.2;1.6;0.2;0.0
2000188564;Robert Vallribera;WB (R);D/WB (R);22;Spain;Leganés;Second Division;0 (2);90;6.80;Future Prospect;£0 - £24K;£220 - £260 p/w;30/6/2025;180 cm;Right-Footed;Reasonable;Very Strong;13.0;9.0;65.0;76.0;8.0;0.0;1.0;0.0;10.0;1.0;0.0;1.0;4.0;1.0;13.2;1.0;9.0;3.0;0;0;0;0.0;1.0;5.0;0.0;0.0;0.0;0;0.0;0;1;0;0;6.0;0.0;3.0;0.0;0.0;0.0;0;3.0;0;0;0.0;0.0;0.0;0.0;0.0;0.0;0.0;0.0
2000189122;Dani Selma;AM (L);M (L), AM (RL), ST (C);23;Spain;Alcoyano;Spanish Federation 1B;5 (6);366;6.46;Scouting Required;£10K - £110K;£230 - £310 p/w;30/6/2024;181 cm;Left-Footed Only;Very Strong;Weak;14.8;6.4;23.1;26.8;3.0;0.5;1.0;0.0;14.0;3.0;0.2;1.5;2.2;3.4;13.2;2.0;12.5;6.6;0;0;0;0.2;5.7;1.0;0.0;0.0;0.2;-0.76;0.2;8;6;0;1;6.6;0.0;6.9;0.2;0.0;0.0;0;0.2;0;3;0.0;0.5;0.0;0.2;0.5;1.2;0.0;0.0
2000189261;Reda Ergouai;D (C);D (C);21;France;Zaragoza;Second Division;0 (2);46;6.30;Surplus to Requirements;£250K;£420 - £500 p/w;30/6/2025;186 cm;Right-Footed Only;Weak;Very Strong;0.0;0.0;0.0;0.0;0.0;0.0;0.0;0.0;0.0;0.0;0.0;0.0;0.0;0.0;0.0;0.0;0.0;0.0;0;0;0;0.0;0.0;0.0;0.0;0.0;0.0;0;0.0;1;0;0;0;0.0;0.0;0.0;0.0;0.0;0.0;0;0.0;0;0;0.0;0.0;0.0;0.0;0.0;0.0;0.0;0.0
2000189404;Adrián;ST (C);ST (C);22;Spain;Unionistas;Spanish Federation 1A;0 (17);248;6.86;Breakthrough Prospect;£12K - £120K;£390 - £460 p/w;30/6/2025;176 cm;Right-Footed;Reasonable;Very Strong;17.1;0.0;21.8;24.3;0.4;0.4;0.7;0.0;6.5;1.1;0.0;0.0;0.4;0.7;11.4;0.4;4.7;0.7;0;0;0;0.4;10.9;1.1;0.0;0.2;0.3;4.16;0.3;3;2;1;0;12.0;0.0;0.7;0.4;0.0;1.8;0;2.9;0;0;0.0;0.4;0.0;0.7;2.5;3.6;0.0;0.0
2000190556;Iker Navarro;M (C);DM, M (C);20;Pays Basque;Algeciras;Spanish Federation 1B;0 (3);9;-;Scouting Required;£28K - £275K;£80 - £110 p/w;30/6/2026;183 cm;Right-Footed;Fairly Strong;Very Strong;0.0;0.0;0.0;0.0;0.0;0.0;0.0;0.0;0.0;0.0;0.0;0.0;0.0;0.0;0.0;0.0;0.0;0.0;0;0;0;0.0;0.0;0.0;0.0;0.0;0.0;0;0.0;2;0;0;0;0.0;0.0;0.0;0.0;0.0;0.0;0;0.0;0;0;0.0;0.0;0.0;0.0;0.0;0.0;0.0;0.0
2000190558;Curro;D (C);D (C), DM;20;Spain;Algeciras;Spanish Federation 1B;2;163;6.60;Scouting Required;£24K - £230K;£100 - £130 p/w;30/6/2025;181 cm;Right-Footed;Reasonable;Very Strong;7.2;7.2;51.9;58.5;3.3;0.0;2.2;0.0;3.9;1.7;0.6;1.1;2.2;1.7;11.4;0.0;6.1;0.0;0;0;0;0.0;0.6;0.6;0.0;0.0;0.0;0;0.0;0;0;0;0;1.1;0.0;0.0;0.0;0.0;0.0;0;1.1;0;0;0.0;0.0;0.0;0.0;0.0;0.0;0.0;0.6
2000192222;Klein;DM;DM;20;Spain;Ponferrada;Spanish Federation 1A;1 (4);110;6.55;Scouting Required;£0 - £80K;£180 - £270 p/w;30/6/2025;185 cm;Right-Footed;Reasonable;Very Strong;10.6;4.1;44.2;48.3;5.7;1.6;2.5;0.0;13.1;3.3;0.0;0.8;1.6;3.3;13.1;0.0;9.0;0.8;0;0;0;0.0;2.5;3.3;0.0;0.4;0.0;0;0.0;0;0;0;0;5.7;0.8;0.8;0.0;0.0;0.0;0;0.0;0;0;0.0;1.6;0.0;0.0;0.0;0.0;0.0;0.0
2000193868;Ángel Puerto;D (C);D (C);21;Spain;Coruña;Spanish Federation 1A;0;0;-;Scouting Required;£0 - £45K;£450 - £675 p/w;30/6/2024;190 cm;Right-Footed;Reasonable;Very Strong;0.0;0.0;0.0;0.0;0.0;0.0;0.0;0.0;0.0;0.0;0.0;0.0;0.0;0.0;0.0;0.0;0.0;0.0;0;0;0;0.0;0.0;0.0;0.0;0.0;0.0;0;0.0;0;0;0;0;0.0;0.0;0.0;0.0;0.0;0.0;0;0.0;0;0;0.0;0.0;0.0;0.0;0.0;0.0;0.0;0.0
2000194108;Ivan Vasiljević;D (C);D (C);19;Spain;A. Madrid B;Spanish Federation 1B;0;0;-;Scouting Required;£0 - £95K;£180 - £270 p/w;30/6/2026;186 cm;Right-Footed;Strong;Very Strong;0.0;0.0;0.0;0.0;0.0;0.0;0.0;0.0;0.0;0.0;0.0;0.0;0.0;0.0;0.0;0.0;0.0;0.0;0;0;0;0.0;0.0;0.0;0.0;0.0;0.0;0;0.0;0;0;0;0;0.0;0.0;0.0;0.0;0.0;0.0;0;0.0;0;0;0.0;0.0;0.0;0.0;0.0;0.0;0.0;0.0
2000197962;Imanol Alonso;D (C);D (C), DM;22;Spain;Murcia;Spanish Federation 1B;0 (6);128;6.70;Scouting Required;£0 - £10K;£360 - £525 p/w;30/6/2025;186 cm;Right-Footed;Reasonable;Very Strong;7.0;7.7;58.4;65.4;5.6;0.7;2.1;0.0;3.5;0.7;0.0;3.5;0.7;2.1;12.6;0.0;6.3;0.7;0;0;0;0.0;0.7;2.8;0.0;0.1;0.1;-0.1;0.1;0;0;0;0;3.5;0.0;0.7;0.0;0.0;0.0;0;0.0;0;0;0.0;0.7;0.0;0.0;0.7;1.4;0.0;0.0
2000197963;David López;D (C);D (C);21;Spain;Elche;Second Division;6 (1);565;6.63;Scouting Required;£70K - £700K;£3.4K - £4.9K p/w;30/6/2025;195 cm;Right-Footed;Reasonable;Very Strong;6.2;15.8;54.5;63.4;5.3;0.2;0.5;0.0;2.1;1.0;0.2;1.1;1.3;0.2;11.0;0.0;3.0;0.2;0;0;0;0.0;2.5;7.0;0.0;0.0;0.0;0;0.0;7;0;3;0;9.6;0.5;0.2;0.0;0.0;0.0;0;1.6;0;0;0.0;0.2;0.0;0.0;0.0;0.0;0.2;0.2
2000199921;Mario García;D (L);D/WB/M (L);20;Spain;R. Santander;Second Division;6 (5);519;6.81;Scouting Required;£325K - £1.2M;£725 - £1K p/w;30/6/2026;172 cm;Left-Footed Only;Very Strong;Weak;18.6;8.0;48.4;55.1;9.2;0.9;0.9;0.0;6.2;1.9;0.5;1.6;0.9;3.1;12.3;0.3;12.1;2.6;0;0;0;0.3;1.6;3.1;0.0;0.0;0.0;0;0.0;11;3;1;0;4.7;0.9;3.8;0.7;0.0;0.0;0;1.0;0;1;0.2;1.2;0.0;0.0;0.0;0.0;0.0;0.2
2000202080;Leandro Antonetti;ST (C);AM (L), ST (C);21;Spain;Lugo;Spanish Federation 1A;0;0;-;Future Prospect;£0 - £45K;£230 - £270 p/w;30/6/2024;180 cm;Right-Footed;Reasonable;Very Strong;0.0;0.0;0.0;0.0;0.0;0.0;0.0;0.0;0.0;0.0;0.0;0.0;0.0;0.0;0.0;0.0;0.0;0.0;0;0;0;0.0;0.0;0.0;0.0;0.0;0.0;0;0.0;0;0;0;0;0.0;0.0;0.0;0.0;0.0;0.0;0;0.0;0;0;0.0;0.0;0.0;0.0;0.0;0.0;0.0;0.0
2000204662;Juan Felipe Fuentes;M (C);M (C);23;Colombia;Alcoyano;Spanish Federation 1B;0 (1);4;-;Scouting Required;£9K - £90K;£725 - £1K p/w;31/12/2024;181 cm;Right-Footed;Reasonable;Very Strong;0.0;0.0;0.0;0.0;0.0;0.0;0.0;0.0;0.0;0.0;0.0;0.0;0.0;0.0;0.0;0.0;0.0;0.0;0;0;0;0.0;0.0;0.0;0.0;0.0;0.0;0;0.0;0;0;0;0;0.0;0.0;0.0;0.0;0.0;0.0;0;0.0;0;0;0.0;0.0;0.0;0.0;0.0;0.0;0.0;0.0
2000205705;Dani Atanes;GK;GK;22;Netherlands;R. Santander;Second Division;1;120;6.70;Emergency Backup;£14K;£1.2K - £1.4K p/w;30/6/2025;196 cm;Right-Footed Only;Weak;Very Strong;8.2;3.0;7.5;11.2;2.2;0.0;0.8;0.0;0.0;0.0;0.0;13.5;1.5;0.0;4.2;0.0;0.0;0.0;87;100;0;0.0;0.0;0.0;0.0;0.0;0.0;0;0.0;0;0;0;0;0.0;0.0;0.0;0.0;0.8;0.0;3;2.2;0;0;0.0;0.0;-0.1;0.0;0.0;0.0;0.0;0.0
2000206032;Pol Plá;D (C);D (C);20;Spain;Ceuta;Spanish Federation 1B;1 (1);141;6.85;Scouting Required;£0 - £50K;£200 - £290 p/w;30/6/2025;181 cm;Right-Footed;Reasonable;Very Strong;8.9;8.9;34.5;42.1;1.9;0.0;0.0;0.0;4.5;1.3;0.6;3.2;1.9;0.0;11.4;0.0;1.9;0.0;0;0;0;0.0;1.3;3.2;0.0;0.0;0.0;0;0.0;0;0;0;0;4.5;0.6;0.0;0.0;0.0;0.0;0;0.6;0;0;0.0;0.0;0.0;0.0;0.0;0.0;0.0;0.6
2000206473;Alejandro Costa;ST (C);ST (C);21;Spain;Ponferrada;Spanish Federation 1A;0 (2);70;5.90;Scouting Required;£18K - £65K;£220 - £300 p/w;30/6/2025;197 cm;Right-Footed;Reasonable;Very Strong;0.0;0.0;0.0;0.0;0.0;0.0;0.0;0.0;0.0;0.0;0.0;0.0;0.0;0.0;0.0;0.0;0.0;0.0;0;0;0;0.0;0.0;0.0;0.0;0.0;0.0;-0.01;0.0;1;0;0;0;0.0;0.0;0.0;0.0;0.0;0.0;0;0.0;0;1;0.0;0.0;0.0;0.0;0.0;0.0;0.0;0.0
2000206489;Hugo Campos;M (R);M (R);19;Spain;Mérida;Spanish Federation 1B;0;0;-;Scouting Required;£65K - £250K;£260 - £360 p/w;30/6/2025;186 cm;Right-Footed Only;Weak;Very Strong;0.0;0.0;0.0;0.0;0.0;0.0;0.0;0.0;0.0;0.0;0.0;0.0;0.0;0.0;0.0;0.0;0.0;0.0;0;0;0;0.0;0.0;0.0;0.0;0.0;0.0;0;0.0;0;0;0;0;0.0;0.0;0.0;0.0;0.0;0.0;0;0.0;0;0;0.0;0.0;0.0;0.0;0.0;0.0;0.0;0.0
2000206526;Jaime Ruiz;M (C);M (C);19;Spain;Fuenlabrada;Spanish Federation 1A;0;0;-;Scouting Required;£0 - £40K;£65 - £95 p/w;30/6/2025;184 cm;Right-Footed;Fairly Strong;Very Strong;0.0;0.0;0.0;0.0;0.0;0.0;0.0;0.0;0.0;0.0;0.0;0.0;0.0;0.0;0.0;0.0;0.0;0.0;0;0;0;0.0;0.0;0.0;0.0;0.0;0.0;0;0.0;0;0;0;0;0.0;0.0;0.0;0.0;0.0;0.0;0;0.0;0;0;0.0;0.0;0.0;0.0;0.0;0.0;0.0;0.0
2000207519;Samu;GK;GK;21;Venezuela;Burgos;Second Division;0 (2);49;6.80;Scouting Required;£12K - £110K;£1.1K - £1.6K p/w;30/6/2025;193 cm;Right-Footed Only;Weak;Very Strong;0.0;0.0;0.0;0.0;0.0;0.0;0.0;0.0;0.0;0.0;0.0;0.0;0.0;0.0;0.0;0.0;0.0;0.0;99;100;0;0.0;0.0;0.0;0.0;0.0;0.0;0;0.0;0;0;0;0;0.0;0.0;0.0;0.0;0.0;0.0;0;0.0;0;0;0.0;0.0;0.0;0.0;0.0;0.0;0.0;0.0
2000207544;Verde;D (C);D (C), DM;21;Spain;Valladolid;Second Division;0;0;-;Scouting Required;£30K - £300K;£260 - £370 p/w;30/6/2025;182 cm;Right-Footed;Fairly Strong;Very Strong;0.0;0.0;0.0;0.0;0.0;0.0;0.0;0.0;0.0;0.0;0.0;0.0;0.0;0.0;0.0;0.0;0.0;0.0;0;0;0;0.0;0.0;0.0;0.0;0.0;0.0;0;0.0;0;0;0;0;0.0;0.0;0.0;0.0;0.0;0.0;0;0.0;0;0;0.0;0.0;0.0;0.0;0.0;0.0;0.0;0.0
2000208169;Nacho Estrada;M (C);M/AM (C);19;Spain;Oviedo;Second Division;0 (3);32;6.60;Scouting Required;£100K - £375K;£190 - £280 p/w;30/6/2025;179 cm;Left-Footed;Very Strong;Weak;0.0;0.0;0.0;0.0;0.0;0.0;0.0;0.0;0.0;0.0;0.0;0.0;0.0;0.0;0.0;0.0;0.0;0.0;0;0;0;0.0;0.0;0.0;0.0;0.0;0.0;0;0.0;0;0;0;0;0.0;0.0;0.0;0.0;0.0;0.0;0;0.0;0;0;0.0;0.0;0.0;0.0;0.0;0.0;0.0;0.0
2000208404;Pablo Gómez;AM (R);M/AM (RL);18;Spain;R. Santander;Second Division;0;0;-;Scouting Required;Unknown;£240 - £330 p/w;30/6/2025;172 cm;Unknown Footedness;Very Weak;Very Weak;0.0;0.0;0.0;0.0;0.0;0.0;0.0;0.0;0.0;0.0;0.0;0.0;0.0;0.0;0.0;0.0;0.0;0.0;0;0;0;0.0;0.0;0.0;0.0;0.0;0.0;0;0.0;0;0;0;0;0.0;0.0;0.0;0.0;0.0;0.0;0;0.0;0;0;0.0;0.0;0.0;0.0;0.0;0.0;0.0;0.0
2000208903;Maxim Fernández;D (C);D (C);21;France;Fuenlabrada;Spanish Federation 1A;2 (2);257;6.70;Scouting Required;£8K - £85K;£460 - £675 p/w;30/6/2025;186 cm;Right-Footed;Weak;Very Strong;3.2;14.4;49.7;55.7;4.6;0.7;1.4;0.0;3.9;1.1;0.4;1.4;0.7;0.7;11.0;0.0;5.6;0.4;0;0;0;0.0;4.2;4.9;0.0;0.0;0.1;0.82;0.1;2;2;0;0;9.1;0.7;0.4;0.0;0.0;0.4;0;1.8;0;0;0.0;0.7;0.0;0.0;0.4;0.4;0.7;0.7
2000209221;Samu Expósito;AM (C);M/AM (C);19;Spain;R. Majadahonda;Spanish Federation 1A;0;0;-;Scouting Required;£35K - £130K;£190 - £280 p/w;30/6/2025;166 cm;Right-Footed;Reasonable;Very Strong;0.0;0.0;0.0;0.0;0.0;0.0;0.0;0.0;0.0;0.0;0.0;0.0;0.0;0.0;0.0;0.0;0.0;0.0;0;0;0;0.0;0.0;0.0;0.0;0.0;0.0;0;0.0;0;0;0;0;0.0;0.0;0.0;0.0;0.0;0.0;0;0.0;0;0;0.0;0.0;0.0;0.0;0.0;0.0;0.0;0.0
2000209679;Kevin;ST (C);AM (L), ST (C);19;Spain;Coruña;Spanish Federation 1A;3 (2);198;6.77;Scouting Required;£35K - £325K;£850 - £1.3K p/w;30/6/2028;186 cm;Left-Footed;Very Strong;Fairly Strong;18.2;1.4;26.4;31.4;1.4;1.4;0.0;0.0;10.5;4.5;0.0;0.9;1.4;4.1;11.4;1.8;10.5;1.4;0;0;0;0.5;4.1;2.3;0.0;0.0;0.1;-0.21;0.1;1;7;0;0;6.4;0.0;1.4;0.5;0.0;0.0;0;0.5;0;1;0.0;1.4;0.0;0.9;0.9;1.8;0.0;0.0
2000209693;Adrián Guerrero;AM (R);AM (RL);18;Spain;Coruña;Spanish Federation 1A;0;0;-;Scouting Required;£150K - £550K;£525 - £775 p/w;30/6/2026;161 cm;Right-Footed;Reasonable;Very Strong;0.0;0.0;0.0;0.0;0.0;0.0;0.0;0.0;0.0;0.0;0.0;0.0;0.0;0.0;0.0;0.0;0.0;0.0;0;0;0;0.0;0.0;0.0;0.0;0.0;0.0;0;0.0;0;0;0;0;0.0;0.0;0.0;0.0;0.0;0.0;0;0.0;0;0;0.0;0.0;0.0;0.0;0.0;0.0;0.0;0.0
2000209716;Noah Rodríguez;D (R);D/WB/M/AM (R);18;Spain;Lugo;Spanish Federation 1A;0;0;-;Scouting Required;£0 - £100K;£220 - £310 p/w;30/6/2025;165 cm;Right-Footed;Reasonable;Very Strong;0.0;0.0;0.0;0.0;0.0;0.0;0.0;0.0;0.0;0.0;0.0;0.0;0.0;0.0;0.0;0.0;0.0;0.0;0;0;0;0.0;0.0;0.0;0.0;0.0;0.0;0;0.0;0;0;0;0;0.0;0.0;0.0;0.0;0.0;0.0;0;0.0;0;0;0.0;0.0;0.0;0.0;0.0;0.0;0.0;0.0
2000209724;Pablo Parada;D (L);D (L);17;Spain;Coruña;Spanish Federation 1A;0;0;-;Scouting Required;Unknown;£95 - £130 p/w;30/6/2024;173 cm;Unknown Footedness;Very Weak;Very Weak;0.0;0.0;0.0;0.0;0.0;0.0;0.0;0.0;0.0;0.0;0.0;0.0;0.0;0.0;0.0;0.0;0.0;0.0;0;0;0;0.0;0.0;0.0;0.0;0.0;0.0;0;0.0;0;0;0;0;0.0;0.0;0.0;0.0;0.0;0.0;0;0.0;0;0;0.0;0.0;0.0;0.0;0.0;0.0;0.0;0.0
2000209777;Pablo Muñoz;AM (C);M/AM (C);20;Spain;A. Baleares;Spanish Federation 1B;0 (1);3;-;Scouting Required;£16K - £60K;£170 - £260 p/w;30/6/2025;187 cm;Right-Footed;Weak;Very Strong;0.0;0.0;0.0;0.0;0.0;0.0;0.0;0.0;0.0;0.0;0.0;0.0;0.0;0.0;0.0;0.0;0.0;0.0;0;0;0;0.0;0.0;0.0;0.0;0.0;0.0;0;0.0;0;0;0;0;0.0;0.0;0.0;0.0;0.0;0.0;0;0.0;0;0;0.0;0.0;0.0;0.0;0.0;0.0;0.0;0.0
2000210159;Jaime Escario;M (C);M (C);20;Spain;Huesca;Second Division;0;0;-;Scouting Required;£14K - £140K;£950 - £1.4K p/w;30/6/2026;180 cm;Left-Footed;Very Strong;Reasonable;0.0;0.0;0.0;0.0;0.0;0.0;0.0;0.0;0.0;0.0;0.0;0.0;0.0;0.0;0.0;0.0;0.0;0.0;0;0;0;0.0;0.0;0.0;0.0;0.0;0.0;0;0.0;0;0;0;0;0.0;0.0;0.0;0.0;0.0;0.0;0;0.0;0;0;0.0;0.0;0.0;0.0;0.0;0.0;0.0;0.0
2000210776;Darío Lozano;D (C);D (C);20;Spain;Leonesa;Spanish Federation 1A;0;0;-;Scouting Required;£0 - £60K;£210 - £300 p/w;30/6/2025;184 cm;Left-Footed;Very Strong;Weak;0.0;0.0;0.0;0.0;0.0;0.0;0.0;0.0;0.0;0.0;0.0;0.0;0.0;0.0;0.0;0.0;0.0;0.0;0;0;0;0.0;0.0;0.0;0.0;0.0;0.0;0;0.0;0;0;0;0;0.0;0.0;0.0;0.0;0.0;0.0;0;0.0;0;0;0.0;0.0;0.0;0.0;0.0;0.0;0.0;0.0
2000211548;Guillermo Ruiz;GK;GK;20;Spain;R. Madrid B;Spanish Federation 1B;0;0;-;Youngster;£12K - £120K;£220 - £260 p/w;30/6/2026;194 cm;Right-Footed;Reasonable;Very Strong;0.0;0.0;0.0;0.0;0.0;0.0;0.0;0.0;0.0;0.0;0.0;0.0;0.0;0.0;0.0;0.0;0.0;0.0;0;0;0;0.0;0.0;0.0;0.0;0.0;0.0;0;0.0;0;0;0;0;0.0;0.0;0.0;0.0;0.0;0.0;0;0.0;0;0;0.0;0.0;0.0;0.0;0.0;0.0;0.0;0.0
2000211944;Guillermo Súnico;GK;GK;20;Spain;R. Madrid B;Spanish Federation 1B;0;0;-;Scouting Required;£20K - £200K;£220 - £300 p/w;30/6/2024;186 cm;Right-Footed;Reasonable;Very Strong;0.0;0.0;0.0;0.0;0.0;0.0;0.0;0.0;0.0;0.0;0.0;0.0;0.0;0.0;0.0;0.0;0.0;0.0;0;0;0;0.0;0.0;0.0;0.0;0.0;0.0;0;0.0;0;0;0;0;0.0;0.0;0.0;0.0;0.0;0.0;0;0.0;0;0;0.0;0.0;0.0;0.0;0.0;0.0;0.0;0.0
2000211949;Mario Camero;D (C);D (C);20;Spain;Sestao;Spanish Federation 1A;31 (1);2655;6.70;Scouting Required;£210K - £750K;£470 - £650 p/w;30/6/2024;178 cm;Right-Footed;Reasonable;Very Strong;4.4;14.0;48.5;54.2;4.4;0.4;1.2;0.0;3.1;1.0;0.6;1.7;1.3;1.1;11.1;0.0;4.1;0.1;0;0;0;0.0;2.8;6.2;0.0;0.0;0.0;0.39;0.0;23;5;9;1;9.1;0.7;0.1;0.0;0.0;0.0;0;1.2;0;0;0.0;0.4;0.0;0.1;0.1;0.4;0.2;0.9
2000212550;Joan Pulpón;AM (L);D/WB/M/AM (L);20;Spain;Levante;Second Division;0 (3);51;6.70;Scouting Required;£35K;£220 - £300 p/w;30/6/2025;176 cm;Left-Footed;Very Strong;Weak;0.0;0.0;0.0;0.0;0.0;0.0;0.0;0.0;0.0;0.0;0.0;0.0;0.0;0.0;0.0;0.0;0.0;0.0;0;0;0;0.0;0.0;0.0;0.0;0.0;0.0;0;0.0;0;1;0;0;0.0;0.0;0.0;0.0;0.0;0.0;0;0.0;0;0;0.0;0.0;0.0;0.0;0.0;0.0;0.0;0.0
2000213191;Valter;AM (C);AM (RLC);21;Spain;Sabadell;Spanish Federation 1A;2 (3);204;6.67;Scouting Required;£1.5K - £16K;£90 - £130 p/w;30/6/2025;175 cm;Right-Footed;Reasonable;Very Strong;32.2;3.1;23.4;32.6;1.8;0.9;1.8;0.0;7.5;1.3;0.0;0.4;0.9;0.9;12.0;1.8;7.1;0.9;0;0;0;0.4;3.1;4.0;0.0;0.0;0.2;0.66;0.2;1;1;0;0;7.1;0.0;2.2;1.3;0.0;0.4;0;0.4;0;1;0.0;1.3;0.0;1.3;0.4;2.2;0.0;0.0
2000213593;Rony Mbomio;D (R);D/WB (R);19;Spain;A. Madrid B;Spanish Federation 1B;1;53;6.60;Scouting Required;£35K - £120K;£170 - £260 p/w;30/6/2025;180 cm;Right-Footed;Fairly Strong;Very Strong;0.0;0.0;0.0;0.0;0.0;0.0;0.0;0.0;0.0;0.0;0.0;0.0;0.0;0.0;0.0;0.0;0.0;0.0;0;0;0;0.0;0.0;0.0;0.0;0.0;0.0;0;0.0;0;1;0;0;0.0;0.0;0.0;0.0;0.0;0.0;0;0.0;0;0;0.0;0.0;0.0;0.0;0.0;0.0;0.0;0.0
2000213929;Dani Martínez;D (C);D (LC);20;Spain;A. Madrid B;Spanish Federation 1B;12 (9);1141;6.69;Scouting Required;£30K - £110K;£190 - £280 p/w;30/6/2025;189 cm;Left-Footed Only;Very Strong;Weak;3.8;8.4;59.6;62.7;3.8;0.0;2.1;0.0;3.2;1.3;0.9;1.6;1.7;1.3;11.2;0.2;5.8;0.1;0;0;0;0.0;1.7;2.1;0.0;0.0;0.0;-0.15;0.0;8;0;0;0;3.8;0.5;0.1;0.0;0.0;0.0;0;1.3;1;0;0.0;0.0;0.0;0.0;0.0;0.1;0.4;0.7
2000213969;Julio Díaz;WB (L);D/WB (L);19;Spain;A. Madrid B;Spanish Federation 1B;0;0;-;Scouting Required;£0;£200 - £290 p/w;30/6/2024;174 cm;Left-Footed Only;Very Strong;Weak;0.0;0.0;0.0;0.0;0.0;0.0;0.0;0.0;0.0;0.0;0.0;0.0;0.0;0.0;0.0;0.0;0.0;0.0;0;0;0;0.0;0.0;0.0;0.0;0.0;0.0;0;0.0;0;0;0;0;0.0;0.0;0.0;0.0;0.0;0.0;0;0.0;0;0;0.0;0.0;0.0;0.0;0.0;0.0;0.0;0.0
2000214090;Hugo Redón;M (C);DM, M (C);21;Spain;Levante;Second Division;0 (1);12;-;Scouting Required;£55K;£250 - £360 p/w;30/6/2026;179 cm;Right-Footed;Fairly Strong;Very Strong;0.0;0.0;0.0;0.0;0.0;0.0;0.0;0.0;0.0;0.0;0.0;0.0;0.0;0.0;0.0;0.0;0.0;0.0;0;0;0;0.0;0.0;0.0;0.0;0.0;0.0;0;0.0;0;0;0;0;0.0;0.0;0.0;0.0;0.0;0.0;0;0.0;0;0;0.0;0.0;0.0;0.0;0.0;0.0;0.0;0.0
2000214592;Sergio Veces;D (R);D (R);20;Spain;Tarazona;Spanish Federation 1A;2 (16);481;6.56;Scouting Required;£0 - £65K;£390 - £550 p/w;30/6/2026;170 cm;Right-Footed;Reasonable;Very Strong;15.9;7.5;29.9;38.0;4.1;0.9;1.1;0.0;9.4;2.6;0.4;1.7;2.1;2.8;11.2;0.0;9.2;3.6;0;0;0;0.6;2.1;2.4;0.0;0.2;0.0;0;0.0;4;2;0;0;4.5;0.2;3.6;0.6;0.0;0.0;0;1.1;0;0;0.2;0.9;0.0;0.0;0.0;0.0;0.0;0.4
2000214885;Álvaro Cortés;D (C);D (C);19;Spain;Barcelona B;Spanish Federation 1A;1;90;6.40;Youngster;£65K - £230K;£1K - £1.2K p/w;30/6/2024;189 cm;Left-Footed Only;Very Strong;Weak;4.0;8.0;45.0;54.0;3.0;0.0;2.0;0.0;3.0;1.0;0.0;0.0;3.0;1.0;10.2;0.0;11.0;0.0;0;0;0;0.0;1.0;6.0;0.0;0.0;0.0;0;0.0;2;0;0;0;7.0;1.0;0.0;0.0;0.0;0.0;0;1.0;0;0;0.0;0.0;0.0;0.0;0.0;0.0;0.0;0.0
2000214929;Mario Solórzano;AM (C);M/AM (C);19;Spain;R. Santander;Second Division;1;90;6.50;Scouting Required;£275K - £1.1M;£370 - £525 p/w;30/6/2026;170 cm;Right-Footed;Reasonable;Very Strong;36.0;5.0;27.0;33.0;1.0;1.0;1.0;0.0;9.0;3.0;0.0;4.0;1.0;1.0;11.2;1.0;8.0;2.0;0;0;0;0.0;5.0;0.0;0.0;0.3;0.0;0;0.0;0;1;0;0;5.0;1.0;2.0;0.0;0.0;0.0;0;1.0;0;0;0.0;1.0;0.0;0.0;0.0;0.0;0.0;0.0
2000217243;Rodrigo Abajas;D (L);D (L);21;Spain;R. Majadahonda;Spanish Federation 1A;5 (5);480;6.73;Future Prospect;£18K - £170K;£525 - £625 p/w;30/6/2026;183 cm;Left-Footed;Very Strong;Reasonable;16.1;10.7;34.1;41.2;3.9;0.6;1.9;0.0;11.4;3.0;0.8;2.2;1.3;3.2;13.0;0.6;11.4;3.4;0;0;0;0.4;3.6;4.3;0.0;0.0;0.0;0.95;0.0;6;1;3;0;7.9;1.5;3.4;0.4;0.0;0.2;0;1.9;0;1;0.2;0.6;0.0;0.2;0.2;0.2;0.2;0.6
2000217564;Álex Yang;D (C);D (RC);19;Spain;Espanyol;Second Division;0;0;-;Scouting Required;Unknown;£160 - £250 p/w;30/6/2025;191 cm;Unknown Footedness;Very Weak;Very Weak;0.0;0.0;0.0;0.0;0.0;0.0;0.0;0.0;0.0;0.0;0.0;0.0;0.0;0.0;0.0;0.0;0.0;0.0;0;0;0;0.0;0.0;0.0;0.0;0.0;0.0;0;0.0;0;0;0;0;0.0;0.0;0.0;0.0;0.0;0.0;0;0.0;0;0;0.0;0.0;0.0;0.0;0.0;0.0;0.0;0.0
2000217596;Eric;AM (L);D/WB/M/AM (L);20;Pays Basque;Alcorcón;Second Division;1 (7);301;6.56;Scouting Required;£50K;£1K - £1.5K p/w;30/6/2026;175 cm;Left-Footed;Very Strong;Reasonable;19.7;4.5;30.2;35.3;3.9;2.1;0.9;0.0;10.2;2.1;0.3;1.5;1.5;1.8;12.6;1.8;10.5;4.5;0;0;0;0.0;7.2;0.6;0.0;0.2;0.1;-0.47;0.1;5;6;0;0;7.8;0.6;4.5;0.0;0.0;0.0;0;1.2;0;0;0.0;2.1;0.0;0.6;0.0;0.9;0.0;0.0
2000218246;Pablo Arranz;M (R);M/AM (R);20;Spain;Burgos;Second Division;0;0;-;Scouting Required;£0 - £60K;£1.3K - £1.7K p/w;30/6/2025;173 cm;Right-Footed;Weak;Very Strong;0.0;0.0;0.0;0.0;0.0;0.0;0.0;0.0;0.0;0.0;0.0;0.0;0.0;0.0;0.0;0.0;0.0;0.0;0;0;0;0.0;0.0;0.0;0.0;0.0;0.0;0;0.0;0;0;0;0;0.0;0.0;0.0;0.0;0.0;0.0;0;0.0;0;0;0.0;0.0;0.0;0.0;0.0;0.0;0.0;0.0
2000218276;Hugo Mantecón;GK;GK;19;Spain;R. Madrid B;Spanish Federation 1B;0;0;-;Scouting Required;£20K - £200K;£200 - £280 p/w;30/6/2024;185 cm;Right-Footed;Reasonable;Very Strong;0.0;0.0;0.0;0.0;0.0;0.0;0.0;0.0;0.0;0.0;0.0;0.0;0.0;0.0;0.0;0.0;0.0;0.0;0;0;0;0.0;0.0;0.0;0.0;0.0;0.0;0;0.0;0;0;0;0;0.0;0.0;0.0;0.0;0.0;0.0;0;0.0;0;0;0.0;0.0;0.0;0.0;0.0;0.0;0.0;0.0
2000218305;Juan Barragán;AM (L);M/AM (RL);21;Spain;Tarragona;Spanish Federation 1A;1 (2);89;6.40;Scouting Required;£55K - £210K;£550 - £750 p/w;30/6/2025;175 cm;Right-Footed;Weak;Very Strong;18.2;1.0;30.3;35.4;0.0;0.0;2.0;0.0;6.1;1.0;1.0;1.0;2.0;0.0;0.0;2.0;10.1;5.1;0;0;0;0.0;7.1;1.0;0.0;0.0;0.1;-0.14;0.1;1;0;0;0;8.1;0.0;5.1;0.0;0.0;0.0;0;0.0;0;0;0.0;0.0;0.0;0.0;0.0;1.0;0.0;0.0
2000218427;Axel;D (C);D (C);19;Spain;R. Madrid B;Spanish Federation 1B;0;0;-;Scouting Required;£7K - £70K;£190 - £300 p/w;30/6/2024;180 cm;Left-Footed;Very Strong;Reasonable;0.0;0.0;0.0;0.0;0.0;0.0;0.0;0.0;0.0;0.0;0.0;0.0;0.0;0.0;0.0;0.0;0.0;0.0;0;0;0;0.0;0.0;0.0;0.0;0.0;0.0;0;0.0;0;0;0;0;0.0;0.0;0.0;0.0;0.0;0.0;0;0.0;0;0;0.0;0.0;0.0;0.0;0.0;0.0;0.0;0.0
2000219415;Mikel Rodríguez;M (C);M/AM (C);22;Spain;Real San Sebastián B;Spanish Federation 1A;0 (5);152;6.60;Scouting Required;£1.5K - £16K;£200 - £310 p/w;30/6/2025;171 cm;Right-Footed;Strong;Very Strong;24.9;7.1;34.9;43.8;2.4;1.2;1.2;0.0;9.5;3.6;0.0;1.2;0.6;2.4;14.0;1.2;11.2;1.8;0;0;0;0.0;1.8;0.6;0.0;0.1;0.0;-0.08;0.0;3;0;0;0;2.4;0.0;1.8;0.0;0.0;0.0;0;0.6;0;0;0.0;1.2;0.0;0.0;0.6;0.6;0.0;0.0
2000219673;Cristian David;D (C);D (RC), DM;18;Spain;R. Madrid B;Spanish Federation 1B;0;0;-;Scouting Required;£60K - £220K;£200 - £280 p/w;30/6/2024;175 cm;Right-Footed;Reasonable;Very Strong;0.0;0.0;0.0;0.0;0.0;0.0;0.0;0.0;0.0;0.0;0.0;0.0;0.0;0.0;0.0;0.0;0.0;0.0;0;0;0;0.0;0.0;0.0;0.0;0.0;0.0;0;0.0;0;0;0;0;0.0;0.0;0.0;0.0;0.0;0.0;0;0.0;0;0;0.0;0.0;0.0;0.0;0.0;0.0;0.0;0.0
2000221025;Adrián González;D (L);D/M (L);20;Spain;Elche;Second Division;0 (3);40;6.50;Scouting Required;£230K - £850K;£950 - £1.4K p/w;30/6/2025;175 cm;Left-Footed Only;Very Strong;Very Weak;0.0;0.0;0.0;0.0;0.0;0.0;0.0;0.0;0.0;0.0;0.0;0.0;0.0;0.0;0.0;0.0;0.0;0.0;0;0;0;0.0;0.0;0.0;0.0;0.0;0.0;0;0.0;0;0;0;0;0.0;0.0;0.0;0.0;0.0;0.0;0;0.0;0;0;0.0;0.0;0.0;0.0;0.0;0.0;0.0;0.0
2000221026;Bakary Traoré;D (C);D (C);19;Spain;Elche;Second Division;31 (1);135;6.40;Scouting Required;£80K - £800K;£1K - £1.5K p/w;30/6/2026;179 cm;Left-Footed Only;Very Strong;Very Weak;4.7;12.0;53.3;63.3;4.7;0.0;0.7;0.0;3.3;2.0;0.0;3.3;2.0;2.0;9.7;0.0;4.7;0.7;0;0;0;0.0;8.0;0.0;0.0;0.0;0.0;0;0.0;2;0;0;0;8.0;0.7;0.7;0.0;0.0;0.0;0;2.0;0;0;0.0;0.0;0.0;0.0;0.0;0.0;0.7;1.3
2000221078;Fran Gil;D (C);D (LC);18;Spain;Elche;Second Division;2 (1);187;6.57;Scouting Required;£170K - £1.7M;£310 - £440 p/w;30/6/2026;187 cm;Left-Footed Only;Very Strong;Very Weak;4.3;11.6;48.1;54.4;2.9;0.5;1.0;0.0;1.9;1.0;0.5;1.0;1.0;1.0;10.5;0.0;6.7;0.5;0;0;0;0.0;2.9;4.3;0.0;0.0;0.0;-0.02;0.0;3;0;1;0;7.2;0.5;0.5;0.0;0.0;0.0;0;1.9;0;0;0.0;0.5;0.0;0.5;0.5;0.5;1.0;0.0
2000221085;Adrián Gallego;ST (C);ST (C);19;Spain;Elche;Second Division;0 (3);11;-;Scouting Required;£240K - £900K;£1.3K - £1.9K p/w;30/6/2026;188 cm;Right-Footed Only;Very Weak;Very Strong;0.0;0.0;0.0;0.0;0.0;0.0;0.0;0.0;0.0;0.0;0.0;0.0;0.0;0.0;0.0;0.0;0.0;0.0;0;0;0;0.0;0.0;0.0;0.0;0.0;0.0;-0.08;0.0;0;0;0;0;0.0;0.0;0.0;0.0;0.0;0.0;0;0.0;0;0;0.0;0.0;0.0;0.0;0.0;0.0;0.0;0.0
2000221088;Darío Marcos;ST (C);ST (C);19;Spain;Elche;Second Division;0;0;-;Scouting Required;£85K - £850K;£380 - £525 p/w;30/6/2026;184 cm;Right-Footed Only;Very Weak;Very Strong;0.0;0.0;0.0;0.0;0.0;0.0;0.0;0.0;0.0;0.0;0.0;0.0;0.0;0.0;0.0;0.0;0.0;0.0;0;0;0;0.0;0.0;0.0;0.0;0.0;0.0;0;0.0;0;0;0;0;0.0;0.0;0.0;0.0;0.0;0.0;0;0.0;0;0;0.0;0.0;0.0;0.0;0.0;0.0;0.0;0.0
2000221759;Kennedy Akumagoa;D (C);D (C);20;Spain;Cartagena;Second Division;1;45;6.60;Scouting Required;£14K - £140K;£1.3K - £1.7K p/w;30/6/2025;186 cm;Right-Footed;Fairly Strong;Very Strong;0.0;0.0;0.0;0.0;0.0;0.0;0.0;0.0;0.0;0.0;0.0;0.0;0.0;0.0;0.0;0.0;0.0;0.0;0;0;0;0.0;0.0;0.0;0.0;0.0;0.0;0;0.0;0;0;0;0;0.0;0.0;0.0;0.0;0.0;0.0;0;0.0;0;0;0.0;0.0;0.0;0.0;0.0;0.0;0.0;0.0
2000222392;David Serrano;M (L);M (LC), AM (L);19;Spain;R. Madrid B;Spanish Federation 1B;0;0;-;Scouting Required;£0 - £45K;£160 - £250 p/w;30/6/2024;176 cm;Left-Footed Only;Very Strong;Weak;0.0;0.0;0.0;0.0;0.0;0.0;0.0;0.0;0.0;0.0;0.0;0.0;0.0;0.0;0.0;0.0;0.0;0.0;0;0;0;0.0;0.0;0.0;0.0;0.0;0.0;0;0.0;0;0;0;0;0.0;0.0;0.0;0.0;0.0;0.0;0;0.0;0;0;0.0;0.0;0.0;0.0;0.0;0.0;0.0;0.0
2000222552;Diego;GK;GK;18;Spain;R. Madrid B;Spanish Federation 1B;0;0;-;Scouting Required;£10K - £110K;£180 - £270 p/w;30/6/2024;188 cm;Right-Footed;Weak;Very Strong;0.0;0.0;0.0;0.0;0.0;0.0;0.0;0.0;0.0;0.0;0.0;0.0;0.0;0.0;0.0;0.0;0.0;0.0;0;0;0;0.0;0.0;0.0;0.0;0.0;0.0;0;0.0;0;0;0;0;0.0;0.0;0.0;0.0;0.0;0.0;0;0.0;0;0;0.0;0.0;0.0;0.0;0.0;0.0;0.0;0.0
2000222584;Miguel;D (L);D/WB (L);18;Spain;R. Madrid B;Spanish Federation 1B;0;0;-;Scouting Required;£26K - £250K;£200 - £290 p/w;30/6/2024;182 cm;Left-Footed;Very Strong;Weak;0.0;0.0;0.0;0.0;0.0;0.0;0.0;0.0;0.0;0.0;0.0;0.0;0.0;0.0;0.0;0.0;0.0;0.0;0;0;0;0.0;0.0;0.0;0.0;0.0;0.0;0;0.0;0;0;0;0;0.0;0.0;0.0;0.0;0.0;0.0;0;0.0;0;0;0.0;0.0;0.0;0.0;0.0;0.0;0.0;0.0
2000222874;Víctor Real;GK;GK;20;Spain;Alcoyano;Spanish Federation 1B;3;270;6.77;Scouting Required;£0 - £40K;£220 - £330 p/w;30/6/2025;185 cm;Left-Footed;Very Strong;Reasonable;15.7;4.0;13.0;23.7;0.7;0.0;1.3;0.0;0.0;0.0;0.0;10.3;0.0;0.0;6.1;0.0;0.0;0.0;89;76;0;0.0;0.0;0.0;0.3;0.0;0.0;0;0.0;0;0;0;0;0.0;0.0;0.0;0.0;1.3;0.0;3;1.3;0;0;0.0;0.0;-0.3;0.0;0.0;0.0;0.0;0.0
2000222987;Marco Leiton;D (L);D/WB (L);18;Spain;R. Madrid B;Spanish Federation 1B;0;0;-;Scouting Required;£5K - £55K;£200 - £290 p/w;30/6/2024;179 cm;Left-Footed Only;Very Strong;Weak;0.0;0.0;0.0;0.0;0.0;0.0;0.0;0.0;0.0;0.0;0.0;0.0;0.0;0.0;0.0;0.0;0.0;0.0;0;0;0;0.0;0.0;0.0;0.0;0.0;0.0;0;0.0;0;0;0;0;0.0;0.0;0.0;0.0;0.0;0.0;0;0.0;0;0;0.0;0.0;0.0;0.0;0.0;0.0;0.0;0.0
2000223081;Jaime Vázquez;D (C);D (C);18;Spain;Oviedo;Second Division;0;0;-;Scouting Required;£1.6M - £4M;£525 - £700 p/w;30/6/2026;188 cm;Left-Footed;Very Strong;Reasonable;0.0;0.0;0.0;0.0;0.0;0.0;0.0;0.0;0.0;0.0;0.0;0.0;0.0;0.0;0.0;0.0;0.0;0.0;0;0;0;0.0;0.0;0.0;0.0;0.0;0.0;0;0.0;0;0;0;0;0.0;0.0;0.0;0.0;0.0;0.0;0;0.0;0;0;0.0;0.0;0.0;0.0;0.0;0.0;0.0;0.0
2000223117;Jorge Oreiro;D (R);D (RC), WB (R);18;Spain;R. Madrid B;Spanish Federation 1B;0;0;-;Scouting Required;£75K - £300K;£240 - £330 p/w;30/6/2024;191 cm;Right-Footed Only;Weak;Very Strong;0.0;0.0;0.0;0.0;0.0;0.0;0.0;0.0;0.0;0.0;0.0;0.0;0.0;0.0;0.0;0.0;0.0;0.0;0;0;0;0.0;0.0;0.0;0.0;0.0;0.0;0;0.0;0;0;0;0;0.0;0.0;0.0;0.0;0.0;0.0;0;0.0;0;0;0.0;0.0;0.0;0.0;0.0;0.0;0.0;0.0
2000223272;Óscar Mesa;D (L);D/WB/M (L);17;Spain;R. Madrid B;Spanish Federation 1B;0;0;-;Scouting Required;£14K - £150K;£160 - £250 p/w;30/6/2024;180 cm;Left-Footed Only;Very Strong;Weak;0.0;0.0;0.0;0.0;0.0;0.0;0.0;0.0;0.0;0.0;0.0;0.0;0.0;0.0;0.0;0.0;0.0;0.0;0;0;0;0.0;0.0;0.0;0.0;0.0;0.0;0;0.0;0;0;0;0;0.0;0.0;0.0;0.0;0.0;0.0;0;0.0;0;0;0.0;0.0;0.0;0.0;0.0;0.0;0.0;0.0
2000223336;Yago;M (C);M/AM (C);18;Spain;R. Madrid B;Spanish Federation 1B;0;0;-;Scouting Required;£18K - £190K;£190 - £280 p/w;30/6/2024;178 cm;Right-Footed;Weak;Very Strong;0.0;0.0;0.0;0.0;0.0;0.0;0.0;0.0;0.0;0.0;0.0;0.0;0.0;0.0;0.0;0.0;0.0;0.0;0;0;0;0.0;0.0;0.0;0.0;0.0;0.0;0;0.0;0;0;0;0;0.0;0.0;0.0;0.0;0.0;0.0;0;0.0;0;0;0.0;0.0;0.0;0.0;0.0;0.0;0.0;0.0
2000223338;Álex Sánchez;M (C);M/AM (C);18;Spain;R. Madrid B;Spanish Federation 1B;0;0;-;Scouting Required;£30K - £325K;£200 - £280 p/w;30/6/2024;175 cm;Left-Footed;Very Strong;Reasonable;0.0;0.0;0.0;0.0;0.0;0.0;0.0;0.0;0.0;0.0;0.0;0.0;0.0;0.0;0.0;0.0;0.0;0.0;0;0;0;0.0;0.0;0.0;0.0;0.0;0.0;0;0.0;0;0;0;0;0.0;0.0;0.0;0.0;0.0;0.0;0;0.0;0;0;0.0;0.0;0.0;0.0;0.0;0.0;0.0;0.0
2000223716;Jowi;AM (R);AM (RL), ST (C);20;Spain;Intercity;Spanish Federation 1B;0 (3);71;6.75;Scouting Required;£0 - £65K;£190 - £280 p/w;30/6/2025;181 cm;Left-Footed;Very Strong;Reasonable;0.0;0.0;0.0;0.0;0.0;0.0;0.0;0.0;0.0;0.0;0.0;0.0;0.0;0.0;0.0;0.0;0.0;0.0;0;0;0;0.0;0.0;0.0;0.0;0.0;0.0;-0.03;0.0;1;1;0;0;0.0;0.0;0.0;0.0;0.0;0.0;0;0.0;0;1;0.0;0.0;0.0;0.0;0.0;0.0;0.0;0.0
2000223844;Antonio Martínez;M (C);M/AM (C);18;Spain;R. Madrid B;Spanish Federation 1B;0;0;-;Scouting Required;£22K - £230K;£180 - £270 p/w;30/6/2024;177 cm;Right-Footed;Weak;Very Strong;0.0;0.0;0.0;0.0;0.0;0.0;0.0;0.0;0.0;0.0;0.0;0.0;0.0;0.0;0.0;0.0;0.0;0.0;0;0;0;0.0;0.0;0.0;0.0;0.0;0.0;0;0.0;0;0;0;0;0.0;0.0;0.0;0.0;0.0;0.0;0;0.0;0;0;0.0;0.0;0.0;0.0;0.0;0.0;0.0;0.0
2000224995;Joan Anaya;WB (R);D/WB (R);19;Spain;Barcelona B;Spanish Federation 1A;0 (2);52;6.30;Scouting Required;£2.5K - £22K;£500 - £675 p/w;30/6/2024;170 cm;Right-Footed;Weak;Very Strong;0.0;0.0;0.0;0.0;0.0;0.0;0.0;0.0;0.0;0.0;0.0;0.0;0.0;0.0;0.0;0.0;0.0;0.0;0;0;0;0.0;0.0;0.0;0.0;0.0;0.0;0;0.0;2;1;0;0;0.0;0.0;0.0;0.0;0.0;0.0;0;0.0;0;0;0.0;0.0;0.0;0.0;0.0;0.0;0.0;0.0
2000225553;Arnau Sans;M (C);DM, M (C);19;Spain;Tarragona;Spanish Federation 1A;0 (2);33;6.50;Scouting Required;£95K - £350K;£310 - £430 p/w;30/6/2025;178 cm;Right-Footed;Fairly Strong;Very Strong;0.0;0.0;0.0;0.0;0.0;0.0;0.0;0.0;0.0;0.0;0.0;0.0;0.0;0.0;0.0;0.0;0.0;0.0;0;0;1;0.0;0.0;0.0;0.0;0.0;0.0;0;0.0;0;0;0;0;0.0;0.0;0.0;0.0;0.0;0.0;0;0.0;0;0;0.0;0.0;0.0;0.0;0.0;0.0;0.0;0.0
2000227336;Iker Alday;D (C);D (C);21;Spain;Eibar;Second Division;0 (3);96;6.70;Scouting Required;£130K - £1.3M;£975 - £1.4K p/w;30/6/2025;181 cm;Right-Footed;Fairly Strong;Very Strong;2.8;16.9;32.8;36.6;0.9;0.0;1.9;0.0;2.8;1.9;0.9;4.7;0.0;3.8;11.4;0.0;5.6;0.0;0;0;0;0.0;5.6;5.6;0.0;0.0;0.0;0;0.0;1;0;1;0;11.2;0.0;0.0;0.0;0.0;0.0;0;1.9;0;0;0.0;0.0;0.0;0.0;0.0;0.0;1.9;0.9
2000227524;Kirian;M (C);M (C);19;Spain;Leonesa;Spanish Federation 1A;0;0;-;Scouting Required;£0;£230 - £320 p/w;30/6/2025;181 cm;Right-Footed;Weak;Very Strong;0.0;0.0;0.0;0.0;0.0;0.0;0.0;0.0;0.0;0.0;0.0;0.0;0.0;0.0;0.0;0.0;0.0;0.0;0;0;0;0.0;0.0;0.0;0.0;0.0;0.0;0;0.0;0;0;0;0;0.0;0.0;0.0;0.0;0.0;0.0;0;0.0;0;0;0.0;0.0;0.0;0.0;0.0;0.0;0.0;0.0
2000228563;Jú;D (C);D (C);22;Guinea-Bissau;Vigo B;Spanish Federation 1A;8 (1);802;6.67;Scouting Required;£500 - £5K;£1.7K - £2.7K p/w;30/6/2025;193 cm;Right-Footed;Reasonable;Very Strong;5.3;6.5;42.4;51.1;3.5;0.4;1.1;0.0;3.4;1.2;1.1;2.1;1.2;1.0;11.0;0.1;3.8;0.0;0;0;0;0.0;2.0;7.6;0.0;0.0;0.1;0.14;0.1;6;2;1;0;9.7;1.0;0.0;0.0;0.0;0.1;0;1.0;0;0;0.0;0.4;0.0;0.1;0.1;0.4;0.3;0.8
2000233313;Adri;D (R);D (RL);20;Spain;Oviedo;Second Division;0 (1);0;-;Scouting Required;£120K - £450K;£230 - £320 p/w;30/6/2025;191 cm;Right-Footed;Weak;Very Strong;0.0;0.0;0.0;0.0;0.0;0.0;0.0;0.0;0.0;0.0;0.0;0.0;0.0;0.0;0.0;0.0;0.0;0.0;0;0;0;0.0;0.0;0.0;0.0;0.0;0.0;0;0.0;0;0;0;0;0.0;0.0;0.0;0.0;0.0;0.0;0;0.0;0;0;0.0;0.0;0.0;0.0;0.0;0.0;0.0;0.0
2000238357;Guillermo Marquina;GK;GK;19;Spain;Leganés;Second Division;0;0;-;Scouting Required;Unknown;£240 - £330 p/w;30/6/2025;185 cm;Unknown Footedness;Very Weak;Very Weak;0.0;0.0;0.0;0.0;0.0;0.0;0.0;0.0;0.0;0.0;0.0;0.0;0.0;0.0;0.0;0.0;0.0;0.0;0;0;0;0.0;0.0;0.0;0.0;0.0;0.0;0;0.0;0;0;0;0;0.0;0.0;0.0;0.0;0.0;0.0;0;0.0;0;0;0.0;0.0;0.0;0.0;0.0;0.0;0.0;0.0
2000240328;Álex Calvo;M (R);M/AM (RL);20;Spain;F.C. Andorra;Second Division;0 (16);161;6.57;Squad Player;£300K - £2.9M;£1.2K - £1.7K p/w;30/6/2028;170 cm;Left-Footed;Very Strong;Reasonable;15.7;2.2;28.5;35.2;2.8;0.0;1.7;0.0;12.3;5.0;0.0;0.0;2.2;2.2;15.3;1.7;15.7;3.4;0;0;0;1.1;3.4;1.7;0.0;0.0;0.6;-1.06;0.6;0;2;0;0;5.0;0.0;3.4;1.1;0.0;0.0;0;1.1;0;0;0.0;0.0;0.0;0.6;0.0;2.8;0.0;0.0
2000240843;Víctor Del Monte;M (C);M/AM (C);21;Spain;Burgos;Second Division;0;0;-;Scouting Required;£0;£1.2K - £1.6K p/w;30/6/2025;165 cm;Right-Footed Only;Weak;Very Strong;0.0;0.0;0.0;0.0;0.0;0.0;0.0;0.0;0.0;0.0;0.0;0.0;0.0;0.0;0.0;0.0;0.0;0.0;0;0;0;0.0;0.0;0.0;0.0;0.0;0.0;0;0.0;0;0;0;0;0.0;0.0;0.0;0.0;0.0;0.0;0;0.0;0;0;0.0;0.0;0.0;0.0;0.0;0.0;0.0;0.0
2000241939;Álex López;WB (L);D/WB (L);18;Pays Basque;Córdoba;Spanish Federation 1B;1 (7);260;6.88;Fringe Player;£20K - £190K;£600 - £700 p/w;30/6/2026;170 cm;Left-Footed;Very Strong;Reasonable;6.6;13.2;60.2;64.4;9.3;0.0;1.0;0.0;12.8;4.2;0.7;0.7;2.4;2.8;13.8;0.3;15.2;1.0;0;0;0;0.0;3.1;1.0;0.0;0.0;0.0;-0.06;0.0;0;0;0;0;4.2;0.0;1.0;0.0;0.0;0.0;0;1.7;0;0;0.0;0.0;0.0;0.3;0.0;0.3;0.0;0.3
2000248044;Álex Pérez;D (C);D (C);19;Spain;R. Madrid B;Spanish Federation 1B;0;0;-;Scouting Required;£55K - £550K;£170 - £260 p/w;30/6/2026;194 cm;Left-Footed Only;Very Strong;Weak;0.0;0.0;0.0;0.0;0.0;0.0;0.0;0.0;0.0;0.0;0.0;0.0;0.0;0.0;0.0;0.0;0.0;0.0;0;0;0;0.0;0.0;0.0;0.0;0.0;0.0;0;0.0;0;0;0;0;0.0;0.0;0.0;0.0;0.0;0.0;0;0.0;0;0;0.0;0.0;0.0;0.0;0.0;0.0;0.0;0.0
2000252773;Juan Camilo Ramos;AM (R);AM (R);21;Colombia;Alcoyano;Spanish Federation 1B;0 (5);84;6.67;Scouting Required;£22K - £85K;£625 - £850 p/w;31/12/2024;165 cm;Right-Footed;Fairly Strong;Very Strong;18.2;10.7;33.2;41.8;1.1;0.0;0.0;0.0;12.9;5.4;0.0;1.1;2.1;3.2;0.0;2.1;12.9;9.6;0;0;0;0.0;6.4;0.0;0.0;0.0;0.1;-0.08;0.1;2;0;0;0;6.4;0.0;9.6;0.0;0.0;0.0;0;4.3;0;1;0.0;0.0;0.0;2.1;2.1;3.2;0.0;0.0
2000258074;Job Nguono;ST (C);ST (C);21;Kenya;Real San Sebastián B;Spanish Federation 1A;1 (4);128;6.25;Scouting Required;£12K - £110K;£200 - £290 p/w;30/6/2024;181 cm;Right-Footed;Reasonable;Very Strong;33.0;0.7;18.3;21.8;0.0;0.0;2.8;0.0;6.3;1.4;0.0;0.0;0.7;1.4;12.0;1.4;5.6;0.7;0;0;0;0.0;7.7;1.4;0.0;0.0;0.2;-0.23;0.2;2;1;0;0;9.1;0.0;0.7;0.0;0.0;0.0;0;0.7;0;1;0.0;0.0;0.0;0.0;0.0;0.7;0.0;0.0
2000259536;Francisco Javier Holgueras;GK;GK;20;Spain;Leonesa;Spanish Federation 1A;0;0;-;Scouting Required;£0;£240 - £330 p/w;30/6/2025;183 cm;Right-Footed;Reasonable;Very Strong;0.0;0.0;0.0;0.0;0.0;0.0;0.0;0.0;0.0;0.0;0.0;0.0;0.0;0.0;0.0;0.0;0.0;0.0;0;0;0;0.0;0.0;0.0;0.0;0.0;0.0;0;0.0;0;0;0;0;0.0;0.0;0.0;0.0;0.0;0.0;0;0.0;0;0;0.0;0.0;0.0;0.0;0.0;0.0;0.0;0.0
2000259537;Arturo;ST (C);ST (C);17;Spain;Ponferrada;Spanish Federation 1A;0 (1);10;-;Scouting Required;£95K - £350K;£380 - £500 p/w;30/6/2027;181 cm;Right-Footed;Reasonable;Very Strong;0.0;0.0;0.0;0.0;0.0;0.0;0.0;0.0;0.0;0.0;0.0;0.0;0.0;0.0;0.0;0.0;0.0;0.0;0;0;0;0.0;0.0;0.0;0.0;0.0;0.0;0;0.0;0;1;0;0;0.0;0.0;0.0;0.0;0.0;0.0;0;0.0;0;0;0.0;0.0;0.0;0.0;0.0;0.0;0.0;0.0
2000260129;Topo;AM (C);M/AM (C);21;Spain;Antequera;Spanish Federation 1B;0 (1);3;-;Scouting Required;£110K - £400K;£480 - £650 p/w;30/6/2025;176 cm;Right-Footed;Reasonable;Very Strong;0.0;0.0;0.0;0.0;0.0;0.0;0.0;0.0;0.0;0.0;0.0;0.0;0.0;0.0;0.0;0.0;0.0;0.0;0;0;0;0.0;0.0;0.0;0.0;0.0;0.0;0;0.0;0;0;0;0;0.0;0.0;0.0;0.0;0.0;0.0;0;0.0;0;0;0.0;0.0;0.0;0.0;0.0;0.0;0.0;0.0
2000263526;Víctor;D (C);D (C);21;Spain;Leganés;Second Division;0 (2);65;6.70;Scouting Required;£150K - £1.5M;£1.3K - £1.8K p/w;30/6/2025;192 cm;Right-Footed;Strong;Very Strong;0.0;0.0;0.0;0.0;0.0;0.0;0.0;0.0;0.0;0.0;0.0;0.0;0.0;0.0;0.0;0.0;0.0;0.0;0;0;0;0.0;0.0;0.0;0.0;0.0;0.0;0;0.0;1;0;0;0;0.0;0.0;0.0;0.0;0.0;0.0;0;0.0;0;0;0.0;0.0;0.0;0.0;0.0;0.0;0.0;0.0
2000264262;Yerai;AM (C);M/AM (C);21;Spain;San Fernando;Spanish Federation 1B;0 (1);8;-;Scouting Required;£0 - £20K;£230 - £330 p/w;30/6/2025;178 cm;Right-Footed;Fairly Strong;Very Strong;0.0;0.0;0.0;0.0;0.0;0.0;0.0;0.0;0.0;0.0;0.0;0.0;0.0;0.0;0.0;0.0;0.0;0.0;0;0;0;0.0;0.0;0.0;0.0;0.0;0.0;-0.05;0.0;0;0;0;0;0.0;0.0;0.0;0.0;0.0;0.0;0;0.0;0;0;0.0;0.0;0.0;0.0;0.0;0.0;0.0;0.0
2000264265;Kevin Lamela;ST (C);ST (C);19;Spain;San Fernando;Spanish Federation 1B;0;0;-;Scouting Required;£0;£210 - £300 p/w;30/6/2025;184 cm;Right-Footed;Fairly Strong;Very Strong;0.0;0.0;0.0;0.0;0.0;0.0;0.0;0.0;0.0;0.0;0.0;0.0;0.0;0.0;0.0;0.0;0.0;0.0;0;0;0;0.0;0.0;0.0;0.0;0.0;0.0;0;0.0;0;0;0;0;0.0;0.0;0.0;0.0;0.0;0.0;0;0.0;0;0;0.0;0.0;0.0;0.0;0.0;0.0;0.0;0.0
2000264618;Ethan Ventosa;ST (C);ST (C);20;Spain;Burgos;Second Division;0 (10);177;6.84;Scouting Required;£0;£925 - £1.4K p/w;30/6/2025;182 cm;Right-Footed;Reasonable;Very Strong;23.4;0.0;20.8;22.4;0.5;0.5;0.0;0.0;7.1;2.0;0.0;0.5;0.5;1.5;11.6;1.0;5.6;0.0;0;0;0;0.0;7.1;5.6;0.0;0.2;0.3;1.41;0.3;0;3;0;0;12.7;0.0;0.0;0.0;0.0;1.0;0;1.5;0;0;0.0;0.5;0.0;1.0;2.0;3.6;0.0;0.0
2000064228;Jorge Moreno;D (R);D (C);22;Spain;Intercity;Spanish Federation 1B;31 (1);3594;6.94;Scouting Required;£24K - £250K;£1.4K - £1.9K p/w;30/6/2025;184 cm;Right-Footed;Reasonable;Very Strong;5.9;10.0;79.4;84.6;5.4;0.2;1.5;0.0;2.7;0.8;0.4;2.0;1.5;0.8;10.5;0.0;2.8;0.1;0;0;1;0.0;1.2;4.9;0.0;0.0;0.0;-0.16;0.0;10;4;3;0;6.1;1.2;0.1;0.0;0.0;0.0;0;1.4;1;1;0.1;0.2;0.0;0.1;0.3;0.4;0.1;0.3
2000161665;Fèlix Garreta;D (L);D (LC);20;Spain;Amorebieta;Second Division;39 (1);3501;6.67;Youngster;£700K;£1.4K - £1.6K p/w;30/6/2026;183 cm;Left-Footed;Very Strong;Weak;4.7;11.1;46.8;54.0;3.8;0.2;1.5;0.0;2.5;0.9;0.5;1.7;1.2;1.0;11.3;0.1;5.0;0.2;0;0;1;0.0;2.3;4.6;0.0;0.0;0.0;0.63;0.0;24;6;3;0;6.9;0.7;0.2;0.0;0.0;0.0;0;0.9;0;0;0.0;0.2;0.0;0.1;0.1;0.2;0.3;0.4
67293157;Unai Dufur;D (R);D (RC);25;Spain;Tarragona;Spanish Federation 1A;38;3407;6.97;Scouting Required;£140K - £500K;£700 - £1K p/w;30/6/2025;187 cm;Right-Footed;Reasonable;Very Strong;5.5;13.4;54.2;61.8;4.3;0.6;1.1;0.0;3.6;1.2;0.7;1.6;1.5;1.0;11.2;0.1;5.7;0.2;0;0;1;0.1;2.3;7.1;0.0;0.0;0.0;-1.64;0.0;17;8;1;0;9.4;1.1;0.2;0.1;0.0;0.0;0;1.2;0;0;0.1;0.6;0.0;0.1;0.1;0.3;0.3;0.7
67064768;Román Golobart;D (C);D (C);32;Spain;Arenteiro;Spanish Federation 1A;38 (2);3378;6.78;Scouting Required;£10K - £110K;£230 - £320 p/w;30/6/2025;193 cm;Right-Footed;Reasonable;Very Strong;3.7;14.9;45.3;52.6;3.8;0.3;1.1;0.0;2.7;0.7;0.7;1.5;1.8;0.7;10.6;0.1;4.5;0.1;0;0;1;0.0;1.9;6.9;0.0;0.0;0.1;-1.92;0.1;17;7;3;0;8.8;0.9;0.1;0.0;0.0;0.0;0;1.0;0;2;0.1;0.3;0.0;0.1;0.1;0.4;0.1;1.1
67213093;Álex Zalaya;D (C);D (C), DM;26;Spain;A. Baleares;Spanish Federation 1B;38;3361;6.64;Star Player;£7K - £22K;£2.6K - £3.1K p/w;30/6/2025;184 cm;Left-Footed;Very Strong;Weak;6.3;10.5;47.4;52.6;4.0;0.2;1.8;0.0;2.8;1.1;0.5;1.3;2.1;1.3;11.0;0.2;3.6;0.1;0;0;1;0.1;1.4;4.6;0.0;0.0;0.0;-0.52;0.0;20;3;1;0;6.0;0.7;0.1;0.1;0.0;0.0;0;1.4;1;1;0.0;0.2;0.0;0.1;0.1;0.4;0.5;0.4
2000099079;Mati;D (C);D (C);22;Spain;Córdoba;Spanish Federation 1B;38;3329;7.04;Breakthrough Prospect;£5K - £55K;£700 - £800 p/w;30/6/2024;187 cm;Right-Footed;Reasonable;Very Strong;4.9;10.2;84.0;88.6;5.9;0.1;1.0;0.0;1.9;0.6;0.3;1.1;1.6;0.8;10.9;0.1;3.9;0.0;0;0;1;0.0;1.3;4.6;0.0;0.0;0.0;2.32;0.0;10;2;2;0;5.9;0.5;0.0;0.0;0.0;0.1;0;1.5;2;1;0.0;0.1;0.0;0.1;0.2;0.4;0.2;0.3
67260432;Imanol Ezkurdia;D (L);D (LC);25;Spain;S.D. Logroñés;Spanish Federation 1A;37;3265;6.75;Important Player;£0 - £22K;£1.2K - £1.3K p/w;30/6/2024;180 cm;Left-Footed;Very Strong;Reasonable;5.4;12.7;47.7;53.3;3.9;0.4;1.5;0.0;4.1;1.4;0.6;1.2;1.9;1.3;11.3;0.4;6.5;0.6;0;0;1;0.1;2.8;4.2;0.0;0.0;0.0;-0.42;0.0;49;12;6;0;7.0;0.6;0.6;0.1;0.0;0.0;0;0.9;0;0;0.0;0.4;0.0;0.1;0.1;0.3;0.2;1.1
67225736;Javi Jiménez;D (R);D (RC);27;Spain;Alcoyano;Spanish Federation 1B;36 (1);3225;6.66;Scouting Required;£0 - £9K;£1.8K - £2.4K p/w;30/6/2024;182 cm;Right-Footed Only;Weak;Very Strong;5.5;9.3;47.3;51.9;3.3;0.3;1.3;0.0;3.6;1.1;0.5;1.0;1.3;1.2;11.1;0.1;4.0;0.3;0;0;1;0.1;2.5;3.6;0.0;0.0;0.0;0.01;0.0;18;3;2;0;6.1;0.4;0.3;0.1;0.0;0.0;0;1.5;3;1;0.0;0.3;0.0;0.0;0.2;0.4;0.3;0.2
2000028457;Pepe Sánchez;D (R);D (C);24;Spain;Ibiza;Spanish Federation 1B;36 (1);3139;6.88;Scouting Required;£300K - £1.1M;£1.1K - £1.7K p/w;30/6/2025;185 cm;Right-Footed;Weak;Very Strong;5.2;11.9;57.5;62.1;4.1;0.1;1.6;0.0;2.8;1.0;0.5;1.9;1.9;1.5;11.0;0.1;3.5;0.0;0;0;1;0.0;1.4;5.1;0.0;0.0;0.0;0.66;0.0;14;0;3;0;6.5;0.7;0.0;0.0;0.0;0.1;0;1.5;3;1;0.0;0.1;0.0;0.1;0.2;0.3;0.3;0.4
67018886;Rubén Miño;GK;GK;35;Spain;Cornellà;Spanish Federation 1A;36;3094;6.59;Scouting Required;£10K - £100K;£875 - £1.2K p/w;30/6/2026;191 cm;Right-Footed Only;Weak;Very Strong;7.3;2.8;16.0;22.9;0.0;0.0;1.2;0.0;0.0;0.0;0.0;6.3;0.0;0.0;5.9;0.0;0.0;0.0;87;73;1;0.0;0.0;0.0;0.2;0.0;0.0;0;0.0;0;13;0;0;0.0;0.0;0.0;0.0;1.2;0.0;3;0.8;1;0;0.0;0.0;0.1;0.0;0.0;0.0;0.0;0.0
2000132477;Eudald Vergés;D (L);D/WB (L);27;Spain;Cornellà;Spanish Federation 1A;37 (1);3073;6.66;Scouting Required;£0;£220 - £340 p/w;30/6/2024;176 cm;Left-Footed;Very Strong;Reasonable;18.4;10.4;38.0;44.5;5.3;1.1;1.3;0.0;7.2;2.5;0.7;1.8;2.2;2.4;11.9;0.9;10.6;3.2;0;0;1;0.7;2.4;3.0;0.0;0.1;0.0;0.72;0.0;48;21;2;0;5.4;0.4;3.2;0.7;0.0;0.0;0;0.9;0;0;0.0;1.1;0.0;0.1;0.0;0.1;0.1;0.2
67241025;Ernestas Juskevicius;GK;GK;25;Lithuania;Linares;Spanish Federation 1B;34;3060;6.81;Scouting Required;£80K - £300K;£1.1K - £1.5K p/w;30/6/2025;188 cm;Left-Footed;Very Strong;Reasonable;9.6;3.1;6.9;13.2;0.4;0.0;1.2;0.0;0.0;0.0;0.0;8.9;0.1;0.0;4.2;0.0;0.1;0.0;81;68;1;0.0;0.0;0.0;0.3;0.0;0.0;0;0.0;0;0;0;0;0.0;0.0;0.0;0.0;1.2;0.0;2;1.3;0;0;0.0;0.1;-0.2;0.0;0.0;0.0;0.0;0.0
67046592;Ángel;D (L);D (LC), WB (L);33;Spain;Linares;Spanish Federation 1B;34 (1);3056;6.87;Scouting Required;£0;£750 - £1.1K p/w;30/6/2024;184 cm;Left-Footed;Very Strong;Reasonable;5.8;11.3;64.5;69.4;6.4;0.2;1.2;0.0;3.1;1.1;0.4;1.4;1.7;1.3;11.2;0.2;4.1;0.1;0;0;1;0.0;1.3;4.1;0.0;0.0;0.0;-0.95;0.0;22;0;3;0;5.4;0.6;0.2;0.0;0.0;0.0;0;1.4;0;1;0.0;0.2;0.0;0.0;0.2;0.5;0.4;0.3
67156429;Sergio González;D (C);D (C);32;Spain;Leganés;Second Division;34 (4);2999;6.87;Scouting Required;£250K - £950K;£1.9K - £2.6K p/w;30/6/2025;188 cm;Right-Footed;Weak;Very Strong;3.9;12.8;59.7;63.9;4.4;0.4;1.6;0.0;2.8;1.2;0.8;1.8;2.1;1.0;11.3;0.1;4.6;0.1;0;0;1;0.0;2.4;5.1;0.0;0.0;0.0;-1.42;0.0;7;4;1;0;7.5;0.5;0.1;0.0;0.0;0.0;0;1.1;1;0;0.0;0.4;0.0;0.2;0.2;0.5;0.3;1.0
67205087;Gorka Pérez;D (C);D (C), DM;29;Spain;Lugo;Spanish Federation 1A;35;2942;6.82;Scouting Required;£24K - £240K;£1.2K - £1.8K p/w;30/6/2025;186 cm;Right-Footed Only;Weak;Very Strong;5.2;15.0;53.2;59.6;4.2;0.5;1.2;0.0;4.7;1.6;0.6;1.4;1.4;1.3;11.7;0.2;6.4;0.2;0;0;1;0.0;1.6;5.1;0.0;0.0;0.1;-2.07;0.1;17;6;2;1;6.8;0.8;0.2;0.0;0.0;0.0;0;1.4;2;0;0.1;0.5;0.0;0.2;0.1;0.6;0.3;0.7
67279738;Franck Fomeyem;D (C);D (C), DM;24;Cameroon;Antequera;Spanish Federation 1B;32 (1);2910;6.80;Scouting Required;£0 - £100K;£1.2K - £1.8K p/w;30/6/2024;181 cm;Right-Footed;Reasonable;Very Strong;4.9;9.1;42.0;46.2;5.2;0.3;1.1;0.0;3.2;1.0;0.3;2.1;1.7;1.2;11.0;0.0;2.9;0.0;0;0;1;0.0;2.4;1.8;0.0;0.0;0.0;-0.75;0.0;18;1;6;0;4.2;0.1;0.0;0.0;0.0;0.0;0;1.9;1;0;0.0;0.3;0.0;0.0;0.1;0.3;0.3;0.4
2000141737;Pelayo;D (C);D (C);21;Spain;Barcelona B;Spanish Federation 1A;32;2801;6.81;Youngster;£150K - £450K;£1.9K - £2.2K p/w;30/6/2024;193 cm;Right-Footed;Weak;Very Strong;2.4;14.1;53.9;59.2;4.1;0.2;1.0;0.0;3.3;1.1;0.4;1.4;1.6;1.2;11.1;0.1;5.0;0.2;0;0;1;0.0;2.2;4.9;0.0;0.0;0.0;-0.65;0.0;22;5;6;0;7.1;0.6;0.2;0.0;0.0;0.0;0;1.6;0;1;0.0;0.2;0.0;0.1;0.0;0.3;0.3;0.5
67246393;Jeremy Blasco;D (R);D (C);25;France;Huesca;Second Division;30 (4);2783;6.77;Scouting Required;£325K - £1.2M;£1.8K - £2.7K p/w;30/6/2025;185 cm;Right-Footed;Fairly Strong;Very Strong;5.0;13.4;49.1;54.9;3.9;0.4;1.6;0.0;2.9;0.9;0.7;1.4;1.8;1.0;11.5;0.2;5.5;0.1;0;0;1;0.1;2.3;4.3;0.0;0.0;0.0;-1.02;0.0;17;9;3;0;6.6;0.5;0.1;0.1;0.0;0.0;0;1.5;2;0;0.0;0.4;0.0;0.1;0.1;0.4;0.2;0.5
67233387;Javier Murúa;D (C);D (C);27;Spain;S.D. Logroñés;Spanish Federation 1A;33 (1);2767;6.58;Scouting Required;£0;£420 - £625 p/w;30/6/2024;181 cm;Right-Footed;Reasonable;Very Strong;3.5;12.7;46.6;53.4;4.4;0.4;1.6;0.0;3.2;1.4;0.5;1.6;1.5;1.0;11.3;0.1;5.5;0.2;0;0;1;0.0;2.3;4.7;0.0;0.0;0.1;-0.91;0.1;27;13;5;0;7.1;0.5;0.2;0.0;0.0;0.0;0;0.9;0;0;0.0;0.4;0.0;0.1;0.2;0.5;0.2;0.8
1501527;David Rodríguez;ST (C);ST (C);38;Spain;A. Baleares;Spanish Federation 1B;32 (1);2743;6.78;Regular Starter;£500 - £3K;£1.8K - £2.1K p/w;30/6/2024;178 cm;Right-Footed;Fairly Strong;Very Strong;5.4;4.0;14.7;16.2;0.2;0.3;1.9;0.0;8.7;2.3;0.2;0.7;1.4;1.4;12.3;0.4;5.9;0.2;0;0;1;0.0;9.9;2.1;0.0;0.0;0.6;0.84;0.4;52;36;1;0;12.0;0.0;0.2;0.0;0.0;0.6;0;1.3;0;38;0.0;0.3;0.0;0.9;1.0;2.0;0.0;0.0
67293761;José Más;D (R);D (RLC), WB (R);26;Spain;Cornellà;Spanish Federation 1A;32 (3);2625;6.72;Scouting Required;£0;£250 - £370 p/w;30/6/2024;186 cm;Right-Footed;Reasonable;Very Strong;14.6;9.5;40.3;47.7;5.1;0.7;1.3;0.0;8.0;2.3;0.7;2.0;1.9;2.3;12.1;0.9;11.1;3.2;0;0;1;0.6;2.2;3.6;0.0;0.0;0.1;-2.01;0.1;32;34;5;1;5.8;0.3;3.2;0.6;0.0;0.1;0;0.8;0;0;0.0;0.7;0.0;0.4;0.4;1.4;0.0;0.7
67246312;Yac Diori;D (C);D (RC);26;Niger;Algeciras;Spanish Federation 1B;28 (2);2521;6.66;Scouting Required;£0;£240 - £350 p/w;30/6/2024;180 cm;Right-Footed;Reasonable;Very Strong;6.1;9.4;42.3;48.1;4.2;0.3;1.2;0.0;1.9;0.5;0.3;2.1;2.0;0.7;10.7;0.0;2.3;0.3;0;0;1;0.1;1.9;2.5;0.0;0.0;0.0;-0.08;0.0;13;1;2;0;4.4;0.3;0.3;0.1;0.0;0.0;0;1.4;0;1;0.0;0.3;0.0;0.0;0.0;0.1;0.3;0.2
67277309;Lanchi;D (R);D (R);23;Spain;Villarreal B;Second Division;27 (1);2333;6.65;Fringe Player;£4.5K - £12K;£1.5K - £1.7K p/w;30/6/2024;186 cm;Right-Footed;Reasonable;Very Strong;18.7;8.8;38.3;45.3;5.2;1.2;1.6;0.0;7.4;2.5;0.5;1.5;1.9;2.6;12.5;0.8;13.4;3.9;0;0;1;0.8;3.0;4.0;0.0;0.1;0.1;-1.71;0.1;26;27;2;0;7.0;0.8;3.9;0.8;0.0;0.0;0;0.9;0;1;0.0;1.2;0.0;0.2;0.1;0.7;0.2;0.7
2000049483;Ilias Kostis;D (C);D (LC), DM;21;Greece;A. Madrid B;Spanish Federation 1B;25 (4);2239;6.89;Youngster;£20K - £200K;£875 - £1K p/w;30/6/2027;188 cm;Left-Footed;Very Strong;Weak;7.0;7.6;52.0;57.4;3.7;0.6;1.3;0.0;5.3;1.2;0.3;2.3;1.5;1.4;12.0;0.8;6.1;0.4;0;0;1;0.1;1.4;2.3;0.0;0.1;0.2;2.24;0.1;8;6;0;0;3.6;0.3;0.4;0.1;0.0;0.2;0;1.2;0;2;0.0;0.6;0.0;0.1;0.4;0.6;0.3;0.2
2000145423;Diego López;D (C);D (C);22;Spain;Granada B;Spanish Federation 1B;24 (9);2199;6.64;Scouting Required;£0;£290 - £400 p/w;30/6/2024;189 cm;Left-Footed;Very Strong;Reasonable;7.3;9.1;46.0;53.0;3.5;0.2;2.0;0.0;3.3;0.9;0.8;2.5;1.5;1.3;11.2;0.0;3.4;0.1;0;0;1;0.0;2.0;3.8;0.0;0.0;0.0;0.6;0.0;16;2;3;0;5.8;1.1;0.1;0.0;0.0;0.0;0;0.9;1;0;0.0;0.2;0.0;0.0;0.0;0.2;0.5;0.6
2000153020;Darío Hidalgo;AM (C);M (C), AM (RLC);22;Spain;Oviedo;Second Division;30 (7);2187;6.79;Youngster;£1.7M;£2.3K - £2.6K p/w;30/6/2027;180 cm;Right-Footed;Reasonable;Very Strong;17.2;7.1;27.3;31.3;1.8;0.9;1.5;0.0;8.8;2.1;0.2;0.6;2.0;1.4;13.3;1.9;11.1;0.9;0;0;1;0.1;3.9;1.4;0.0;0.1;0.2;-0.57;0.2;26;19;2;1;5.3;0.1;0.9;0.1;0.0;0.2;0;1.1;0;3;0.0;0.9;0.0;0.4;0.5;1.4;0.0;0.0
67157157;Fernando Román;D (C);D (C);30;Spain;Sanluqueño;Spanish Federation 1B;22 (14);2090;6.82;Scouting Required;£0;£550 - £750 p/w;30/6/2024;194 cm;Right-Footed;Weak;Very Strong;7.5;10.2;81.3;87.8;4.0;0.0;1.6;0.0;4.0;1.5;0.6;2.1;0.8;1.1;10.6;0.0;2.6;0.0;0;0;1;0.0;1.0;5.2;0.0;0.0;0.1;-1.24;0.1;13;0;2;0;6.2;1.0;0.0;0.0;0.0;0.0;0;1.0;0;1;0.0;0.0;0.0;0.1;0.3;0.6;0.2;0.5
67294772;Marco Moreno;D (C);D (C);23;Spain;A. Madrid B;Spanish Federation 1B;23;2070;6.82;Scouting Required;£28K - £275K;£1.6K - £2.4K p/w;30/6/2025;191 cm;Right-Footed;Weak;Very Strong;8.6;11.0;48.3;56.3;4.1;0.2;1.9;0.0;2.9;1.1;0.4;2.1;1.1;0.9;10.8;0.0;3.6;0.0;0;0;1;0.0;1.4;6.7;0.0;0.0;0.1;0.69;0.1;4;0;1;0;8.0;1.5;0.0;0.0;0.0;0.1;0;1.3;0;0;0.0;0.2;0.0;0.0;0.5;1.0;0.3;0.3
2000067206;Jesús Clemente;M (C);DM, M (C);24;Spain;Eldense;Second Division;27 (11);2032;6.62;Scouting Required;£65K - £650K;£1.5K - £2.1K p/w;30/6/2025;185 cm;Right-Footed;Weak;Very Strong;7.2;10.3;42.9;49.1;4.0;0.9;1.9;0.0;10.4;2.6;0.4;1.4;1.6;2.3;12.9;0.6;9.6;0.6;0;0;1;0.0;2.2;1.4;0.0;0.1;0.0;-0.58;0.0;28;12;1;1;3.5;0.3;0.6;0.0;0.0;0.0;0;1.1;0;0;0.1;0.9;0.0;0.1;0.1;0.3;0.0;0.1
2000301713;Pedro Soma;M (C);DM, M (C);17;U.S.A.;Cornellà;Spanish Federation 1A;21 (7);2026;6.80;Fringe Player;£220K;£210 - £250 p/w;30/6/2025;177 cm;Right-Footed;Reasonable;Very Strong;11.7;11.9;39.0;45.6;3.9;1.2;1.2;0.0;10.8;3.6;0.2;0.8;1.7;2.6;12.3;0.8;10.2;1.0;0;0;1;0.2;2.3;1.9;0.0;0.2;0.0;0.23;0.0;28;22;3;0;4.2;0.3;1.0;0.2;0.0;0.0;0;0.9;0;0;0.0;1.2;0.0;0.4;0.4;0.7;0.0;0.0
67006496;Kike López;AM (L);D/WB (R), M (RLC), AM (RL);36;Spain;Cornellà;Spanish Federation 1A;20 (16);1996;6.81;Scouting Required;£0;£550 - £750 p/w;30/6/2024;169 cm;Right-Footed;Reasonable;Very Strong;19.5;5.8;33.3;38.4;3.6;1.6;1.1;0.0;10.2;3.0;0.5;1.3;1.3;2.2;11.9;2.2;11.5;4.5;0;0;1;0.7;4.1;2.8;0.0;0.1;0.1;-1.98;0.1;20;22;1;1;6.9;0.2;4.5;0.7;0.0;0.0;0;0.8;0;6;0.0;1.6;0.0;0.3;0.4;1.5;0.0;0.2
67294882;Gael Alonso;D (C);D (C);21;Pays Basque;Vigo B;Spanish Federation 1A;24 (3);1989;6.51;Youngster;£14K - £140K;£260 - £300 p/w;30/6/2024;187 cm;Right-Footed;Fairly Strong;Very Strong;4.0;12.7;46.9;52.9;4.3;0.3;1.3;0.0;2.6;1.2;0.5;1.7;1.1;1.0;11.1;0.2;4.5;0.1;0;0;1;0.0;2.5;4.4;0.0;0.0;0.0;-0.7;0.0;28;3;3;2;6.9;0.8;0.1;0.0;0.0;0.0;0;1.2;0;0;0.0;0.3;0.0;0.1;0.0;0.3;0.2;1.0
2000126398;Jaime Calleja;D (C);D (LC);21;Spain;R. Madrid B;Spanish Federation 1B;20 (9);1930;7.00;Youngster;£26K - £275K;£525 - £625 p/w;30/6/2024;180 cm;Right-Footed;Weak;Very Strong;5.2;10.2;58.9;64.0;5.0;0.1;0.6;0.0;3.1;0.7;0.6;1.9;1.6;1.2;11.0;0.0;4.9;0.1;0;0;1;0.0;1.4;5.0;0.0;0.1;0.0;-0.33;0.0;6;0;2;0;6.4;0.8;0.1;0.0;0.0;0.0;0;1.4;0;1;0.0;0.1;0.0;0.0;0.1;0.3;0.4;0.6
67211211;César Morgado;D (L);D (C);31;Spain;Lugo;Spanish Federation 1A;23 (1);1892;6.98;Scouting Required;£30K - £325K;£2.3K - £3.2K p/w;30/6/2026;185 cm;Left-Footed Only;Very Strong;Weak;4.0;13.6;53.5;58.8;3.3;0.4;1.1;0.0;3.0;1.1;0.7;1.5;2.2;0.9;11.0;0.0;4.8;0.0;0;0;1;0.0;1.8;4.9;0.0;0.0;0.1;-0.09;0.1;13;8;1;1;6.7;0.5;0.0;0.0;0.0;0.0;0;1.6;0;1;0.1;0.4;0.0;0.1;0.0;0.5;0.1;0.7
67277704;Jordi Escobar;ST (C);ST (C);22;Spain;S.D. Logroñés;Spanish Federation 1A;20 (19);1825;6.78;Scouting Required;£26K - £250K;£525 - £800 p/w;30/6/2026;189 cm;Right-Footed;Reasonable;Very Strong;17.7;2.3;20.2;23.5;0.8;0.8;1.4;0.0;6.1;1.4;0.1;0.4;0.4;1.0;11.0;0.6;5.1;1.0;0;0;1;0.0;6.7;6.6;0.0;0.0;0.4;3.79;0.3;20;48;0;0;13.3;0.1;1.0;0.0;0.0;0.6;0;0.9;0;13;0.0;0.8;0.0;0.8;1.6;3.1;0.0;0.0
67228633;Manu Hernando;D (C);D (C);25;Spain;R. Santander;Second Division;41;3606;6.69;Scouting Required;£300K - £1.1M;£2.3K - £3.1K p/w;30/6/2025;183 cm;Right-Footed;Weak;Very Strong;4.0;11.1;49.5;55.9;3.5;0.1;1.2;0.0;3.1;1.1;0.5;1.3;1.4;0.9;11.1;0.0;4.7;0.1;0;0;2;0.0;2.1;4.9;0.0;0.0;0.0;-0.66;0.0;34;9;4;1;7.0;0.6;0.1;0.0;0.0;0.0;0;1.2;1;1;0.0;0.1;0.0;0.1;0.1;0.4;0.2;0.6
67198216;Jorge Sáenz;D (C);D (C);27;Spain;Leganés;Second Division;40 (3);3595;6.85;Scouting Required;£425K - £4.2M;£2.9K - £4.1K p/w;30/6/2025;192 cm;Right-Footed;Reasonable;Very Strong;3.6;13.0;52.5;57.8;4.4;0.2;1.5;0.1;3.7;1.3;0.5;1.5;1.5;1.3;11.5;0.1;5.4;0.1;0;0;2;0.0;1.6;6.0;0.0;0.0;0.0;-0.81;0.0;24;12;2;1;7.6;1.0;0.1;0.0;0.0;0.0;0;1.0;0;3;0.0;0.2;0.0;0.1;0.1;0.4;0.3;0.7
85095411;Pablo Martinez;D (L);D (LC), WB (L);35;France;Coruña;Spanish Federation 1A;41;3538;7.04;Scouting Required;£0;£7.75K - £10.75K p/w;30/6/2024;182 cm;Left-Footed;Very Strong;Weak;3.7;13.3;54.1;59.4;4.9;0.4;0.8;0.1;3.3;1.4;0.5;1.5;1.6;1.4;11.0;0.0;5.8;0.3;0;0;2;0.1;2.1;4.9;0.0;0.1;0.0;-0.77;0.0;20;11;4;0;6.9;0.7;0.3;0.1;0.0;0.0;0;1.5;1;1;0.1;0.4;0.0;0.0;0.1;0.2;0.4;0.3
67293947;Pau Resta;D (C);D (C);23;Spain;Sabadell;Spanish Federation 1A;19 (1);1678;6.64;Scouting Required;£80K;£420 - £600 p/w;30/6/2025;185 cm;Left-Footed Only;Very Strong;Weak;4.2;12.6;56.0;62.9;4.5;0.2;0.9;0.1;3.5;1.3;0.2;1.5;1.5;1.0;11.2;0.2;4.1;0.1;0;0;1;0.0;2.5;5.6;0.0;0.0;0.0;-0.83;0.0;18;7;5;0;8.2;1.0;0.1;0.0;0.0;0.0;0;1.3;0;0;0.1;0.2;0.0;0.1;0.1;0.4;0.2;0.5
43273199;Álex Pastor;DM;D (C), DM;24;Spain;Teruel;Spanish Federation 1A;37;3327;6.77;Surplus to Requirements;£9K - £90K;£1.4K - £1.6K p/w;30/6/2024;187 cm;Right-Footed Only;Weak;Very Strong;4.8;16.9;46.5;55.2;3.7;0.2;1.5;0.1;3.4;1.1;0.4;1.2;1.5;1.0;11.4;0.1;5.8;0.1;0;0;2;0.0;2.2;5.9;0.0;0.0;0.0;-0.79;0.0;17;5;2;0;8.0;0.8;0.1;0.0;0.0;0.0;0;1.2;0;1;0.1;0.2;0.0;0.2;0.2;0.6;0.3;0.7
67219030;Primi;D (L);D (C);28;Spain;Alcoyano;Spanish Federation 1B;37 (1);3321;6.84;Important Player;£28K - £275K;£1.4K - £1.6K p/w;30/6/2024;186 cm;Right-Footed;Reasonable;Very Strong;5.9;12.1;46.4;51.3;3.1;0.6;1.2;0.1;3.8;1.1;0.5;1.1;2.0;1.1;11.4;0.1;4.8;0.2;0;0;2;0.1;2.4;6.4;0.0;0.1;0.0;-1.5;0.0;12;7;3;0;8.8;1.0;0.2;0.1;0.0;0.0;0;1.5;0;2;0.0;0.6;0.0;0.1;0.1;0.5;0.1;0.4
14136119;Kevin Sibille;D (C);D (C);25;Argentina;Ponferrada;Spanish Federation 1A;30 (4);3277;6.83;Regular Starter;£50K - £500K;£2.7K - £3.2K p/w;30/6/2027;181 cm;Right-Footed;Weak;Very Strong;4.0;13.5;47.9;52.9;3.7;0.3;1.0;0.1;3.5;1.4;0.4;1.7;1.6;1.2;11.6;0.1;5.5;0.1;0;0;2;0.0;2.2;5.0;0.0;0.1;0.1;-3.13;0.1;23;7;3;0;7.1;0.9;0.2;0.1;0.0;0.0;0;1.3;0;2;0.0;0.4;0.0;0.2;0.1;0.9;0.3;0.4
67031045;Pedro Alcalá;D (C);D (C);35;Spain;Cartagena;Second Division;37 (1);3274;6.87;Regular Starter;£26K - £75K;£3.3K - £3.8K p/w;30/6/2025;196 cm;Right-Footed;Reasonable;Very Strong;5.8;13.9;49.2;56.8;3.8;0.3;1.2;0.1;3.1;1.0;0.4;1.3;1.7;1.3;11.1;0.2;5.0;0.1;0;0;2;0.0;2.3;5.3;0.0;0.1;0.1;1.14;0.1;21;8;1;0;7.6;1.0;0.1;0.0;0.0;0.1;0;1.4;1;0;0.1;0.4;0.0;0.2;0.2;0.6;0.3;0.7
67037289;Borja Bastón;ST (C);ST (C);31;Spain;Oviedo;Second Division;17 (12);1625;6.80;Squad Player;£400K - £1.2M;£3.4K - £4K p/w;30/6/2025;186 cm;Right-Footed;Reasonable;Very Strong;12.5;2.3;22.0;25.4;0.9;0.3;1.4;0.1;6.1;1.2;0.2;0.5;0.6;0.8;11.9;0.6;5.3;0.2;0;0;1;0.0;5.7;4.6;0.0;0.1;0.3;3.82;0.3;13;40;0;0;10.3;0.1;0.2;0.0;0.0;0.6;0;1.1;0;2;0.1;0.3;0.0;0.6;1.4;2.2;0.0;0.1
67059118;Ramiro;D (C);D (C);33;Spain;Unionistas;Spanish Federation 1A;38 (1);3249;6.79;Regular Starter;£16K - £160K;£1K - £1.2K p/w;30/6/2025;187 cm;Right-Footed;Weak;Very Strong;3.3;19.2;46.7;54.6;3.4;0.4;1.2;0.1;3.4;1.0;0.7;2.0;1.3;1.1;11.3;0.1;5.6;0.2;0;0;2;0.0;2.2;6.2;0.0;0.0;0.0;-0.67;0.0;30;12;3;0;8.4;1.3;0.2;0.0;0.0;0.0;0;1.7;0;1;0.1;0.4;0.0;0.1;0.1;0.4;0.2;1.1
67227810;Miguelón;WB (R);D/WB (R);28;Spain;Eldense;Second Division;37 (2);3243;6.73;Scouting Required;£0 - £10K;£1.4K - £2K p/w;30/6/2024;170 cm;Right-Footed;Weak;Very Strong;14.0;10.2;37.6;43.8;5.2;0.8;1.9;0.1;8.4;2.7;0.6;1.9;2.2;2.3;12.6;1.5;15.2;2.6;0;0;2;0.3;2.1;2.1;0.0;0.0;0.0;-0.55;0.0;39;30;3;0;4.2;0.1;2.6;0.3;0.0;0.0;0;1.1;0;4;0.1;0.8;0.0;0.2;0.1;0.6;0.2;0.5
67295502;Felix Ofoli;D (C);D (RLC);24;Ghana;A. Baleares;Spanish Federation 1B;35 (3);3215;6.56;Fringe Player;£20K - £210K;£1K - £1.2K p/w;30/6/2025;186 cm;Right-Footed;Fairly Strong;Very Strong;6.0;8.5;40.1;46.0;3.2;0.1;1.8;0.1;3.3;1.2;0.6;2.1;1.5;1.2;11.1;0.2;3.5;0.1;0;0;2;0.0;1.3;2.7;0.0;0.0;0.0;-0.55;0.0;19;2;2;1;4.0;0.4;0.2;0.0;0.0;0.0;0;1.4;1;0;0.0;0.1;0.0;0.1;0.1;0.2;0.3;0.4
67153644;Roberto Correa;D (R);D/WB (R);31;Spain;Eibar;Second Division;17 (8);1571;6.76;Regular Starter;£30K - £300K;£3.7K - £4.3K p/w;30/6/2024;180 cm;Right-Footed;Reasonable;Very Strong;15.6;11.9;38.5;43.6;4.9;0.7;1.4;0.1;8.0;1.5;0.5;1.3;2.7;1.8;13.2;1.5;18.7;3.9;0;0;1;0.2;3.4;3.0;0.0;0.0;0.1;-0.52;0.1;27;7;3;0;6.4;0.2;3.9;0.2;0.0;0.1;0;1.1;0;1;0.1;0.7;0.0;0.1;0.2;0.6;0.1;0.7
67199608;José Antonio Martínez;D (L);D (C);31;Spain;Córdoba;Spanish Federation 1B;35;3112;6.97;Important Player;Not for Sale;£3.7K - £4.3K p/w;30/6/2027;191 cm;Left-Footed;Very Strong;Reasonable;4.8;11.5;75.1;79.2;6.2;0.2;1.1;0.1;4.2;1.5;0.6;1.2;2.0;1.4;11.4;0.2;6.5;0.3;0;0;2;0.1;1.7;3.8;0.0;0.0;0.0;-0.73;0.0;16;3;2;0;5.4;0.6;0.4;0.1;0.0;0.0;0;1.3;0;2;0.1;0.2;0.0;0.0;0.1;0.4;0.2;0.4
67195967;Iago Indias;D (R);D (C), DM;28;Spain;Castellón;Spanish Federation 1B;35 (2);3093;6.82;Scouting Required;£85K;£675 - £1K p/w;30/6/2025;179 cm;Right-Footed Only;Weak;Very Strong;5.6;7.0;65.6;70.0;5.0;0.1;1.0;0.1;4.4;1.4;0.6;1.5;1.0;1.3;10.9;0.4;3.1;0.3;0;0;2;0.0;2.1;1.4;0.0;0.0;0.0;0.26;0.0;11;11;2;0;3.5;0.2;0.3;0.0;0.0;0.0;0;1.6;1;3;0.1;0.1;0.0;0.1;0.1;0.2;0.2;0.5
95078299;Miki Bosch;D (C);D (C);23;Spain;Granada B;Spanish Federation 1B;34 (1);3088;6.71;Scouting Required;£5K - £50K;£825 - £1.1K p/w;30/6/2024;190 cm;Right-Footed;Weak;Very Strong;5.8;9.2;46.6;52.1;3.3;0.2;1.8;0.1;3.4;1.1;0.7;2.3;1.5;1.0;10.9;0.0;2.8;0.1;0;0;2;0.0;2.0;3.6;0.0;0.0;0.0;0.46;0.0;19;2;1;0;5.6;0.6;0.1;0.0;0.0;0.0;0;1.2;0;2;0.0;0.2;0.0;0.0;0.1;0.3;0.4;0.6
2000212036;Imanol;D (C);D (C);23;Spain;Real Irún;Spanish Federation 1A;17 (2);1518;6.73;Fringe Player;£30K - £325K;£975 - £1.1K p/w;30/6/2024;184 cm;Right-Footed;Reasonable;Very Strong;4.4;13.5;52.2;59.2;3.9;0.1;1.2;0.1;4.1;1.7;0.8;1.7;1.5;1.3;11.1;0.1;4.9;0.1;0;0;1;0.0;2.0;3.7;0.0;0.0;0.1;-0.94;0.1;5;1;1;0;5.6;0.5;0.1;0.0;0.0;0.0;0;1.1;0;0;0.0;0.2;0.0;0.0;0.1;0.3;0.3;0.4
2000053118;Sala;ST (C);ST (C);21;Spain;Fuenlabrada;Spanish Federation 1A;36;3024;6.88;Breakthrough Prospect;Not for Sale;£950 - £1.1K p/w;30/6/2025;177 cm;Right-Footed;Reasonable;Very Strong;17.6;2.1;19.1;22.6;0.5;0.4;1.1;0.1;7.3;1.6;0.1;0.4;1.0;1.3;11.9;0.7;6.6;0.4;0;0;2;0.0;6.8;3.2;0.0;0.1;0.4;3.77;0.4;45;58;0;0;10.0;0.0;0.4;0.0;0.0;0.5;0;1.4;0;24;0.0;0.4;0.0;0.7;1.5;2.4;0.0;0.0
2000182484;Jon García;D (R);D (R);21;Spain;Atlético Pamplona B;Spanish Federation 1A;18;1489;6.36;Youngster;£10K - £110K;£220 - £260 p/w;30/6/2026;182 cm;Right-Footed;Reasonable;Very Strong;17.8;8.2;39.6;46.6;5.7;0.8;1.8;0.1;7.0;2.0;1.0;1.5;1.5;1.8;12.2;1.0;11.2;3.6;0;0;1;1.1;3.7;3.3;0.0;0.1;0.1;-0.94;0.1;18;12;1;0;7.0;0.7;3.6;1.1;0.0;0.0;0;0.8;0;2;0.1;0.8;0.0;0.3;0.1;0.8;0.1;0.4
67138268;Sergio Ayala;D (C);D (LC);31;Spain;Cornellà;Spanish Federation 1A;34 (1);2977;6.80;Scouting Required;£0;£290 - £410 p/w;30/6/2024;186 cm;Left-Footed Only;Very Strong;Weak;3.6;12.8;49.0;56.4;3.7;0.5;1.2;0.1;3.3;1.3;0.6;2.0;1.2;0.9;11.0;0.1;5.4;0.2;0;0;2;0.1;2.3;6.3;0.0;0.0;0.1;-1.54;0.1;21;11;1;0;8.6;1.0;0.2;0.1;0.0;0.0;0;0.8;0;1;0.0;0.5;0.0;0.1;0.0;0.5;0.3;0.6
67260212;Rubén Azcona;ST (C);ST (C);23;Spain;Atlético Pamplona B;Spanish Federation 1A;12 (18);1488;6.59;Scouting Required;£45K - £425K;£170 - £260 p/w;30/6/2024;176 cm;Right-Footed;Fairly Strong;Very Strong;21.7;1.1;20.3;23.3;0.4;0.4;1.5;0.1;5.9;1.1;0.1;0.5;1.2;0.8;11.6;1.3;6.1;0.4;0;0;1;0.0;7.5;3.6;0.0;0.0;0.3;2.29;0.3;18;35;0;0;11.1;0.0;0.4;0.0;0.0;0.4;0;1.0;0;8;0.0;0.4;0.0;0.5;0.8;1.8;0.0;0.0
67276123;Joan Rojas;D (C);D (LC);24;Spain;Sanluqueño;Spanish Federation 1B;31 (2);2763;6.96;Scouting Required;£8K - £80K;£775 - £1.1K p/w;30/6/2025;185 cm;Left-Footed Only;Very Strong;Weak;6.4;13.1;74.7;80.1;5.1;0.1;1.6;0.1;4.1;1.3;0.6;1.2;2.0;2.1;10.9;0.1;3.4;0.2;0;0;2;0.0;1.0;4.3;0.0;0.0;0.0;-0.22;0.0;21;2;3;0;5.2;0.8;0.2;0.0;0.0;0.0;0;1.3;1;0;0.0;0.1;0.0;0.0;0.0;0.1;0.3;0.4
67256557;David Andújar;D (C);D (C);32;Spain;Ponferrada;Spanish Federation 1A;32 (3);2752;6.93;Scouting Required;£250K - £950K;£2.7K - £3.7K p/w;30/6/2026;189 cm;Right-Footed;Reasonable;Very Strong;4.0;14.5;46.3;53.6;4.3;0.2;0.9;0.1;3.4;1.2;0.5;1.0;1.2;1.3;11.3;0.1;5.4;0.0;0;0;2;0.0;1.9;5.7;0.0;0.0;0.1;0.34;0.1;29;7;5;0;7.6;1.0;0.0;0.0;0.0;0.1;0;1.4;0;1;0.0;0.2;0.0;0.4;0.4;1.3;0.2;0.6
67227811;Simón Moreno;ST (C);ST (C);26;Spain;Intercity;Spanish Federation 1B;29 (7);2684;6.69;Scouting Required;£0;£725 - £1K p/w;30/6/2024;177 cm;Right-Footed;Reasonable;Very Strong;5.4;2.9;17.9;20.9;0.4;0.3;1.5;0.1;5.5;1.4;0.1;0.5;0.8;0.9;11.3;0.5;5.4;0.4;0;0;2;0.1;4.4;1.4;0.0;0.0;0.5;-1.39;0.3;41;21;3;0;5.8;0.0;0.4;0.1;0.0;0.5;0;1.4;0;18;0.0;0.3;0.0;0.5;0.8;1.7;0.0;0.1
67248422;Marcos Baselga;ST (C);AM (RL), ST (C);25;Spain;Sabadell;Spanish Federation 1A;33 (1);2634;7.02;Squad Player;£160K - £1.6M;£1.4K - £1.6K p/w;30/6/2025;180 cm;Right-Footed;Fairly Strong;Very Strong;12.8;2.9;19.2;21.7;1.0;0.6;1.0;0.1;6.6;1.9;0.0;0.3;0.9;1.3;11.9;0.5;6.1;0.6;0;0;2;0.2;5.8;2.0;0.0;0.0;0.3;5.83;0.3;22;56;0;0;7.9;0.0;0.6;0.2;0.0;0.5;0;1.6;0;16;0.0;0.6;0.0;0.8;1.1;2.1;0.0;0.0
27021400;Dario Đumić;D (C);D (C);32;Bosnia & Herzegovina;Eldense;Second Division;42;3780;6.95;Scouting Required;£130K - £1.3M;£1.6K - £2.4K p/w;30/6/2025;193 cm;Right-Footed;Reasonable;Very Strong;4.7;12.0;48.5;55.0;4.0;0.4;1.8;0.1;3.4;1.3;0.4;1.7;1.7;1.4;11.2;0.1;4.7;0.0;0;0;3;0.0;1.6;6.5;0.0;0.1;0.0;0.92;0.0;21;12;4;0;8.1;1.0;0.0;0.0;0.0;0.1;0;1.0;2;2;0.1;0.4;0.0;0.1;0.1;0.4;0.4;1.0
67237837;Juanjo Mateo;D (R);D (R);29;Spain;Melilla;Spanish Federation 1B;10 (22);1238;6.67;Scouting Required;£0;£250 - £370 p/w;30/6/2024;167 cm;Right-Footed Only;Weak;Very Strong;9.2;10.0;45.9;51.1;6.0;0.2;0.9;0.1;11.6;3.9;0.7;1.1;1.5;2.8;12.9;0.7;9.1;2.8;0;0;1;0.1;2.3;1.2;0.0;0.0;0.0;-0.04;0.0;11;9;4;0;3.5;0.1;2.8;0.1;0.0;0.0;0;0.7;0;0;0.0;0.2;0.0;0.1;0.0;0.1;0.1;0.1
67288448;Kike Hermoso;D (C);D (C);24;Spain;R. Majadahonda;Spanish Federation 1A;26 (4);2445;6.61;Scouting Required;£0;£300 - £410 p/w;30/6/2024;190 cm;Right-Footed;Fairly Strong;Very Strong;4.4;12.9;46.9;54.6;4.2;0.2;1.3;0.1;3.6;1.2;0.3;1.8;1.0;1.2;11.1;0.3;3.9;0.0;0;0;2;0.0;2.5;6.3;0.0;0.0;0.0;-0.1;0.0;16;8;1;0;8.8;1.1;0.0;0.0;0.0;0.0;0;1.2;1;0;0.0;0.2;0.0;0.0;0.0;0.1;0.1;0.4
19303820;Lucas Rosa;WB (R);D/WB (RL), M (R);24;Brazil;Valladolid;Second Division;10 (15);1215;6.54;Surplus to Requirements;£210K;£1.5K - £1.8K p/w;30/6/2025;176 cm;Right-Footed;Fairly Strong;Very Strong;14.7;7.4;32.1;37.7;3.9;1.2;1.6;0.1;10.7;2.9;0.7;1.0;2.3;2.1;14.0;1.6;15.9;4.2;0;0;1;0.4;1.6;1.8;0.0;0.0;0.0;-0.48;0.0;15;5;1;1;3.4;0.0;4.2;0.4;0.0;0.0;0;1.3;0;1;0.0;1.2;0.0;0.1;0.1;0.3;0.1;0.1
2000048331;Jesús Fernández;D (C);D (C), DM;24;Spain;Sabadell;Spanish Federation 1A;12 (15);1214;6.71;Scouting Required;£9K - £85K;£320 - £440 p/w;30/6/2025;185 cm;Right-Footed;Reasonable;Very Strong;5.3;11.3;60.0;65.4;5.1;0.3;1.3;0.1;4.2;1.3;0.4;1.6;1.7;1.0;11.2;0.0;5.0;0.1;0;0;1;0.0;2.1;3.7;0.0;0.0;0.0;-0.25;0.0;17;4;2;0;5.9;0.2;0.1;0.0;0.0;0.0;0;1.6;1;0;0.1;0.3;0.0;0.0;0.0;0.1;0.3;0.5
67173047;Florin Andone;ST (C);ST (C);31;Pays Basque;Eldense;Second Division;24 (3);2406;6.68;Scouting Required;£70K - £700K;£3.5K - £5K p/w;30/6/2025;180 cm;Right-Footed;Weak;Very Strong;13.1;2.7;17.8;21.2;0.5;0.2;1.9;0.1;7.6;1.6;0.1;0.3;1.2;1.3;12.1;1.6;6.8;0.3;0;0;2;0.0;7.2;3.6;0.0;0.0;0.3;1.99;0.3;42;58;1;0;10.8;0.1;0.3;0.0;0.0;0.4;0;0.7;0;20;0.1;0.2;0.0;0.8;1.1;2.4;0.0;0.0
67279752;Ignasi Vilarrasa;WB (L);D/WB/M/AM (L);24;Spain;Huesca;Second Division;28 (8);2378;6.59;Scouting Required;£130K;£1.1K - £1.6K p/w;30/6/2025;183 cm;Left-Footed Only;Very Strong;Weak;16.7;10.0;34.9;41.1;4.5;0.9;1.6;0.1;11.6;2.8;0.7;1.2;2.3;2.4;13.4;0.8;15.7;3.7;0;0;2;0.4;1.7;3.7;0.0;0.1;0.0;1.35;0.0;37;20;3;1;5.4;1.0;4.2;0.4;0.0;0.1;0;1.4;0;6;0.0;0.9;0.0;0.1;0.2;0.3;0.1;0.4
67295648;John Chetauya;DM;D (C), DM, M (C);23;Spain;Elche;Second Division;40 (2);3520;6.82;Fringe Player;£95K - £950K;£1.5K - £1.7K p/w;30/6/2025;185 cm;Right-Footed;Reasonable;Very Strong;4.1;12.4;53.1;58.5;4.5;0.4;1.1;0.1;3.9;1.2;0.4;1.6;1.2;1.5;11.1;0.1;5.3;0.4;0;0;3;0.1;2.6;6.0;0.0;0.0;0.0;-1.85;0.0;16;10;3;0;8.6;1.1;0.4;0.1;0.0;0.0;0;1.3;0;1;0.0;0.4;0.0;0.1;0.1;0.4;0.5;0.5
2000052957;Damián Noya;D (C);D (C), DM;22;Spain;Lugo;Spanish Federation 1A;11 (10);1162;6.63;Scouting Required;£170K - £650K;£750 - £1.1K p/w;30/6/2026;182 cm;Right-Footed;Fairly Strong;Very Strong;5.7;13.2;45.5;52.2;4.6;0.9;1.2;0.1;5.6;2.2;0.5;1.9;0.7;1.5;11.7;0.2;5.7;0.2;0;0;1;0.0;3.1;2.6;0.0;0.1;0.0;-0.07;0.0;6;2;0;0;5.7;0.5;0.2;0.0;0.0;0.0;0;0.8;0;0;0.1;0.9;0.0;0.1;0.0;0.2;0.0;0.4
67199156;Diego Alende;DM;D (C), DM;26;Spain;F.C. Andorra;Second Division;26 (5);2323;6.75;Scouting Required;£190K - £1.9M;£1.7K - £2.5K p/w;30/6/2025;183 cm;Right-Footed;Fairly Strong;Very Strong;3.1;14.4;64.5;70.1;5.1;0.2;1.5;0.1;2.8;1.1;0.2;1.2;1.6;1.3;10.9;0.1;5.0;0.1;0;0;2;0.0;2.6;3.3;0.0;0.0;0.0;-1.13;0.0;20;4;4;0;5.9;0.5;0.1;0.0;0.0;0.0;0;1.2;1;1;0.0;0.2;0.0;0.2;0.1;0.4;0.3;0.9
85141644;Kévin Appin;DM;DM, M (C);26;France;Burgos;Second Division;9 (21);1148;6.77;Scouting Required;£95K - £950K;£1.3K - £1.8K p/w;30/6/2025;177 cm;Right-Footed;Reasonable;Very Strong;4.6;11.2;48.3;52.9;5.1;1.7;1.3;0.1;9.9;2.2;0.7;1.1;1.3;2.0;12.5;0.7;10.5;0.2;0;0;1;0.0;1.4;1.0;0.0;0.1;0.2;-2.32;0.2;20;8;5;0;2.4;0.0;0.2;0.0;0.0;0.0;0;1.3;1;1;0.2;1.7;0.0;0.3;0.5;1.2;0.0;0.4
67200243;Juan Antonio Ros;DM;D (C), DM, M (C);28;Spain;Albacete;Second Division;41;3437;6.71;Scouting Required;£65K - £650K;£2.1K - £3.1K p/w;30/6/2025;188 cm;Right-Footed;Weak;Very Strong;7.0;11.8;44.9;50.9;4.0;0.7;1.0;0.1;10.1;2.7;0.4;1.2;1.4;1.9;13.2;0.7;11.1;0.3;0;0;3;0.1;1.9;2.7;0.0;0.0;0.0;-1.42;0.0;58;22;5;0;4.7;0.4;0.3;0.1;0.0;0.0;0;1.5;0;3;0.0;0.7;0.0;0.3;0.1;0.5;0.1;0.2
67146855;Aleix Coch;D (C);D (C);32;Spain;Leonesa;Spanish Federation 1A;24 (9);3325;6.86;Scouting Required;£6K - £55K;£1K - £1.6K p/w;30/6/2025;187 cm;Right-Footed;Fairly Strong;Very Strong;4.4;14.3;50.1;55.5;3.8;0.2;1.2;0.1;3.4;1.1;0.6;1.3;2.1;1.3;11.5;0.1;5.9;0.1;0;0;3;0.0;2.5;4.6;0.0;0.1;0.1;-1.34;0.1;17;6;7;0;7.1;0.7;0.1;0.0;0.0;0.0;0;1.4;0;0;0.1;0.2;0.0;0.2;0.1;0.6;0.3;0.7
2000024304;Ibaider Garriz;D (C);D (RC);23;Spain;Atlético Pamplona B;Spanish Federation 1A;36 (2);3311;6.68;Fringe Player;£0;£340 - £410 p/w;30/6/2024;186 cm;Right-Footed;Reasonable;Very Strong;9.9;15.0;41.4;50.3;4.4;0.6;1.5;0.1;5.5;1.8;0.3;1.5;1.6;1.4;11.9;0.3;10.4;1.4;0;0;3;0.1;1.8;6.5;0.0;0.0;0.1;-1.63;0.1;20;18;3;0;8.3;1.1;1.4;0.1;0.0;0.0;0;0.9;0;1;0.1;0.6;0.0;0.2;0.2;0.7;0.2;1.6
67263628;José Rivera;ST (C);AM (R), ST (C);24;Spain;Vigo B;Spanish Federation 1A;26 (5);2201;6.96;Surplus to Requirements;£0;£240 - £280 p/w;30/6/2024;180 cm;Right-Footed;Reasonable;Very Strong;18.0;4.7;27.9;33.2;2.2;1.2;1.1;0.1;10.0;2.3;0.3;1.2;2.0;1.4;11.9;3.3;8.9;4.5;0;0;2;0.8;3.9;3.4;0.0;0.0;0.2;2.78;0.1;34;28;3;0;7.3;0.0;4.5;0.8;0.0;0.3;0;1.3;0;3;0.0;1.2;0.0;0.3;0.7;1.4;0.0;0.0
67295022;Loïc Williams;D (C);D (LC);22;Spain;Tenerife;Second Division;12 (2);1092;6.87;Squad Player;£180K - £1.8M;£1.7K - £2K p/w;30/6/2025;188 cm;Left-Footed Only;Very Strong;Weak;6.8;12.4;45.0;53.5;4.2;0.4;1.4;0.1;5.1;1.6;0.8;1.9;1.8;1.5;12.0;0.3;7.7;0.7;0;0;1;0.0;2.0;5.2;0.0;0.0;0.1;-0.68;0.1;8;7;0;0;7.2;0.9;0.7;0.0;0.0;0.0;0;1.6;0;1;0.0;0.4;0.0;0.0;0.0;0.2;0.3;0.8
67293837;Abdoul Bandaogo;DM;DM, M (C);26;Burkina Faso;Melilla;Spanish Federation 1B;25 (3);2176;6.84;Scouting Required;£80K - £300K;£1K - £1.6K p/w;30/6/2025;192 cm;Right-Footed Only;Weak;Very Strong;8.7;8.9;65.8;72.7;3.9;0.4;1.0;0.1;12.3;2.9;0.4;2.0;2.1;2.2;13.1;0.5;9.7;0.4;0;0;2;0.1;2.1;1.7;0.0;0.0;0.0;-0.2;0.0;41;12;4;1;3.8;0.2;0.4;0.1;0.0;0.0;0;1.0;0;2;0.0;0.4;0.0;0.1;0.1;0.2;0.0;0.1
67144545;Álex Pérez;D (C);D (C), DM;32;Spain;Arenteiro;Spanish Federation 1A;32 (3);3252;6.70;Scouting Required;£40K - £150K;£390 - £550 p/w;30/6/2026;191 cm;Right-Footed;Weak;Very Strong;4.2;12.8;46.4;54.3;3.9;0.5;1.1;0.1;4.3;1.2;0.4;1.6;1.2;1.2;11.3;0.1;6.0;0.5;0;0;3;0.1;2.6;5.9;0.0;0.1;0.1;-2.69;0.1;27;10;8;0;8.5;0.8;0.5;0.1;0.0;0.0;0;1.1;0;1;0.1;0.5;0.0;0.2;0.1;0.6;0.2;0.5
67297733;Eneko Aguilar;DM;D (LC), DM;24;Spain;Atlético Pamplona B;Spanish Federation 1A;37;3250;6.77;Scouting Required;£110K;£600 - £875 p/w;30/6/2026;178 cm;Left-Footed;Very Strong;Reasonable;10.2;14.4;42.0;49.0;5.4;1.0;1.6;0.1;8.8;2.2;0.6;1.4;1.9;2.4;12.5;1.0;12.4;2.5;0;0;3;0.5;2.0;3.7;0.0;0.1;0.0;-1.25;0.0;30;37;3;0;5.7;0.5;2.6;0.6;0.0;0.0;0;0.9;0;3;0.1;1.9;0.0;0.1;0.0;0.4;0.1;0.9
67180427;Pablo Trigueros;D (C);D (C);31;Spain;Tarragona;Spanish Federation 1A;12 (18);3224;6.72;Fringe Player;£5K - £55K;£1.4K - £1.6K p/w;30/6/2025;178 cm;Right-Footed;Reasonable;Very Strong;3.9;15.0;50.6;57.6;3.6;0.2;1.1;0.1;2.6;0.9;0.6;1.4;1.7;1.2;11.2;0.1;5.2;0.1;0;0;3;0.0;2.3;4.1;0.0;0.1;0.1;-2.25;0.1;17;10;2;0;6.4;0.6;0.1;0.0;0.0;0.0;0;1.3;1;0;0.0;0.2;0.0;0.1;0.1;0.4;0.2;0.6
2000212586;Jorge Arechavaleta;D (C);D (LC);21;Spain;Mirandés;Second Division;12 (2);1074;6.65;Scouting Required;£45K - £450K;£850 - £1.3K p/w;30/6/2026;193 cm;Left-Footed Only;Very Strong;Weak;7.9;8.9;47.7;54.6;4.4;0.3;1.0;0.1;3.9;1.7;0.2;1.7;0.9;1.3;10.2;0.0;4.3;0.6;0;0;1;0.0;2.8;5.6;0.0;0.2;0.0;-0.07;0.0;10;0;4;0;8.4;1.3;0.6;0.0;0.0;0.0;0;1.2;0;1;0.2;0.3;0.0;0.0;0.0;0.1;0.3;0.5
67175347;Lolo González;D (C);D (C), DM, M (C);32;Spain;Ceuta;Spanish Federation 1B;36 (1);3186;6.86;Scouting Required;£0;£750 - £1.1K p/w;30/6/2024;186 cm;Right-Footed Only;Weak;Very Strong;7.7;9.2;60.2;66.8;5.6;0.5;1.2;0.1;5.9;1.6;0.6;1.7;1.1;1.4;12.3;0.1;8.2;0.3;0;0;3;0.0;1.8;4.7;0.0;0.0;0.2;-0.73;0.1;33;10;3;1;6.5;0.8;0.3;0.0;0.0;0.1;0;1.2;3;5;0.0;0.5;0.0;0.3;0.5;0.9;0.3;0.4
67246394;Gexan Elosegui;D (R);D (RC), WB (R);24;Spain;S.D. Logroñés;Spanish Federation 1A;37;3178;6.70;Important Player;£500K;£950 - £1.1K p/w;30/6/2025;180 cm;Right-Footed;Weak;Very Strong;12.0;11.3;42.1;48.3;4.8;0.8;1.6;0.1;7.2;2.0;0.4;1.2;2.0;2.0;12.0;0.7;11.6;1.7;0;0;3;0.2;2.6;3.1;0.0;0.0;0.1;-3.51;0.1;40;28;2;0;5.7;0.4;1.7;0.2;0.0;0.0;0;1.0;2;0;0.0;0.8;0.0;0.2;0.3;0.7;0.2;0.9
2000131530;Abdel Rahim Alhassane;D (L);D (L);22;Nigeria;Huelva;Spanish Federation 1B;38 (2);3157;6.71;Scouting Required;£110K - £1.1M;£750 - £1.1K p/w;30/6/2027;184 cm;Left-Footed;Very Strong;Reasonable;6.9;12.1;36.7;41.2;5.4;0.4;1.6;0.1;8.8;2.4;1.1;1.9;2.4;3.2;12.0;0.7;8.8;1.8;0;0;3;0.3;1.5;2.1;0.0;0.0;0.0;-0.39;0.0;24;14;3;0;3.6;0.3;1.9;0.3;0.0;0.0;0;0.9;0;0;0.0;0.4;0.0;0.2;0.0;0.3;0.2;0.3
67203884;Quique Fornos;D (R);D (RC);27;Spain;Leonesa;Spanish Federation 1A;36;3117;6.83;Scouting Required;£65K - £650K;£1.3K - £1.8K p/w;30/6/2025;181 cm;Right-Footed;Weak;Very Strong;12.1;13.2;43.1;48.0;5.0;0.5;1.2;0.1;7.2;1.9;0.7;1.1;2.7;2.6;12.1;0.8;11.9;2.0;0;0;3;0.2;1.7;2.9;0.0;0.0;0.1;-1.79;0.1;31;23;3;0;4.6;0.3;2.0;0.2;0.0;0.0;0;1.3;0;1;0.0;0.5;0.0;0.3;0.1;0.7;0.1;0.9
67258834;Carlos Beitia;DM;DM, M (C);24;Spain;Real Irún;Spanish Federation 1A;9 (19);1013;6.63;Scouting Required;£20K - £200K;£490 - £750 p/w;30/6/2025;185 cm;Right-Footed;Reasonable;Very Strong;7.2;9.7;46.6;51.5;3.5;1.2;1.4;0.1;10.2;2.5;0.3;0.9;1.3;2.0;12.5;0.6;8.8;0.4;0;0;1;0.0;2.7;2.3;0.0;0.2;0.1;0.24;0.1;14;9;2;0;5.0;0.0;0.4;0.0;0.0;0.1;0;1.3;1;0;0.0;1.2;0.0;0.2;0.1;0.4;0.0;0.1
55079802;Derick Poloni;AM (L);D/WB/M (L), AM (RL);30;Brazil;Eldense;Second Division;8 (17);1008;6.72;Scouting Required;£75K - £750K;£1.3K - £2K p/w;30/6/2025;173 cm;Left-Footed Only;Very Strong;Weak;15.9;8.5;35.4;41.2;4.5;0.6;1.3;0.1;9.8;2.2;0.8;1.0;2.8;2.2;12.9;1.9;14.8;2.7;0;0;1;0.2;3.3;1.7;0.0;0.1;0.2;-0.9;0.2;10;11;2;0;5.0;0.2;3.0;0.2;0.0;0.1;0;1.1;0;3;0.0;0.8;0.0;0.4;0.8;1.2;0.1;0.1
2000056905;Slavy;ST (C);ST (C);22;Spain;Unionistas;Spanish Federation 1A;0 (38);1004;6.67;Surplus to Requirements;£130K - £475K;£220 - £260 p/w;30/6/2024;182 cm;Right-Footed;Reasonable;Very Strong;20.5;1.3;19.3;21.9;0.4;0.7;1.5;0.1;7.4;1.4;0.1;0.5;0.5;0.6;11.3;0.5;5.6;0.5;0;0;1;0.0;7.7;5.1;0.0;0.1;0.4;0.71;0.4;11;14;2;0;12.8;0.0;0.5;0.0;0.0;0.4;0;1.5;0;5;0.2;0.7;0.0;1.3;1.6;3.5;0.0;0.0
67276357;Sabit Abdulai;DM;DM, M (C);25;Ghana;Murcia;Spanish Federation 1B;11 (13);1001;6.82;Scouting Required;£1K - £4K;£625 - £875 p/w;30/6/2024;185 cm;Right-Footed;Reasonable;Very Strong;8.8;9.3;56.5;64.4;4.0;0.4;1.7;0.1;10.3;3.0;0.1;2.0;1.4;3.2;13.4;0.4;7.1;0.5;0;0;1;0.1;1.4;3.7;0.0;0.0;0.0;-0.34;0.0;5;3;1;0;5.1;0.3;0.5;0.1;0.0;0.0;0;0.9;0;0;0.1;0.4;0.0;0.4;0.2;0.6;0.0;0.1
67228743;Fran Reguera;M (C);DM, M (C);28;Spain;R. Majadahonda;Spanish Federation 1A;11 (13);989;6.57;Scouting Required;£0;£250 - £360 p/w;30/6/2024;179 cm;Right-Footed;Weak;Very Strong;8.7;8.5;46.2;51.2;3.5;0.9;1.7;0.1;9.6;2.3;0.5;1.5;1.5;2.4;12.3;0.7;9.4;0.4;0;0;1;0.1;3.5;0.8;0.0;0.1;0.1;-0.61;0.1;20;3;1;0;4.4;0.3;0.4;0.1;0.0;0.0;0;1.0;0;0;0.0;0.9;0.0;0.3;0.2;0.5;0.1;0.2
67286174;Nil Jiménez;D (L);D/WB (L);24;Spain;Ponferrada;Spanish Federation 1A;11 (15);986;6.62;Scouting Required;£40K;£775 - £1.1K p/w;30/6/2026;184 cm;Left-Footed;Very Strong;Reasonable;21.5;10.7;30.9;36.4;3.6;0.9;1.4;0.1;10.4;2.6;0.4;1.5;2.2;2.5;12.6;1.6;12.6;7.3;0;0;1;0.5;2.5;2.2;0.0;0.1;0.0;-0.06;0.0;8;11;0;0;4.7;0.1;7.3;0.5;0.0;0.0;0;1.6;0;2;0.2;0.9;0.0;0.2;0.1;0.2;0.0;0.1
2000026040;Juanjo;DM;DM, M (C);24;Spain;Mérida;Spanish Federation 1B;8 (28);985;6.85;Scouting Required;£0 - £45K;£240 - £350 p/w;30/6/2024;174 cm;Right-Footed;Reasonable;Very Strong;10.1;7.9;53.6;61.4;5.0;0.7;1.9;0.1;10.8;3.5;0.5;2.2;1.3;1.8;13.9;0.7;11.4;0.3;0;0;1;0.1;2.1;2.4;0.0;0.1;0.2;1.77;0.1;11;7;0;0;4.5;0.3;0.3;0.1;0.0;0.4;0;1.1;0;0;0.1;0.7;0.0;1.0;0.5;1.5;0.0;0.2
67228632;Álex Martín;D (R);D (RC);26;Spain;Ferrol;Second Division;33 (2);2892;6.70;Fringe Player;£1.3M;£1.5K - £1.7K p/w;30/6/2025;183 cm;Right-Footed;Weak;Very Strong;3.7;12.6;47.3;51.9;3.8;0.4;1.5;0.1;3.2;1.2;0.6;1.6;1.5;1.1;11.5;0.2;5.1;0.5;0;0;3;0.2;2.6;4.4;0.0;0.0;0.0;-1.6;0.0;11;9;0;0;7.0;0.5;0.5;0.2;0.0;0.0;0;1.1;0;0;0.1;0.4;0.0;0.0;0.1;0.3;0.3;0.5
2000280914;Alin Serban;DM;DM;20;Spain;Huesca;Second Division;9 (10);955;6.59;Scouting Required;£170K - £1.7M;£1.9K - £2.6K p/w;30/6/2026;184 cm;Right-Footed;Reasonable;Very Strong;9.8;10.1;50.2;56.6;4.5;1.0;1.5;0.1;10.3;2.4;0.3;1.3;1.1;1.6;12.4;0.3;8.6;0.7;0;0;1;0.3;2.8;2.3;0.0;0.1;0.0;0.88;0.0;12;8;0;0;5.1;0.7;0.7;0.3;0.0;0.1;0;1.4;0;1;0.2;1.0;0.0;0.3;0.4;0.4;0.2;0.1
67055075;Javi Ros;DM;DM, M (C);34;Spain;R. Majadahonda;Spanish Federation 1A;29 (7);952;6.85;Fringe Player;£0 - £1.5K;£1.5K - £1.7K p/w;30/6/2024;173 cm;Right-Footed;Weak;Very Strong;9.8;11.4;38.3;43.8;2.6;0.5;1.1;0.1;11.8;2.5;0.7;1.4;2.7;2.1;12.6;0.8;9.7;0.1;0;0;1;0.0;3.5;0.6;0.0;0.0;0.1;0.05;0.0;8;5;0;0;4.1;0.0;0.3;0.0;0.0;0.1;0;1.5;0;0;0.2;0.6;0.0;0.1;0.2;0.4;0.1;0.4
12091718;Lassina Sangaré;D (C);D (RC), DM;22;Ivory Coast;Granada B;Spanish Federation 1B;33 (2);2848;6.69;Future Prospect;£0;£290 - £350 p/w;30/6/2024;183 cm;Right-Footed;Weak;Very Strong;8.7;9.1;46.6;53.1;5.1;0.6;2.0;0.1;11.9;2.9;0.5;1.9;1.6;1.9;13.0;0.5;9.6;0.6;0;0;3;0.1;1.7;1.6;0.0;0.0;0.0;-0.76;0.0;26;13;1;0;3.3;0.2;2.1;0.3;0.0;0.0;0;1.1;0;0;0.1;1.1;0.0;0.3;0.1;0.5;0.1;0.2
67232120;Mario Losada;ST (C);ST (C);27;Spain;Unionistas;Spanish Federation 1A;42;2843;6.79;Fringe Player;£0;£675 - £775 p/w;30/6/2024;175 cm;Right-Footed;Reasonable;Very Strong;17.2;2.2;20.4;23.4;0.7;0.7;1.2;0.1;5.9;1.7;0.3;0.7;1.1;1.1;11.5;1.4;5.2;0.9;0;0;3;0.3;8.4;3.3;0.0;0.0;0.3;4.56;0.3;50;66;1;0;11.7;0.1;1.4;0.3;0.0;0.5;0;1.6;0;22;0.0;0.7;0.0;0.9;1.4;2.5;0.0;0.0
67117323;Carlos Hernández;D (C);D (C);33;Spain;Eldense;Second Division;41 (2);3787;6.65;B Team Regular;£3.5K - £35K;£1.5K - £1.8K p/w;30/6/2024;185 cm;Right-Footed;Weak;Very Strong;4.5;11.4;51.6;58.4;3.8;0.2;1.8;0.1;2.7;1.2;0.7;1.7;1.3;1.1;11.4;0.1;5.2;0.2;0;0;4;0.0;2.4;4.7;0.0;0.1;0.1;-3.1;0.1;23;14;4;0;7.1;0.7;0.2;0.0;0.0;0.0;0;1.0;0;2;0.0;0.2;0.0;0.1;0.0;0.4;0.3;0.8
2000131424;Jon Gorrotxategi;DM;DM, M (C);22;Spain;Alcorcón;Second Division;5 (24);935;6.59;Scouting Required;£85K - £850K;£1.2K - £1.8K p/w;30/6/2026;177 cm;Right-Footed;Reasonable;Very Strong;6.2;10.0;45.0;49.5;3.8;0.9;0.6;0.1;10.4;2.9;0.4;1.2;1.7;2.3;12.6;0.5;10.1;0.4;0;0;1;0.1;1.9;0.5;0.0;0.0;0.0;-0.22;0.0;7;4;0;0;2.4;0.1;0.4;0.1;0.0;0.0;0;1.2;0;0;0.2;0.9;0.0;0.4;0.1;0.5;0.1;0.2
67157550;Dani Lasure;D (L);D/WB (L);30;Spain;Amorebieta;Second Division;42 (1);3729;6.86;Scouting Required;£180K - £1.8M;£1.8K - £2.7K p/w;30/6/2027;176 cm;Left-Footed;Very Strong;Weak;13.9;10.8;39.3;44.1;5.3;0.8;1.4;0.1;9.6;2.4;0.7;1.3;2.3;2.6;13.2;1.4;15.4;2.1;0;0;4;0.2;2.1;1.7;0.0;0.0;0.0;-1.45;0.0;44;39;4;0;3.8;0.2;2.2;0.3;0.0;0.0;0;1.0;0;1;0.1;0.9;0.0;0.1;0.0;0.2;0.2;0.4
86071986;Jovanny Bolívar;ST (C);ST (C);22;Venezuela;Huesca;Second Division;9 (21);1843;6.87;Squad Player;£240K - £2.4M;£1.4K - £1.7K p/w;30/6/2028;180 cm;Right-Footed;Weak;Very Strong;15.0;3.4;18.8;22.6;0.4;0.4;1.3;0.1;7.9;1.6;0.2;0.2;1.0;1.3;11.8;1.0;7.2;0.3;0;0;2;0.0;6.2;4.3;0.0;0.1;0.3;3.49;0.3;38;41;2;0;10.5;0.1;0.3;0.0;0.0;0.5;0;1.3;0;19;0.1;0.7;0.0;1.1;1.4;2.9;0.0;0.0
2000052044;David González;M (C);DM, M (C);22;Spain;R. Madrid B;Spanish Federation 1B;21 (8);1834;6.97;Scouting Required;£150K - £1.5M;£625 - £925 p/w;30/6/2024;180 cm;Right-Footed;Weak;Very Strong;10.0;8.9;60.6;66.8;3.9;0.7;0.8;0.1;10.1;2.5;0.5;1.6;2.1;2.4;13.8;1.0;11.9;1.0;0;0;2;0.3;1.6;1.2;0.0;0.1;0.1;-0.62;0.1;25;22;1;0;2.8;0.2;2.7;0.4;0.0;0.1;0;1.1;0;1;0.1;0.9;0.0;0.8;0.4;1.4;0.0;0.4
2000027185;Loren;M (R);D/WB/M/AM (R);25;Spain;Melilla;Spanish Federation 1B;22 (9);1831;6.62;Scouting Required;£0;£490 - £725 p/w;30/6/2024;168 cm;Right-Footed;Weak;Very Strong;10.0;9.8;37.6;42.5;4.6;0.5;1.2;0.1;14.2;3.6;0.6;1.3;2.4;2.7;13.1;2.1;14.7;3.3;0;0;2;0.6;2.8;0.9;0.0;0.1;0.0;-0.91;0.0;13;14;4;0;3.6;0.0;3.3;0.6;0.0;0.0;0;1.0;0;1;0.0;0.6;0.0;0.0;0.1;0.2;0.2;0.1
67184348;Gorka Santamaría;ST (C);ST (C);28;Spain;Tarragona;Spanish Federation 1A;40 (2);2715;6.81;Scouting Required;£100K - £1M;£1.4K - £2.1K p/w;30/6/2025;176 cm;Right-Footed;Weak;Very Strong;14.5;2.0;19.3;22.9;0.5;0.4;1.2;0.1;6.7;1.6;0.2;0.3;1.0;1.0;11.6;0.8;6.0;0.4;0;0;3;0.2;6.5;3.2;0.0;0.0;0.3;0.85;0.3;33;67;0;0;9.7;0.1;2.4;0.8;0.0;0.4;0;1.3;0;19;0.0;0.4;0.0;1.0;1.0;2.8;0.0;0.0
67196197;Mumo;M (C);DM, M (C);29;Spain;Burgos;Second Division;33 (5);2712;6.80;Squad Player;£45K - £130K;£2.4K - £2.8K p/w;30/6/2024;180 cm;Right-Footed;Reasonable;Very Strong;6.0;12.2;45.6;51.2;4.8;1.1;1.2;0.1;10.0;2.6;0.6;0.8;1.9;2.5;12.7;0.8;11.2;0.3;0;0;3;0.0;1.7;2.2;0.0;0.0;0.0;-1.31;0.0;49;26;6;0;3.9;0.3;0.3;0.0;0.0;0.0;0;1.2;0;2;0.0;1.1;0.0;0.2;0.1;0.6;0.0;0.2
67291886;Capa;D (R);D (RC), WB (R);25;Pays Basque;Ceuta;Spanish Federation 1B;30 (8);2711;6.78;Fringe Player;£0 - £35K;£430 - £500 p/w;30/6/2024;183 cm;Right-Footed Only;Weak;Very Strong;8.1;10.1;48.5;53.3;4.5;0.5;1.2;0.1;6.0;2.0;0.7;2.0;2.1;1.6;12.1;0.5;10.0;3.2;0;0;3;0.3;2.6;2.5;0.0;0.1;0.0;1.65;0.0;20;8;3;0;5.0;0.4;3.2;0.3;0.0;0.1;0;1.3;1;2;0.0;0.5;0.0;0.1;0.1;0.1;0.3;0.4
67144726;Dani Pichín;ST (C);AM (C), ST (C);32;Spain;Tarazona;Spanish Federation 1A;10 (17);897;6.71;Scouting Required;£22K - £210K;£675 - £950 p/w;30/6/2027;162 cm;Right-Footed;Reasonable;Very Strong;15.4;2.1;19.2;23.3;0.3;0.2;1.2;0.1;7.5;1.9;0.1;0.5;1.3;1.6;11.5;1.5;5.6;0.5;0;0;1;0.2;7.7;2.6;0.0;0.1;0.3;1.69;0.3;15;19;0;0;10.3;0.0;0.5;0.2;0.0;0.5;0;1.1;0;12;0.0;0.2;0.0;1.0;1.1;2.3;0.0;0.0
67297972;Raúl Prada;D (L);D (LC);23;Spain;Mérida;Spanish Federation 1B;32 (1);2667;6.66;Scouting Required;£35K - £350K;£1.1K - £1.6K p/w;30/6/2026;181 cm;Left-Footed;Very Strong;Reasonable;7.0;11.6;53.6;58.7;4.0;0.4;1.4;0.1;9.0;2.6;0.9;1.4;2.2;3.4;12.3;0.4;13.5;1.3;0;0;3;0.1;1.7;2.6;0.0;0.1;0.0;-0.15;0.0;53;15;6;0;4.3;0.6;1.3;0.1;0.0;0.0;0;1.0;1;1;0.0;0.5;0.0;0.1;0.1;0.2;0.0;0.2
67276003;Diego Barri;DM;DM, M (C);28;Spain;Leonesa;Spanish Federation 1A;34;2660;6.75;Scouting Required;£18K - £190K;£1.6K - £2.2K p/w;30/6/2025;188 cm;Right-Footed;Reasonable;Very Strong;7.2;13.0;45.8;52.0;4.5;0.9;1.2;0.1;11.1;3.2;0.4;1.0;1.5;2.4;12.7;0.7;12.0;0.5;0;0;3;0.1;2.1;1.7;0.0;0.1;0.1;-2.19;0.1;33;27;5;0;3.8;0.2;0.6;0.1;0.0;0.0;0;1.3;0;0;0.1;0.9;0.0;0.3;0.1;0.7;0.2;0.2
67154282;Chema;D (C);D (C);32;Spain;Alcorcón;Second Division;41;3521;6.82;Scouting Required;£100K - £1M;£3.5K - £4.7K p/w;30/6/2025;189 cm;Left-Footed Only;Very Strong;Weak;3.7;16.0;51.2;55.6;3.6;0.1;1.2;0.1;2.8;0.8;0.7;1.1;1.4;0.8;11.3;0.1;5.1;0.2;0;0;4;0.0;1.8;5.8;0.0;0.1;0.0;0.08;0.0;27;13;9;0;7.6;0.9;0.2;0.0;0.0;0.0;0;1.1;0;1;0.0;0.1;0.0;0.0;0.1;0.2;0.3;0.8
67297817;Óscar Rivas;D (C);D (C);24;Spain;Alcorcón;Second Division;6 (8);876;6.78;Scouting Required;£170K - £650K;£1.4K - £2K p/w;30/6/2027;193 cm;Right-Footed;Fairly Strong;Very Strong;4.8;14.4;52.1;58.3;3.7;0.3;0.9;0.1;2.5;1.0;0.3;1.2;2.2;0.9;10.7;0.1;4.2;0.1;0;0;1;0.0;2.5;6.1;0.0;0.0;0.1;-0.99;0.1;5;1;2;0;8.5;1.1;0.1;0.0;0.0;0.0;0;1.1;0;0;0.1;0.3;0.0;0.1;0.3;0.5;0.1;0.5
2000189207;Gastón Valles;ST (C);ST (C);23;Uruguay;Ponferrada;Spanish Federation 1A;22 (12);1744;6.68;Surplus to Requirements;£14K - £140K;£575 - £675 p/w;30/6/2026;178 cm;Left-Footed;Very Strong;Reasonable;21.9;1.2;17.8;21.7;0.7;0.5;1.3;0.1;5.2;1.4;0.1;0.5;1.0;0.9;11.2;1.0;4.9;0.8;0;0;2;0.2;9.2;1.5;0.0;0.1;0.4;-3.05;0.4;22;42;0;0;10.7;0.1;0.8;0.2;0.0;0.3;0;1.1;0;17;0.1;0.5;0.0;0.9;1.5;3.0;0.1;0.0
2000103290;Musa;ST (C);AM (RL), ST (C);22;Spain;Algeciras;Spanish Federation 1B;19 (7);1740;6.67;Scouting Required;£130K - £1.3M;£575 - £850 p/w;30/6/2024;188 cm;Right-Footed;Weak;Very Strong;5.1;4.1;17.8;20.0;0.6;0.6;1.3;0.1;5.9;1.5;0.1;0.3;1.2;1.6;12.3;0.8;6.1;0.5;0;0;2;0.1;8.2;2.4;0.0;0.0;0.4;-1.46;0.4;35;21;3;0;10.6;0.1;0.5;0.1;0.0;0.4;0;1.1;0;7;0.0;0.6;0.0;0.4;1.1;2.3;0.0;0.0
67279507;Adrián Gómez;D (C);D (C);21;Spain;Huelva;Spanish Federation 1B;19;1735;6.74;Scouting Required;£14K - £150K;£200 - £280 p/w;30/6/2025;186 cm;Right-Footed;Reasonable;Very Strong;6.6;8.0;49.5;55.9;3.3;0.2;1.4;0.1;2.3;1.1;0.6;2.6;1.6;0.9;10.8;0.0;3.5;0.1;0;0;2;0.0;1.6;2.9;0.0;0.0;0.0;0.18;0.0;3;1;1;0;4.5;0.2;0.1;0.0;0.0;0.1;0;0.9;0;0;0.1;0.2;0.0;0.1;0.1;0.2;0.3;0.6
70103049;Saturday Erimuya;D (C);D (C);26;Nigeria;Ceuta;Spanish Federation 1B;28 (3);2577;6.88;Scouting Required;£0;£340 - £500 p/w;30/6/2024;190 cm;Right-Footed Only;Weak;Very Strong;6.6;8.8;65.0;70.6;5.0;0.2;1.1;0.1;1.7;0.6;0.5;2.7;1.2;1.0;10.9;0.0;3.3;0.1;0;0;3;0.0;1.3;4.3;0.0;0.0;0.0;-0.78;0.0;13;0;4;0;5.6;0.7;0.1;0.0;0.0;0.0;0;1.2;0;1;0.0;0.2;0.0;0.0;0.2;0.4;0.3;0.5
28116495;Armando Shashoua;AM (C);M/AM (C);23;England;A. Baleares;Spanish Federation 1B;29 (3);2549;6.75;Important Player;£16K - £160K;£1.8K - £2.2K p/w;30/6/2024;178 cm;Right-Footed;Fairly Strong;Very Strong;10.4;8.4;41.2;47.2;3.8;1.0;1.9;0.1;11.0;2.7;0.3;0.9;2.4;1.8;12.6;2.0;8.2;1.0;0;0;3;0.1;2.5;0.6;0.0;0.1;0.1;0.15;0.1;23;27;2;0;3.1;0.0;3.0;0.3;0.0;0.1;0;1.2;0;1;0.1;1.3;0.0;0.8;0.2;1.0;0.0;0.0
67067064;David Timor;M (C);M/AM (C);34;Spain;Eldense;Second Division;21 (2);1696;6.86;Scouting Required;£70K;£2K - £3.1K p/w;30/6/2025;185 cm;Left-Footed;Very Strong;Reasonable;12.5;9.8;39.8;44.9;4.0;1.5;2.1;0.1;11.2;2.5;0.3;0.8;1.5;2.0;12.1;0.7;8.7;0.7;0;0;2;0.1;2.7;2.5;0.0;0.1;0.0;-0.92;0.0;31;12;2;0;5.1;0.1;0.7;0.1;0.0;0.0;0;1.0;0;1;0.1;1.5;0.0;0.2;0.3;0.7;0.2;0.0
86017958;Víctor García;D (R);D/WB/M (R);30;Venezuela;Leonesa;Spanish Federation 1A;10 (9);841;6.68;Scouting Required;£50K - £475K;£1.1K - £1.6K p/w;30/6/2025;178 cm;Right-Footed;Weak;Very Strong;14.7;12.0;37.2;43.3;4.0;0.9;0.7;0.1;7.8;2.5;0.3;1.8;1.8;2.8;12.6;1.6;14.8;3.4;0;0;1;0.1;1.5;3.4;0.0;0.1;0.2;-0.55;0.2;7;9;0;0;4.9;0.3;3.4;0.1;0.0;0.1;0;1.2;1;0;0.1;0.9;0.0;0.3;0.2;1.1;0.2;0.9
67197750;Alberto Villapalos;DM;D (C), DM, M (C);29;Spain;A. Baleares;Spanish Federation 1B;38;3345;6.64;Scouting Required;£0 - £4.5K;£850 - £1.3K p/w;30/6/2024;191 cm;Right-Footed Only;Weak;Very Strong;5.7;7.9;39.2;44.2;3.3;0.4;1.8;0.1;8.5;2.1;0.6;1.2;1.3;2.0;13.0;0.1;8.4;0.2;0;0;4;0.1;1.4;1.8;0.0;0.0;0.0;0.88;0.0;64;10;4;1;3.2;0.3;0.2;0.1;0.0;0.1;0;1.4;0;2;0.0;0.4;0.0;0.3;0.1;0.5;0.1;0.2
67213803;Admonio;D (C);D (RC);30;Guinea-Bissau;Algeciras;Spanish Federation 1B;7 (15);835;6.83;Scouting Required;£0;£220 - £340 p/w;30/6/2024;183 cm;Right-Footed Only;Weak;Very Strong;7.3;13.0;52.3;58.7;3.3;0.3;1.7;0.1;3.2;0.4;0.5;2.3;2.0;1.7;12.3;0.2;6.5;0.6;0;0;1;0.1;1.3;6.3;0.0;0.0;0.0;0.8;0.0;8;0;0;0;7.5;1.3;0.6;0.1;0.0;0.1;0;1.8;0;1;0.0;0.3;0.0;0.0;0.2;0.2;0.4;0.5
67240618;Pablo Bobadilla;D (C);D (C);27;Spain;Ibiza;Spanish Federation 1B;7 (13);823;6.77;Fringe Player;£24K - £230K;£1.6K - £1.8K p/w;30/6/2025;187 cm;Right-Footed Only;Weak;Very Strong;3.8;9.7;57.2;61.0;3.8;0.1;1.7;0.1;1.6;0.7;0.3;1.4;2.2;0.7;11.4;0.1;3.9;0.0;0;0;1;0.0;1.7;3.6;0.0;0.0;0.0;0.56;0.0;3;0;1;0;5.4;0.8;0.0;0.0;0.0;0.1;0;1.7;0;0;0.0;0.1;0.0;0.1;0.2;0.4;0.0;0.3
67210521;Miguel Loureiro;WB (R);D/WB (R);27;Spain;Huesca;Second Division;25 (11);2463;6.73;Regular Starter;£750K;£1.6K - £1.9K p/w;30/6/2025;172 cm;Right-Footed;Weak;Very Strong;11.9;11.4;33.8;39.5;3.9;0.9;1.5;0.1;10.3;2.7;0.5;1.3;2.9;2.8;13.2;1.5;16.6;3.8;0;0;3;0.5;2.9;1.8;0.0;0.1;0.0;-0.99;0.0;31;18;1;0;4.6;0.1;3.8;0.5;0.0;0.0;0;1.5;0;4;0.1;0.9;0.0;0.1;0.0;0.3;0.3;0.3
2000125162;Raúl Chasco;D (L);D (L);20;Spain;Valladolid;Second Division;10 (5);816;6.83;Future Prospect;£300K;£320 - £380 p/w;30/6/2025;177 cm;Left-Footed;Very Strong;Reasonable;18.6;11.4;40.3;47.1;5.3;1.2;0.7;0.1;6.6;1.7;0.7;3.2;1.4;2.4;12.2;0.6;11.7;3.0;0;0;1;0.3;1.8;3.0;0.0;0.1;0.0;0.7;0.0;12;4;2;0;4.7;0.6;3.2;0.3;0.0;0.1;0;2.0;0;0;0.0;1.2;0.0;0.2;0.2;0.3;0.1;0.0
67245231;Alejandro Sotillos;D (R);D (RC);26;Spain;Fuenlabrada;Spanish Federation 1A;36 (1);3246;6.95;Important Player;£60K - £600K;£2.6K - £3K p/w;30/6/2026;178 cm;Right-Footed;Reasonable;Very Strong;3.0;17.5;55.0;59.8;4.7;0.3;1.1;0.1;4.7;1.7;0.3;0.9;1.7;1.8;11.5;0.3;6.6;0.6;0;0;4;0.1;2.1;3.5;0.0;0.1;0.1;-0.78;0.1;29;12;4;1;5.6;0.5;0.6;0.1;0.0;0.1;0;1.3;0;1;0.0;0.3;0.0;0.1;0.1;0.5;0.4;0.9
67140239;Borja López;D (C);D (C);30;Spain;Leganés;Second Division;18 (6);1605;6.70;B Team Regular;£30K - £300K;£5.25K - £6K p/w;30/6/2025;190 cm;Left-Footed;Very Strong;Weak;4.3;11.5;55.5;62.0;4.1;0.1;1.6;0.1;4.1;1.3;0.6;1.8;1.5;1.4;10.8;0.2;5.0;0.2;0;0;2;0.0;2.4;5.6;0.0;0.1;0.1;-1.37;0.1;13;3;2;0;8.0;1.2;0.2;0.0;0.0;0.0;0;0.9;0;1;0.0;0.1;0.0;0.1;0.1;0.4;0.3;0.6
67215758;Pelayo Suárez;D (C);D (C);25;Spain;R. Majadahonda;Spanish Federation 1A;36 (1);3166;6.69;Scouting Required;£0 - £5K;£600 - £925 p/w;30/6/2024;182 cm;Right-Footed;Reasonable;Very Strong;3.8;15.0;52.4;58.9;3.6;0.3;1.3;0.1;3.3;1.3;0.5;1.5;1.1;1.3;11.2;0.2;4.7;0.1;0;0;4;0.0;1.7;4.9;0.0;0.0;0.1;-1.78;0.1;31;10;4;0;6.6;0.7;0.1;0.0;0.0;0.0;0;1.1;0;2;0.0;0.3;0.0;0.2;0.2;0.9;0.4;0.7
67258680;Oier Luengo;DM;D (RC), DM, M (C);26;Spain;Oviedo;Second Division;7 (6);791;6.73;Scouting Required;£0;£1.4K - £2.1K p/w;30/6/2024;183 cm;Right-Footed;Reasonable;Very Strong;7.5;13.2;50.3;54.7;4.2;0.6;0.9;0.1;5.5;2.2;0.5;1.5;1.5;1.9;12.1;0.2;9.1;0.6;0;0;1;0.0;2.4;3.6;0.0;0.1;0.1;-0.46;0.1;5;1;0;0;6.0;0.8;0.6;0.0;0.0;0.0;0;1.1;0;0;0.0;0.6;0.0;0.1;0.2;0.5;0.2;0.8
67277831;Jon Guruzeta;AM (L);M (RL), AM (RLC);24;Spain;Sestao;Spanish Federation 1A;3 (19);791;6.96;Scouting Required;£5K - £50K;£550 - £750 p/w;30/6/2025;185 cm;Right-Footed;Reasonable;Very Strong;18.8;2.6;27.4;32.8;2.3;1.0;0.9;0.1;11.0;3.1;1.0;1.3;1.1;2.0;12.0;3.8;10.6;3.4;0;0;1;0.3;5.0;1.8;0.0;0.0;0.3;-1.57;0.3;6;7;0;0;6.8;0.0;3.4;0.3;0.0;0.1;0;0.8;0;1;0.2;1.0;0.0;0.9;0.3;2.4;0.0;0.0
67238448;Sergio Camus;D (R);D (RLC);27;Spain;Unionistas;Spanish Federation 1A;45;3908;6.86;B Team Regular;£0;£310 - £360 p/w;30/6/2024;176 cm;Right-Footed;Weak;Very Strong;12.0;13.3;38.4;44.9;5.1;0.8;1.2;0.1;7.5;2.0;0.7;1.5;2.6;2.0;12.2;1.0;13.8;2.8;0;0;5;0.5;2.2;4.7;0.0;0.1;0.1;-1.75;0.1;33;25;1;0;6.9;0.6;2.8;0.5;0.0;0.1;0;1.6;0;3;0.1;0.8;0.0;0.2;0.2;0.9;0.2;0.6
67258717;Ricard Pujol;D (C);D (LC), WB (L);26;Spain;Sabadell;Spanish Federation 1A;12 (18);3089;6.82;Scouting Required;£0;£850 - £1.2K p/w;30/6/2024;185 cm;Left-Footed Only;Very Strong;Weak;9.7;14.9;51.5;57.5;7.2;0.7;1.0;0.1;5.6;1.8;1.1;1.3;2.3;1.6;11.9;0.4;10.8;2.4;0;0;4;0.4;2.0;3.2;0.0;0.1;0.0;-1.07;0.0;35;14;10;0;5.2;0.3;2.5;0.4;0.0;0.0;0;1.4;0;0;0.1;0.7;0.0;0.1;0.1;0.3;0.3;0.6
67202351;Pibe;AM (L);M (L), AM (LC);28;Argentina;Arenteiro;Spanish Federation 1A;38;3072;7.02;Star Player;£24K - £230K;£975 - £1.1K p/w;30/6/2025;177 cm;Left-Footed;Very Strong;Reasonable;18.1;4.4;24.8;29.1;2.1;1.2;1.1;0.1;11.6;3.4;0.1;0.8;1.7;2.6;12.3;2.7;13.2;3.8;0;0;4;0.4;5.3;1.0;0.0;0.1;0.2;-0.23;0.2;50;58;1;0;6.3;0.0;3.8;0.4;0.0;0.2;0;1.1;0;16;0.1;1.2;0.0;0.6;0.8;1.9;0.0;0.0
67269604;Edu Espiau;ST (C);AM (RL), ST (C);29;Spain;Burgos;Second Division;6 (32);1521;6.83;Scouting Required;£130K - £1.3M;£1.8K - £2.6K p/w;30/6/2025;185 cm;Right-Footed;Reasonable;Very Strong;20.8;4.9;25.5;29.6;1.5;0.8;1.8;0.1;12.2;2.9;0.5;0.9;2.4;2.7;12.8;1.4;14.1;3.4;0;0;2;0.5;4.1;2.9;0.0;0.1;0.4;0.07;0.4;26;33;2;0;7.0;0.1;3.4;0.5;0.0;0.4;0;1.3;0;7;0.1;0.8;0.0;0.7;1.4;3.1;0.1;0.0
55079861;James Igbekeme;M (C);DM, M (LC);28;Nigeria;Ponferrada;Spanish Federation 1A;7 (8);753;6.79;Regular Starter;£1M;£2.1K - £2.5K p/w;30/6/2025;170 cm;Left-Footed Only;Very Strong;Weak;6.7;10.0;42.8;49.5;3.7;0.8;1.4;0.1;9.2;2.0;0.1;1.1;1.6;1.6;13.5;0.5;12.2;0.5;0;0;1;0.0;2.5;0.2;0.0;0.0;0.1;-0.48;0.1;11;6;1;0;2.7;0.0;0.5;0.0;0.0;0.0;0;1.3;0;0;0.2;0.8;0.0;0.1;0.4;0.7;0.0;0.0
67294790;Clau Mendes;ST (C);AM (R), ST (C);23;Spain;Cornellà;Spanish Federation 1A;36 (2);3000;6.80;Scouting Required;£0 - £9K;£1.2K - £1.7K p/w;30/6/2024;180 cm;Left-Footed;Very Strong;Weak;18.0;2.2;19.1;22.2;1.1;0.8;1.3;0.1;7.0;2.1;0.1;0.6;1.0;1.5;11.3;0.8;6.5;0.6;0;0;4;0.0;6.7;3.2;0.0;0.1;0.3;1.36;0.3;28;99;1;0;9.9;0.1;0.7;0.0;0.0;0.3;0;0.8;0;11;0.1;0.8;0.0;0.6;1.1;2.0;0.0;0.0
2000146627;Curro;M (C);DM, M (C);24;Spain;Arenteiro;Spanish Federation 1A;40 (1);3000;6.90;Scouting Required;£0;£400 - £600 p/w;30/6/2024;183 cm;Right-Footed;Weak;Very Strong;5.1;11.4;43.2;48.8;4.2;1.1;1.1;0.1;9.9;2.7;0.4;1.0;1.4;1.9;12.5;0.8;10.0;0.8;0;0;4;0.3;2.6;2.3;0.0;0.1;0.0;-1.65;0.0;43;13;1;0;4.9;0.5;0.8;0.3;0.0;0.0;0;1.1;0;0;0.1;1.1;0.0;0.3;0.0;0.6;0.1;0.2
2000110105;Manu Pedreño;D (C);D (C);23;Spain;Tarazona;Spanish Federation 1A;34 (1);2982;6.79;Fringe Player;£85K - £300K;£925 - £1.1K p/w;30/6/2025;190 cm;Right-Footed;Reasonable;Very Strong;5.6;13.9;48.3;57.4;4.4;0.5;1.2;0.1;3.1;1.4;0.3;1.6;1.5;1.1;11.0;0.1;4.6;0.3;0;0;4;0.0;2.0;5.6;0.0;0.0;0.0;-0.89;0.0;21;10;1;0;7.7;0.5;0.3;0.0;0.0;0.0;0;1.0;0;2;0.0;0.5;0.0;0.2;0.0;0.4;0.4;0.6
67240042;Pablo Vázquez;DM;D (C), DM, M (C);29;Spain;Coruña;Spanish Federation 1A;13 (18);1490;6.80;Scouting Required;£130K - £1.3M;£2.3K - £3.2K p/w;30/6/2026;184 cm;Right-Footed Only;Weak;Very Strong;5.3;12.8;51.0;57.3;5.4;1.0;0.7;0.1;6.8;2.0;0.6;1.2;1.4;1.6;12.3;0.1;9.2;0.3;0;0;2;0.1;1.6;3.0;0.0;0.1;0.1;-0.89;0.1;7;4;0;0;4.6;0.4;0.5;0.2;0.0;0.0;0;1.6;0;0;0.0;1.1;0.0;0.3;0.1;0.6;0.2;0.4
2000125167;Dani Merchán;WB (L);D/WB (L);22;Spain;Algeciras;Spanish Federation 1B;16 (4);1471;6.58;Scouting Required;£500 - £4.5K;£500 - £700 p/w;30/6/2026;180 cm;Left-Footed Only;Very Strong;Weak;11.9;13.6;36.7;44.0;5.6;0.7;1.5;0.1;10.8;2.9;0.9;2.2;2.9;3.9;13.4;1.1;9.9;3.5;0;0;2;0.3;1.9;2.8;0.0;0.1;0.0;-0.39;0.0;36;5;5;1;4.7;0.2;3.7;0.3;0.0;0.0;0;1.0;1;0;0.0;0.7;0.0;0.4;0.2;0.4;0.5;0.1
2000126403;Marvel;D (C);D (C);21;Morocco;R. Madrid B;Spanish Federation 1B;33 (1);2936;7.05;Scouting Required;£70K - £700K;£1.2K - £1.7K p/w;30/6/2025;184 cm;Left-Footed Only;Very Strong;Weak;6.0;11.4;61.7;67.3;7.0;0.3;0.8;0.1;3.2;0.9;0.7;1.6;1.7;1.3;11.5;0.2;6.1;0.1;0;0;4;0.0;1.3;5.1;0.0;0.0;0.0;1.1;0.0;26;1;4;0;6.4;1.0;0.1;0.0;0.0;0.1;0;1.4;0;0;0.0;0.3;0.0;0.1;0.1;0.4;0.1;0.3
2000037483;Rafa Roldán;D (R);D (R);23;Spain;Algeciras;Spanish Federation 1B;5 (20);732;6.65;Scouting Required;£7K - £70K;£470 - £725 p/w;30/6/2025;173 cm;Right-Footed Only;Very Weak;Very Strong;10.8;12.4;39.3;46.2;6.6;0.6;1.5;0.1;8.4;1.5;0.9;1.8;2.5;2.5;13.7;0.7;14.9;4.3;0;0;1;0.4;3.0;2.8;0.0;0.0;0.0;-0.07;0.0;8;3;0;0;5.8;0.5;4.4;0.4;0.0;0.0;0;1.2;1;0;0.1;0.6;0.0;0.1;0.1;0.2;0.0;0.1
67179238;Cristian Salvador;DM;DM, M (C);29;Spain;Elche;Second Division;34 (6);2918;6.81;Regular Starter;£250K - £2.6M;£2.7K - £3.2K p/w;30/6/2025;183 cm;Right-Footed;Reasonable;Very Strong;8.1;10.1;49.3;54.7;5.1;1.0;0.9;0.1;9.3;2.8;0.3;0.7;1.5;2.3;13.8;0.8;12.9;0.5;0;0;4;0.1;1.9;1.9;0.0;0.1;0.1;0.42;0.1;48;17;6;0;3.9;0.4;0.5;0.1;0.0;0.1;0;1.4;0;3;0.1;1.0;0.0;0.1;0.2;0.6;0.0;0.2
2000211679;Jeremy de León;AM (R);AM (RL);20;Pays Basque;R. Madrid B;Spanish Federation 1B;6 (14);727;6.75;Scouting Required;£110K - £1.1M;£1K - £1.5K p/w;30/6/2027;173 cm;Left-Footed;Very Strong;Reasonable;14.7;4.3;43.2;49.0;3.5;0.5;0.6;0.1;9.8;1.2;0.2;0.2;0.7;2.7;13.5;4.1;12.9;2.6;0;0;1;0.1;2.6;1.1;0.0;0.1;0.2;-1;0.2;10;11;0;0;3.7;0.0;3.8;0.2;0.0;0.1;0;1.7;0;1;0.1;0.6;0.0;0.5;0.7;1.6;0.0;0.0
67276231;Álvaro Núñez;D (R);D/WB (R);23;Spain;Amorebieta;Second Division;41;3611;6.79;Scouting Required;£80K - £800K;£2.7K - £3.7K p/w;30/6/2029;177 cm;Right-Footed;Weak;Very Strong;14.4;12.0;40.4;46.7;4.9;0.7;1.4;0.1;8.5;2.6;0.7;1.1;2.6;2.7;12.6;1.4;14.6;2.2;0;0;5;0.2;2.1;2.1;0.0;0.1;0.0;-0.9;0.0;45;37;8;0;4.3;0.1;2.2;0.2;0.0;0.0;0;0.9;0;0;0.0;0.7;0.0;0.1;0.1;0.4;0.2;0.8
67203914;Jonan Amelibia;D (C);D (RC);30;Spain;Sabadell;Spanish Federation 1A;40 (2);3600;6.84;Scouting Required;£90K - £900K;£1.6K - £2.3K p/w;30/6/2026;181 cm;Right-Footed;Reasonable;Very Strong;4.2;14.5;57.9;63.0;4.8;0.2;1.1;0.1;3.5;1.1;0.5;1.6;1.9;1.3;11.0;0.2;4.6;0.1;0;0;5;0.0;1.9;5.8;0.0;0.1;0.1;-0.65;0.1;42;21;11;0;7.7;0.8;0.1;0.0;0.0;0.1;0;1.4;1;1;0.0;0.2;0.0;0.1;0.1;0.5;0.3;0.7
67256343;Pep Calavera;DM;DM, M (C);24;Spain;Castellón;Spanish Federation 1B;35 (1);2875;6.93;Fringe Player;£26K - £250K;£1.3K - £1.5K p/w;30/6/2025;179 cm;Right-Footed;Weak;Very Strong;6.9;7.7;73.0;78.5;4.6;0.5;1.3;0.1;9.5;2.6;0.3;0.5;1.8;1.6;13.0;0.8;8.1;0.2;0;0;4;0.0;1.1;1.3;0.0;0.1;0.1;-2.65;0.1;36;14;1;0;2.4;0.3;0.2;0.0;0.0;0.0;0;1.6;0;0;0.1;0.5;0.0;0.5;0.5;0.9;0.1;0.2
2000126407;Raúl Asencio;D (C);D (C);21;Spain;R. Madrid B;Spanish Federation 1B;32 (4);2872;6.90;Youngster;£10K - £95K;£975 - £1.1K p/w;30/6/2024;184 cm;Right-Footed Only;Weak;Very Strong;4.9;9.7;60.5;65.6;4.9;0.2;0.8;0.1;2.8;0.9;0.5;1.7;1.4;1.5;10.8;0.0;4.2;0.0;0;0;4;0.0;1.6;3.6;0.0;0.0;0.0;-0.55;0.0;13;2;2;0;5.3;0.5;0.0;0.0;0.0;0.0;0;1.4;0;1;0.0;0.2;0.0;0.0;0.2;0.2;0.3;0.3
67295208;Mikel Goti;AM (L);M (L), AM (RLC);22;Spain;Real San Sebastián B;Spanish Federation 1A;16 (7);1421;6.79;Scouting Required;£130K - £1.3M;£625 - £850 p/w;30/6/2024;183 cm;Left-Footed;Very Strong;Reasonable;17.9;8.2;28.9;34.2;2.2;1.4;1.3;0.1;8.5;2.3;0.3;0.8;1.5;1.5;12.6;2.3;9.4;1.3;0;0;2;0.1;6.9;1.0;0.0;0.1;0.1;-2.09;0.1;10;19;0;0;7.9;0.0;1.3;0.1;0.0;0.0;0;0.8;0;4;0.1;1.4;0.0;0.3;0.4;1.0;0.0;0.1
67142528;Willy;ST (C);ST (C);35;Spain;Lugo;Spanish Federation 1A;21 (13);2126;6.74;Scouting Required;£12K - £110K;£1.4K - £2K p/w;30/6/2025;185 cm;Right-Footed;Reasonable;Very Strong;15.0;2.4;19.0;21.6;0.7;0.6;1.1;0.1;6.7;1.5;0.0;0.5;0.8;1.3;12.0;0.5;6.3;0.3;0;0;3;0.0;7.5;3.1;0.0;0.1;0.4;1.57;0.4;21;39;1;0;10.5;0.0;0.8;0.1;0.0;0.5;0;1.3;0;14;0.0;0.6;0.0;1.0;1.7;3.3;0.0;0.0
67140146;Álex Martínez;D (L);D/WB/M (L);33;Spain;Eldense;Second Division;6 (9);705;6.56;Scouting Required;£0;£1.4K - £2.1K p/w;30/6/2024;174 cm;Left-Footed Only;Very Strong;Weak;14.9;11.6;38.4;44.6;5.2;0.8;2.2;0.1;8.9;2.8;0.8;1.5;2.3;3.7;13.3;0.9;16.5;1.8;0;0;1;0.3;2.0;2.0;0.0;0.1;0.0;-0.02;0.0;13;5;2;0;4.1;0.1;1.9;0.4;0.0;0.0;0;0.9;0;0;0.0;1.0;0.0;0.1;0.1;0.1;0.1;1.1
67272967;Edu Cabetas;D (C);D (C);28;Spain;Teruel;Spanish Federation 1A;12 (6);1395;6.60;Scouting Required;£3K - £30K;£750 - £1.1K p/w;30/6/2025;190 cm;Left-Footed Only;Very Strong;Weak;7.1;14.0;42.3;50.7;3.7;0.3;1.3;0.1;3.5;0.8;0.5;2.2;1.4;1.1;10.8;0.1;3.8;0.3;0;0;2;0.0;2.6;5.6;0.0;0.0;0.0;-0.19;0.0;8;1;1;0;8.3;0.5;0.3;0.0;0.0;0.0;0;1.2;0;0;0.1;0.3;0.0;0.0;0.1;0.2;0.3;0.4
67270544;Víctor García;AM (R);D/WB/M/AM (R);27;Spain;Alcorcón;Second Division;33;2789;6.67;Important Player;£130K - £1.3M;£2.8K - £3.3K p/w;30/6/2026;177 cm;Right-Footed Only;Weak;Very Strong;13.5;9.8;35.9;42.2;3.6;0.9;1.3;0.1;8.8;2.2;0.5;1.2;2.3;2.3;12.4;1.8;16.2;3.6;0;0;4;0.7;2.6;2.4;0.0;0.1;0.1;-0.7;0.1;50;20;4;1;5.0;0.2;3.7;0.7;0.0;0.1;0;1.3;0;6;0.0;0.9;0.0;0.3;0.3;1.0;0.0;0.2
67138565;Recio;M (C);DM, M (C);33;Spain;Córdoba;Spanish Federation 1B;8 (14);687;6.82;Fringe Player;£18K - £65K;£1.1K - £1.3K p/w;30/6/2025;183 cm;Right-Footed Only;Weak;Very Strong;11.9;6.8;80.7;91.3;5.6;1.3;1.3;0.1;10.2;2.5;0.1;0.5;1.0;1.6;13.6;0.7;11.8;0.9;0;0;1;0.3;1.6;1.6;0.0;0.1;0.0;-0.26;0.0;11;7;0;0;3.1;0.1;0.9;0.3;0.0;0.0;0;1.7;0;0;0.0;1.3;0.0;0.8;0.0;0.8;0.0;0.1
2000058172;Ander Martín;AM (L);D/WB (L), M/AM (RL);23;Spain;Burgos;Second Division;8 (5);686;6.61;Scouting Required;£110K - £1.1M;£1.3K - £1.8K p/w;30/6/2026;177 cm;Left-Footed;Very Strong;Reasonable;14.7;7.5;35.7;40.5;4.1;0.3;1.4;0.1;9.8;2.8;1.3;1.0;2.2;3.7;12.9;2.2;15.7;3.0;0;0;1;0.4;2.2;2.1;0.0;0.1;0.0;-0.07;0.0;6;9;1;0;4.3;0.0;3.0;0.4;0.0;0.0;0;1.4;0;1;0.3;0.3;0.0;0.0;0.3;0.4;0.0;0.0
67276481;Jorge Aguirre;ST (C);ST (C);24;Spain;Atlético Pamplona B;Spanish Federation 1A;29 (5);2049;6.64;Scouting Required;£18K;£230 - £350 p/w;30/6/2026;183 cm;Right-Footed;Reasonable;Very Strong;18.7;1.3;19.5;22.8;0.7;0.6;1.6;0.1;4.8;1.2;0.2;0.5;1.1;0.9;11.4;1.4;5.4;0.7;0;0;3;0.2;7.3;4.3;0.0;0.0;0.5;-2.86;0.4;35;39;1;0;11.6;0.0;0.7;0.2;0.0;0.4;0;0.7;0;19;0.0;0.6;0.0;0.9;1.1;3.0;0.0;0.0
67281406;José Enrique;ST (C);ST (C);28;Spain;Melilla;Spanish Federation 1B;6 (5);680;6.64;Fringe Player;£0;£350 - £410 p/w;30/6/2024;186 cm;Left-Footed;Very Strong;Reasonable;3.7;3.2;14.2;16.7;0.1;0.1;1.6;0.1;5.6;0.9;0.0;0.3;0.8;0.3;11.5;0.5;3.2;0.0;0;0;1;0.0;7.3;2.0;0.0;0.0;0.1;2.02;0.1;8;10;0;0;9.3;0.0;0.3;0.0;0.0;0.4;0;1.1;0;6;0.0;0.1;0.0;0.0;0.7;1.1;0.0;0.0
67230973;Manel;ST (C);ST (C);32;Spain;Sabadell;Spanish Federation 1A;3 (16);679;6.77;Scouting Required;£0;£825 - £1.1K p/w;30/6/2024;185 cm;Right-Footed;Reasonable;Very Strong;19.2;1.2;19.5;22.3;0.7;0.8;0.8;0.1;7.8;1.6;0.0;0.5;1.1;0.7;11.0;0.4;5.8;0.3;0;0;1;0.1;6.1;4.1;0.0;0.1;0.5;-1.71;0.5;5;16;0;0;10.2;0.0;0.3;0.1;0.0;0.3;0;1.5;0;2;0.0;0.8;0.0;1.3;2.0;4.6;0.0;0.0
67196291;Jordi Calavera;WB (R);D/WB (R);28;Spain;Sabadell;Spanish Federation 1A;35;2716;6.73;Fringe Player;£1.5K - £14K;£775 - £900 p/w;30/6/2024;180 cm;Right-Footed;Reasonable;Very Strong;13.2;12.8;44.2;51.8;6.2;0.9;1.1;0.1;7.9;2.4;0.6;1.5;2.2;2.0;13.1;1.0;15.6;3.7;0;0;4;0.2;1.5;3.6;0.0;0.1;0.1;-1.54;0.1;24;25;0;1;5.1;0.4;3.7;0.2;0.0;0.0;0;1.6;0;1;0.0;1.0;0.0;0.2;0.0;0.7;0.2;0.6
67063688;Juan Carlos;M (C);M (C), AM (RC);33;Spain;Cartagena;Second Division;5 (17);676;6.65;Scouting Required;£100K;£2.7K - £3.7K p/w;30/6/2026;183 cm;Right-Footed;Fairly Strong;Very Strong;14.2;5.7;23.7;29.0;1.2;0.7;1.3;0.1;8.9;2.7;0.1;0.5;0.9;1.2;11.9;1.6;8.9;0.8;0;0;1;0.0;5.6;0.4;0.0;0.1;0.1;-0.08;0.1;5;7;1;0;6.0;0.0;1.1;0.0;0.0;0.1;0;0.8;0;2;0.0;0.7;0.0;0.4;0.7;1.1;0.1;0.0
2000109709;Juan Durán;D (L);D (L);23;Spain;Fuenlabrada;Spanish Federation 1A;31 (3);2677;6.66;Scouting Required;£55K - £200K;£220 - £330 p/w;30/6/2025;179 cm;Left-Footed;Very Strong;Reasonable;16.1;8.5;36.9;44.9;4.6;0.7;1.1;0.1;8.5;2.3;0.7;1.4;2.3;2.1;12.3;1.2;13.3;3.1;0;0;4;0.5;2.5;3.2;0.0;0.0;0.0;-0.86;0.0;41;25;10;0;5.7;0.4;3.1;0.5;0.0;0.0;0;1.1;1;1;0.0;0.7;0.0;0.1;0.0;0.2;0.1;0.3
67173044;Pablo Larrea;DM;DM, M (C);30;Spain;Murcia;Spanish Federation 1B;31;2675;6.86;Scouting Required;£120K - £1.2M;£2.3K - £3.4K p/w;30/6/2026;173 cm;Right-Footed;Weak;Very Strong;7.8;8.5;59.0;64.7;4.6;1.1;1.5;0.1;10.5;2.4;0.4;0.7;1.5;3.1;13.4;1.1;8.5;0.2;0;0;4;0.0;2.4;1.2;0.0;0.1;0.1;-0.92;0.1;43;20;7;0;3.6;0.1;0.2;0.0;0.0;0.1;0;1.2;1;0;0.1;1.1;0.0;0.2;0.3;0.5;0.1;0.1
67239658;Álvaro Romero;AM (L);AM (RLC);28;Spain;Tenerife;Second Division;4 (19);668;6.87;Scouting Required;£400K;£1.2K - £1.8K p/w;30/6/2026;167 cm;Right-Footed;Weak;Very Strong;15.1;6.7;28.0;31.8;1.9;1.2;0.8;0.1;10.8;2.7;0.0;0.7;2.4;1.3;13.1;1.6;11.0;0.9;0;0;1;0.0;3.0;1.5;0.0;0.0;0.4;-0.12;0.4;5;5;0;0;4.4;0.0;0.9;0.0;0.0;0.4;0;1.6;0;1;0.0;1.2;0.0;0.8;1.5;3.0;0.0;0.0
67200005;Caye Quintana;ST (C);ST (C);30;Spain;Huelva;Spanish Federation 1B;30 (3);2669;6.71;Scouting Required;£85K - £325K;£1K - £1.5K p/w;30/6/2025;180 cm;Right-Footed;Weak;Very Strong;5.5;3.4;14.9;17.8;0.5;0.4;1.6;0.1;4.9;0.8;0.0;0.4;1.0;0.8;11.6;0.7;4.7;0.4;0;0;4;0.0;8.1;3.8;0.0;0.1;0.3;0.07;0.3;39;41;1;0;11.8;0.2;0.4;0.0;0.0;0.3;0;0.9;1;17;0.1;0.4;0.0;0.7;1.0;2.2;0.0;0.0
67179144;Adri Castellano;D (L);D (LC), WB (L);29;Spain;Córdoba;Spanish Federation 1B;8 (2);663;6.99;Fringe Player;£70K;£625 - £725 p/w;30/6/2025;180 cm;Left-Footed Only;Very Strong;Weak;5.7;9.4;78.3;82.4;6.0;0.5;0.7;0.1;5.4;1.8;0.1;1.4;2.0;1.1;11.2;0.0;4.6;0.5;0;0;1;0.1;1.2;2.0;0.0;0.0;0.1;0.53;0.1;4;0;2;0;3.3;0.3;0.5;0.1;0.0;0.1;0;1.4;0;0;0.0;0.5;0.0;0.0;0.3;0.7;0.3;0.1
67088159;Jon Etxaniz;ST (C);ST (C);33;Spain;Unionistas;Spanish Federation 1A;45;3259;6.86;Impact Sub;£0;£490 - £575 p/w;30/6/2024;187 cm;Right-Footed;Reasonable;Very Strong;15.4;3.1;20.8;24.6;0.8;0.7;1.3;0.1;7.6;1.8;0.2;0.6;1.1;1.2;11.5;0.8;6.7;0.6;0;0;5;0.1;6.4;5.9;0.0;0.1;0.3;7.35;0.3;40;54;0;0;12.3;0.2;0.6;0.1;0.0;0.5;0;1.5;0;26;0.1;0.7;0.0;1.0;1.2;2.7;0.0;0.0
28122038;Joel López;WB (L);D/WB (L);22;Spain;Vigo B;Spanish Federation 1A;15 (9);1303;6.64;Future Prospect;£400K;£600 - £725 p/w;30/6/2027;173 cm;Left-Footed;Very Strong;Reasonable;18.5;10.2;36.7;44.7;4.8;0.8;1.0;0.1;10.6;2.9;0.8;1.1;1.9;2.8;13.0;1.6;13.7;5.0;0;0;2;0.8;2.9;2.9;0.0;0.1;0.0;-0.7;0.0;26;17;3;0;5.8;0.4;6.3;0.8;0.0;0.0;0;0.8;0;4;0.1;0.9;0.0;0.1;0.1;0.6;0.0;0.6
2000188663;Iván Ayllón;ST (C);AM (RL), ST (C);23;Spain;Cartagena;Second Division;5 (15);650;6.64;Squad Player;£35K - £325K;£1.6K - £1.8K p/w;30/6/2025;171 cm;Right-Footed;Weak;Very Strong;11.8;3.5;25.3;28.1;2.1;0.6;1.2;0.1;9.4;2.1;0.4;0.4;1.5;2.2;12.3;1.7;9.7;2.2;0;0;1;0.6;5.4;0.6;0.0;0.1;0.1;1.15;0.1;8;7;1;0;6.0;0.0;2.5;0.6;0.0;0.3;0;1.1;0;4;0.0;0.6;0.0;0.7;0.4;2.1;0.0;0.0
2000111004;Marcos Luna;D (R);D/WB (R);21;Spain;Real Irún;Spanish Federation 1A;14 (1);1285;6.77;Future Prospect;£70K - £700K;£410 - £470 p/w;30/6/2026;183 cm;Right-Footed Only;Weak;Very Strong;16.9;9.5;37.5;46.1;5.7;1.1;1.4;0.1;8.3;2.2;0.8;1.8;2.5;2.5;12.7;1.3;15.1;5.1;0;0;2;1.2;2.4;3.6;0.0;0.1;0.1;-1.65;0.1;14;15;1;0;6.0;0.4;5.1;1.2;0.0;0.0;0;1.3;0;2;0.0;1.1;0.0;0.1;0.1;0.6;0.1;0.5
67260507;Guillem Molina;D (R);D (C);24;Spain;Ponferrada;Spanish Federation 1A;16;1278;6.60;Scouting Required;£8K - £75K;£900 - £1.2K p/w;30/6/2024;183 cm;Right-Footed;Fairly Strong;Very Strong;5.0;10.8;43.7;50.6;4.9;0.7;1.4;0.1;2.7;0.9;0.8;1.5;1.2;1.5;11.0;0.0;4.1;0.3;0;0;2;0.1;1.9;3.1;0.0;0.0;0.0;-0.42;0.0;5;2;0;1;5.0;0.3;0.3;0.1;0.0;0.0;0;1.1;0;0;0.1;0.7;0.0;0.1;0.1;0.3;0.4;0.2
67054782;Javier Eraso;M (C);DM, M/AM (C);34;Spain;Amorebieta;Second Division;38 (4);2555;6.74;Scouting Required;£0;£1.4K - £2.1K p/w;30/6/2024;180 cm;Right-Footed;Fairly Strong;Very Strong;14.6;9.1;41.9;47.2;3.2;0.7;1.7;0.1;11.7;2.6;0.4;1.0;2.0;2.1;12.4;0.7;9.6;0.6;0;0;4;0.2;2.0;2.4;0.0;0.1;0.0;1.5;0.0;35;16;2;0;4.4;0.2;0.6;0.2;0.0;0.1;0;0.9;0;1;0.1;0.7;0.0;0.3;0.1;0.4;0.1;0.0
67093057;Alberto Guitián;D (C);D (C);33;Spain;Leonesa;Spanish Federation 1A;29 (3);2554;6.84;Scouting Required;£0;£9.75K - £14K p/w;30/6/2024;182 cm;Right-Footed;Weak;Very Strong;2.8;18.9;49.9;53.7;3.7;0.3;1.2;0.1;2.9;1.1;0.5;1.1;1.8;1.1;11.2;0.1;5.5;0.1;0;0;4;0.0;2.5;5.2;0.0;0.1;0.1;-1.61;0.1;14;6;6;0;7.6;0.6;0.1;0.0;0.0;0.0;0;1.2;0;0;0.1;0.3;0.0;0.1;0.2;0.6;0.4;1.0
67248301;Juande;D (C);D (C);24;Spain;Málaga;Spanish Federation 1B;36 (3);3180;6.88;Important Player;£950K - £1.5M;£4.5K p/w;30/6/2025;185 cm;Right-Footed;Reasonable;Very Strong;5.2;12.0;49.7;55.1;4.8;0.4;1.2;0.1;3.4;1.3;0.5;0.8;2.8;1.1;11.8;0.5;6.5;0.1;0;0;5;0.0;2.3;4.5;0.0;0.1;0.1;-1.89;0.1;23;6;6;0;6.7;0.5;0.1;0.0;0.0;0.0;0;2.0;0;0;0.1;0.4;0.0;0.1;0.2;0.8;0.2;0.3
2000026357;Abde;AM (L);M (L), AM (RL), ST (C);24;Morocco;Sabadell;Spanish Federation 1A;8 (14);3128;7.03;Scouting Required;£425K - £1.6M;£1.4K - £2K p/w;30/6/2025;172 cm;Right-Footed;Reasonable;Very Strong;17.6;5.8;30.7;35.9;2.4;1.3;1.1;0.1;12.4;3.6;0.3;0.7;2.0;2.5;12.8;2.7;12.5;3.1;0;0;5;0.4;3.5;0.7;0.0;0.1;0.2;2.45;0.2;46;58;1;0;4.2;0.0;3.1;0.4;0.0;0.3;0;1.5;0;11;0.1;1.3;0.0;0.5;0.5;1.5;0.1;0.0
2000076170;Álex Oyón;ST (C);AM (RLC), ST (C);21;Spain;Teruel;Spanish Federation 1A;18;1248;6.69;Scouting Required;£120K - £1.2M;£675 - £950 p/w;30/6/2025;171 cm;Left-Footed;Very Strong;Reasonable;14.0;2.5;20.5;24.1;0.8;0.9;1.4;0.1;5.9;1.7;0.0;0.8;0.9;1.4;11.5;1.2;5.9;0.4;0;0;2;0.1;10.4;1.0;0.0;0.1;0.3;-0.18;0.3;13;34;0;0;11.4;0.0;0.4;0.1;0.0;0.3;0;0.9;0;7;0.1;0.9;0.0;0.5;1.0;2.2;0.1;0.0
67211848;Borja San Emeterio;D (R);D/WB (R);27;Spain;Tarazona;Spanish Federation 1A;12 (6);3119;6.73;Scouting Required;£0;£280 - £400 p/w;30/6/2024;175 cm;Right-Footed;Fairly Strong;Very Strong;16.0;9.5;38.5;45.4;4.9;1.0;1.4;0.1;8.1;2.3;0.7;2.0;2.4;2.3;12.6;1.3;15.3;5.2;0;0;5;0.7;2.7;3.1;0.0;0.1;0.1;-1.71;0.1;53;31;8;0;5.7;0.4;5.2;0.7;0.0;0.0;0;1.0;1;4;0.1;1.0;0.0;0.2;0.1;0.8;0.1;1.0
2000082259;David Astals;AM (R);D/WB/M (R), AM (RC);22;Spain;Sabadell;Spanish Federation 1A;24 (3);1864;7.04;Regular Starter;£24K - £250K;£1.6K - £1.9K p/w;30/6/2027;175 cm;Right-Footed;Reasonable;Very Strong;17.4;5.5;32.3;37.3;3.5;1.1;1.2;0.1;11.3;3.4;0.4;0.8;1.6;2.3;12.0;2.7;11.2;3.8;0;0;3;0.4;2.7;1.2;0.0;0.2;0.2;1.53;0.2;29;31;2;0;3.8;0.0;5.1;0.7;0.0;0.3;0;1.7;0;4;0.4;1.3;0.0;0.3;0.7;1.4;0.0;0.0
67262228;Mini;DM;D (R), DM, M (RC);25;Spain;A. Madrid B;Spanish Federation 1B;29 (4);2475;6.56;Surplus to Requirements;£0;£330 - £450 p/w;30/6/2024;174 cm;Right-Footed;Weak;Very Strong;6.8;8.4;42.6;47.3;4.0;0.4;1.7;0.1;8.9;2.4;0.6;1.3;1.8;2.4;12.9;0.7;12.7;1.5;0;0;4;0.1;2.2;0.8;0.0;0.1;0.0;-0.47;0.0;43;9;5;0;3.0;0.2;1.6;0.2;0.0;0.0;0;1.2;1;0;0.1;0.5;0.0;0.1;0.0;0.2;0.1;0.2
67277460;Álvaro Martín;AM (L);M (LC), AM (RLC);23;Spain;F.C. Andorra;Second Division;0 (29);609;6.66;Scouting Required;£100K - £1M;£1.1K - £1.7K p/w;30/6/2026;173 cm;Left-Footed Only;Very Strong;Weak;16.3;4.1;34.7;40.6;2.7;1.3;1.8;0.1;11.8;2.5;0.3;0.3;1.8;2.1;12.3;1.3;13.6;2.2;0;0;1;0.6;3.7;0.7;0.0;0.1;0.1;1.1;0.1;2;10;0;0;4.4;0.0;11.2;2.1;0.0;0.3;0;0.9;1;0;0.0;2.2;0.0;1.2;0.9;2.4;0.0;0.0
67246438;Álex Bermejo;AM (C);AM (RLC), ST (C);25;Spain;Burgos;Second Division;39 (2);2420;6.86;Scouting Required;£300K - £3.1M;£3.2K - £4.5K p/w;30/6/2026;183 cm;Right-Footed;Reasonable;Very Strong;16.9;5.2;24.7;29.5;1.8;1.0;1.3;0.1;11.5;3.1;0.5;0.7;1.6;2.4;11.9;2.1;13.2;2.1;0;0;4;0.4;4.1;2.3;0.0;0.1;0.3;-0.79;0.3;27;43;1;0;6.4;0.0;2.3;0.4;0.0;0.2;0;1.6;0;9;0.0;1.0;0.0;0.4;0.7;1.9;0.0;0.0
67273081;Miguel Ángel Leal;D (R);D/WB (R);27;Spain;F.C. Andorra;Second Division;42;3612;6.86;Scouting Required;£600K - £1.6M;£1.8K - £2.5K p/w;30/6/2025;176 cm;Right-Footed;Weak;Very Strong;13.3;9.6;41.0;46.8;4.9;0.8;1.5;0.1;9.1;2.1;0.6;1.5;2.0;2.3;12.5;1.3;18.1;3.0;0;0;6;0.4;1.8;2.1;0.0;0.1;0.1;-0.67;0.1;32;30;3;0;3.9;0.3;3.0;0.4;0.0;0.0;0;1.1;0;3;0.0;0.8;0.0;0.2;0.2;0.6;0.1;0.7
67258675;Markitos;ST (C);ST (C);24;Spain;Arenteiro;Spanish Federation 1A;19 (18);1803;6.60;Scouting Required;£0;£170 - £250 p/w;30/6/2024;172 cm;Right-Footed;Weak;Very Strong;19.4;1.5;18.8;21.5;0.2;0.2;1.2;0.1;6.1;1.5;0.2;0.4;0.8;1.0;10.9;1.1;5.2;0.6;0;0;3;0.0;6.8;2.5;0.0;0.0;0.5;-0.46;0.5;29;62;0;0;9.3;0.0;0.6;0.0;0.0;0.4;0;0.7;0;20;0.0;0.2;0.0;1.0;1.6;3.6;0.0;0.0
67193102;Yan Eteki;DM;DM, M (C);26;Cameroon;Alcorcón;Second Division;36;2989;6.95;Important Player;£2.4M;£2.6K - £3.1K p/w;30/6/2025;182 cm;Right-Footed;Reasonable;Very Strong;6.5;14.3;46.6;52.4;4.2;0.8;1.2;0.2;10.2;2.6;0.4;1.1;1.5;2.4;12.9;0.7;11.9;0.3;0;0;5;0.1;1.8;2.9;0.0;0.1;0.0;-0.31;0.0;38;22;4;0;4.7;0.5;0.3;0.1;0.0;0.0;0;1.2;0;1;0.2;0.8;0.0;0.2;0.1;0.5;0.2;0.3
67295649;Antonio Pacheco;M (C);DM, M (C);22;Pays Basque;Albacete;Second Division;4 (20);595;6.66;Scouting Required;£1.7M - £4.2M;£2.7K - £3.6K p/w;30/6/2027;184 cm;Right-Footed;Fairly Strong;Very Strong;9.4;7.6;41.6;47.3;4.1;0.8;1.5;0.2;11.8;2.0;0.3;0.6;1.4;0.9;13.4;0.8;11.2;0.5;0;0;1;0.0;2.0;1.4;0.0;0.1;0.0;-0.33;0.0;7;4;0;0;3.3;0.0;0.6;0.0;0.0;0.0;0;1.5;0;1;0.0;0.8;0.0;0.8;0.6;1.1;0.0;0.0
2000053921;Juan María Alcedo;WB (L);D/WB (L);23;Spain;Mirandés;Second Division;34 (1);2967;6.89;Scouting Required;£550K - £1.5M;£2K - £2.7K p/w;30/6/2025;178 cm;Left-Footed Only;Very Strong;Weak;13.5;12.0;42.0;48.1;5.3;0.5;1.5;0.2;8.3;2.2;0.8;0.9;2.9;3.0;12.6;1.4;14.0;1.9;0;0;5;0.2;2.1;1.7;0.0;0.1;0.0;-0.09;0.0;34;30;2;0;3.9;0.1;2.1;0.2;0.0;0.0;0;1.4;0;0;0.1;0.5;0.0;0.1;0.0;0.1;0.2;0.5
2000043111;Josep Masllorens;DM;DM, M (C);23;Spain;Granada B;Spanish Federation 1B;34;2958;6.71;Scouting Required;£8K - £80K;£410 - £600 p/w;30/6/2024;183 cm;Right-Footed;Strong;Very Strong;7.9;7.4;50.4;56.3;5.2;0.5;2.0;0.2;12.2;3.0;0.7;1.6;1.5;1.7;13.2;0.6;9.4;0.5;0;0;5;0.2;1.9;0.9;0.0;0.1;0.1;-1.54;0.1;27;13;4;0;2.8;0.0;0.9;0.2;0.0;0.0;0;1.2;1;2;0.1;0.7;0.0;0.8;0.1;0.9;0.1;0.4
2000056927;Adam Griger;ST (C);AM (L), ST (C);20;Slovakia;Granada B;Spanish Federation 1B;20 (7);1768;6.80;Scouting Required;£6K - £60K;£260 - £370 p/w;30/6/2024;192 cm;Right-Footed;Reasonable;Very Strong;9.1;6.6;24.8;28.9;1.2;0.6;2.2;0.2;12.3;3.2;0.3;1.1;1.9;2.0;12.8;1.8;10.2;1.3;0;0;3;0.3;3.7;5.9;0.0;0.1;0.2;2.32;0.2;12;25;1;0;9.6;0.3;1.3;0.3;0.0;0.4;0;1.2;0;4;0.1;0.6;0.0;0.5;1.3;2.3;0.1;0.1
2000020033;Mario García;DM;DM, M (C);26;Spain;Algeciras;Spanish Federation 1B;34 (1);2945;6.71;Fringe Player;£40K - £120K;£775 - £900 p/w;30/6/2024;182 cm;Right-Footed;Fairly Strong;Very Strong;7.8;8.1;46.8;53.0;5.4;0.7;1.3;0.2;8.5;2.1;0.2;2.0;1.6;2.5;12.7;0.8;7.6;0.2;0;0;5;0.1;1.6;1.7;0.0;0.0;0.0;-1.06;0.0;37;8;3;0;3.3;0.4;0.2;0.1;0.0;0.0;0;1.2;1;2;0.0;0.7;0.0;0.6;0.1;0.6;0.1;0.1
67279755;José Marsà;DM;D (LC), DM;22;Spain;F.C. Andorra;Second Division;40;3516;6.85;Important Player;£2.9M;£2.7K - £3.2K p/w;30/6/2026;185 cm;Left-Footed;Very Strong;Reasonable;3.1;16.8;55.2;60.5;4.6;0.3;1.6;0.2;3.1;1.1;0.6;1.1;1.7;1.4;11.6;0.2;5.7;0.2;0;0;6;0.1;2.4;4.8;0.0;0.0;0.0;-0.83;0.0;22;13;4;0;7.2;0.7;0.2;0.1;0.0;0.0;0;1.2;1;1;0.1;0.3;0.0;0.2;0.2;0.7;0.4;0.8
67174731;Roger Riera;D (C);D (RC), DM;29;Spain;Real Irún;Spanish Federation 1A;38 (1);3495;6.98;Important Player;£3K - £28K;£2.2K - £2.6K p/w;30/6/2024;186 cm;Right-Footed;Weak;Very Strong;4.9;18.1;47.9;53.7;4.1;0.4;1.3;0.2;4.6;1.4;0.5;1.1;1.8;1.4;11.8;0.1;7.1;0.7;0;0;6;0.1;2.9;4.3;0.0;0.1;0.1;-0.54;0.1;28;21;2;0;7.2;1.1;0.7;0.1;0.0;0.1;0;1.2;0;0;0.1;0.4;0.0;0.1;0.2;0.6;0.3;0.4
2000165538;Sergio Díez;D (R);D/WB (R);20;Spain;Huelva;Spanish Federation 1B;35;2900;6.74;Scouting Required;£80K - £800K;£975 - £1.4K p/w;30/6/2025;178 cm;Right-Footed;Weak;Very Strong;10.6;13.3;37.9;43.1;4.1;0.9;1.7;0.2;7.5;2.1;0.7;1.3;2.3;2.7;12.6;1.5;15.2;4.4;0;0;5;0.6;1.9;4.1;0.0;0.1;0.0;0.64;0.0;41;25;6;1;6.0;0.7;4.5;0.6;0.0;0.0;0;0.8;0;1;0.1;0.9;0.0;0.1;0.1;0.2;0.2;0.2
2000147030;Xavi Grande;D (R);D/WB (R);19;Spain;Levante;Second Division;7 (4);579;6.77;Future Prospect;£1.5M;£725 - £850 p/w;30/6/2025;177 cm;Right-Footed;Reasonable;Very Strong;11.5;9.2;39.9;45.4;5.4;1.1;1.7;0.2;8.7;2.6;1.1;1.7;2.2;2.8;13.4;0.3;21.1;3.0;0;0;1;0.6;1.4;3.1;0.0;0.0;0.0;-0.05;0.0;2;5;1;0;4.5;0.3;3.0;0.6;0.0;0.0;0;1.2;0;0;0.2;1.1;0.0;0.0;0.0;0.2;0.6;0.5
67248395;Javi Vázquez;AM (L);D/WB/M/AM (L);23;Spain;Lugo;Spanish Federation 1A;33;2894;6.95;Scouting Required;£50K - £500K;£2.1K - £2.9K p/w;30/6/2025;179 cm;Left-Footed Only;Very Strong;Weak;14.7;11.6;38.5;46.3;5.2;0.9;1.1;0.2;8.2;2.4;0.6;0.9;2.6;2.5;12.2;2.1;13.4;2.1;0;0;5;0.3;2.4;1.6;0.0;0.1;0.1;1.32;0.1;26;35;4;0;4.0;0.2;2.1;0.3;0.0;0.1;0;1.4;0;3;0.2;0.9;0.0;0.2;0.2;0.6;0.2;0.2
67239716;Andreu Hernández;DM;D (C), DM, M (C);27;Spain;Cornellà;Spanish Federation 1A;34 (1);2893;6.66;Scouting Required;£0 - £7K;£250 - £370 p/w;30/6/2024;185 cm;Right-Footed;Weak;Very Strong;3.7;16.1;48.7;54.0;3.7;0.2;1.1;0.2;3.8;1.2;0.4;1.1;1.5;1.3;11.2;0.2;5.9;0.1;0;0;5;0.0;2.6;4.1;0.0;0.1;0.0;-0.06;0.0;28;9;5;1;6.7;0.7;0.1;0.0;0.0;0.0;0;0.9;0;1;0.0;0.2;0.0;0.2;0.1;0.5;0.2;0.8
2000212489;Pablo Sáenz;AM (L);M (L), AM (RL), ST (C);23;Spain;Granada B;Spanish Federation 1B;7;578;6.70;Scouting Required;£0;£210 - £310 p/w;30/6/2024;175 cm;Left-Footed;Very Strong;Reasonable;12.9;7.6;26.6;30.7;1.6;0.6;1.9;0.2;12.8;2.8;0.8;1.4;2.5;2.8;12.9;4.0;10.4;2.6;0;0;1;0.2;4.5;0.9;0.0;0.1;0.1;0.32;0.1;7;13;1;1;5.4;0.0;3.9;0.2;0.0;0.2;0;1.4;0;0;0.2;0.8;0.0;0.9;0.3;1.2;0.0;0.2
67211710;Luis Acosta;DM;D (C), DM;29;Spain;Mérida;Spanish Federation 1B;34 (5);2886;6.74;Scouting Required;£30K - £325K;£1.3K - £1.7K p/w;30/6/2025;178 cm;Right-Footed;Weak;Very Strong;6.8;6.9;58.4;64.1;5.7;0.4;1.3;0.2;9.1;3.0;0.3;2.1;1.5;2.2;12.7;0.2;7.8;0.1;0;0;5;0.0;0.9;0.6;0.0;0.0;0.0;-0.94;0.0;30;9;2;0;1.5;0.1;0.1;0.0;0.0;0.0;0;1.1;1;2;0.0;0.4;0.0;0.3;0.1;0.3;0.2;0.2
2000138138;Isaac Obeng;AM (L);M/AM (RL);21;Ghana;R. Santander;Second Division;3 (12);575;6.92;Scouting Required;£60K - £600K;£240 - £340 p/w;30/6/2025;182 cm;Left-Footed;Very Strong;Reasonable;17.2;3.0;25.8;30.8;2.8;2.3;0.9;0.2;12.4;3.9;0.2;0.5;0.9;2.7;12.9;3.3;12.2;3.4;0;0;1;0.6;6.7;0.9;0.0;0.1;0.3;1.15;0.3;4;5;0;0;7.7;0.0;3.8;0.6;0.0;0.5;0;1.6;0;1;0.2;2.3;0.0;1.4;1.6;3.1;0.0;0.0
89062864;Álvaro García;M (C);D (C), DM, M (C);24;Spain;Fuenlabrada;Spanish Federation 1A;5 (15);2868;6.78;Scouting Required;£65K - £650K;£1.8K - £2.4K p/w;30/6/2026;184 cm;Right-Footed;Fairly Strong;Very Strong;4.9;14.0;47.9;52.8;4.0;0.7;1.1;0.2;6.3;1.7;0.4;0.9;1.6;1.6;11.9;0.3;8.3;0.3;0;0;5;0.1;2.1;3.7;0.0;0.0;0.0;0.07;0.0;26;17;2;0;5.8;0.7;0.3;0.1;0.0;0.0;0;1.2;0;0;0.1;0.7;0.0;0.2;0.1;0.4;0.1;0.4
2000039984;Álex Gualda;M (C);DM, M (C);26;Spain;Sabadell;Spanish Federation 1A;14 (19);1706;6.79;Scouting Required;£0;£490 - £725 p/w;30/6/2024;180 cm;Right-Footed;Reasonable;Very Strong;7.0;11.4;43.9;50.2;5.0;0.9;1.2;0.2;9.6;2.5;0.6;0.8;1.8;1.8;12.6;0.5;10.2;0.3;0;0;3;0.2;1.8;1.4;0.0;0.1;0.0;0.06;0.0;25;14;4;0;3.3;0.0;2.7;0.6;0.0;0.1;0;1.2;0;1;0.1;1.1;0.0;0.3;0.2;0.7;0.2;0.3
67245887;Diego Parras;D (R);D/WB (R);28;Spain;Alcorcón;Second Division;5 (4);567;6.90;Scouting Required;£8K - £80K;£1.2K - £1.7K p/w;30/6/2026;178 cm;Right-Footed;Weak;Very Strong;12.5;11.4;36.5;41.4;4.4;0.6;1.0;0.2;8.4;2.9;0.8;1.0;2.9;3.8;12.5;0.8;11.0;2.2;0;0;1;0.0;1.4;1.3;0.0;0.0;0.0;-0.18;0.0;3;2;0;0;2.7;0.2;2.2;0.0;0.0;0.0;0;0.8;0;0;0.0;0.8;0.0;0.2;0.0;0.3;0.5;0.2
67199066;Saúl;WB (L);D/WB (L);29;Spain;R. Santander;Second Division;39;3373;6.84;Scouting Required;£210K - £2.1M;£2.1K - £3K p/w;30/6/2026;183 cm;Left-Footed;Very Strong;Weak;14.6;12.7;40.3;45.1;5.8;0.9;1.3;0.2;9.8;2.5;0.6;1.3;3.0;3.1;12.6;1.7;15.8;2.4;0;0;6;0.2;1.3;2.8;0.0;0.1;0.0;-0.2;0.0;35;30;2;0;4.1;0.3;6.8;0.9;0.0;0.0;0;1.2;0;5;0.2;1.0;0.0;0.1;0.0;0.1;0.1;0.6
67277820;Antonio Casas;ST (C);ST (C);24;Spain;Córdoba;Spanish Federation 1B;19 (6);1676;6.80;Fringe Player;£50K - £500K;£1.6K - £1.8K p/w;30/6/2025;183 cm;Right-Footed;Reasonable;Very Strong;5.0;3.5;19.6;22.4;0.3;0.4;1.2;0.2;3.8;1.0;0.1;0.1;0.8;0.6;11.1;0.8;5.0;0.1;0;0;3;0.0;3.0;3.1;0.0;0.0;0.4;-0.36;0.4;14;14;1;0;6.1;0.0;0.1;0.0;0.0;0.4;0;1.3;0;9;0.1;0.4;0.0;0.5;0.9;2.3;0.0;0.0
67256586;Álvaro Ramón;D (L);D/WB/M/AM (L);24;Spain;Arenteiro;Spanish Federation 1A;7 (27);1116;6.82;Scouting Required;£0;£625 - £850 p/w;30/6/2024;170 cm;Left-Footed Only;Very Strong;Weak;13.4;10.6;35.5;41.4;5.2;1.3;1.6;0.2;9.6;2.3;0.8;1.2;2.2;1.5;12.6;1.9;10.9;2.7;0;0;2;0.2;3.4;2.8;0.0;0.1;0.1;-0.86;0.1;14;10;0;0;6.2;0.3;2.7;0.2;0.0;0.0;0;1.0;0;2;0.1;1.3;0.0;0.2;0.2;0.5;0.0;0.2
67157227;Ramón Bueno;DM;D (C), DM, M (C);29;Spain;Tarazona;Spanish Federation 1A;38 (1);3258;6.84;Regular Starter;£7K - £75K;£900 - £1.1K p/w;30/6/2025;183 cm;Right-Footed;Reasonable;Very Strong;7.8;9.7;43.5;49.6;3.6;0.7;1.2;0.2;9.7;2.8;0.6;1.3;1.7;2.0;12.7;0.5;10.2;0.2;0;0;6;0.1;2.8;3.3;0.0;0.1;0.1;1.18;0.1;56;28;7;0;6.0;0.4;0.2;0.1;0.0;0.1;0;1.1;1;0;0.0;0.7;0.0;0.3;0.4;0.7;0.1;0.2
19290880;William De Camargo;AM (R);M/AM (RL);25;Brazil;Fuenlabrada;Spanish Federation 1A;31 (3);2713;6.99;Regular Starter;£425K;£2.3K - £2.7K p/w;30/6/2025;177 cm;Right-Footed;Reasonable;Very Strong;14.2;5.4;30.6;35.3;2.5;1.2;1.2;0.2;10.7;2.5;0.3;1.1;1.7;2.2;12.5;3.1;12.0;3.3;0;0;5;0.5;4.0;1.7;0.0;0.2;0.2;-3.24;0.2;34;46;1;0;5.7;0.2;3.3;0.5;0.0;0.1;0;1.3;0;7;0.1;1.2;0.0;0.7;0.7;2.1;0.1;0.0
67262086;Víctor Eimil;D (R);D (RL), WB (R);25;Spain;Real Irún;Spanish Federation 1A;4 (10);542;6.72;Fringe Player;£0 - £55K;£775 - £900 p/w;30/6/2025;174 cm;Right-Footed Only;Weak;Very Strong;12.1;10.1;40.2;45.8;5.1;0.8;1.2;0.2;9.1;2.5;0.5;1.2;2.2;2.7;12.8;1.3;15.8;5.6;0;0;1;0.8;3.3;2.2;0.0;0.2;0.1;-0.53;0.1;7;3;3;0;5.5;0.5;5.6;0.8;0.0;0.0;0;0.8;0;0;0.3;0.8;0.0;0.2;0.3;1.2;0.2;0.5
2000045161;Víctor Sanchís;D (R);D (RC), WB (R);23;Spain;Teruel;Spanish Federation 1A;5 (10);542;6.50;Scouting Required;£80K - £300K;£700 - £1.1K p/w;30/6/2025;188 cm;Right-Footed;Weak;Very Strong;14.1;10.5;37.2;46.2;4.8;0.0;1.3;0.2;8.0;2.5;0.8;1.0;1.0;2.5;13.6;0.7;12.1;2.7;0;0;1;0.2;1.7;6.1;0.0;0.1;0.1;-0.77;0.1;12;1;0;0;7.8;0.2;2.7;0.2;0.0;0.0;0;0.7;0;0;0.0;0.0;0.0;0.0;0.2;0.7;0.2;0.7
67191441;Alberto Quiles;ST (C);AM (RL), ST (C);29;Spain;Albacete;Second Division;8 (35);1619;6.80;Scouting Required;£1.4M - £3.6M;£3.1K - £4.6K p/w;30/6/2025;188 cm;Left-Footed;Very Strong;Fairly Strong;14.4;2.6;23.0;27.4;1.3;0.7;1.1;0.2;8.9;2.4;0.5;0.6;1.6;1.8;12.0;1.8;10.7;1.9;0;0;3;0.3;5.8;3.4;0.0;0.0;0.4;1.19;0.4;18;34;0;0;9.2;0.0;1.9;0.3;0.0;0.4;0;1.3;0;6;0.1;0.7;0.0;0.9;1.4;3.0;0.0;0.0
2000040546;Guillem Naranjo;ST (C);AM (R), ST (C);23;Spain;Teruel;Spanish Federation 1A;22 (14);2152;6.87;Scouting Required;£0 - £75K;£410 - £600 p/w;30/6/2025;188 cm;Left-Footed;Very Strong;Reasonable;19.1;1.7;19.7;23.5;0.9;0.8;1.6;0.2;6.9;1.9;0.2;0.8;1.2;0.9;11.7;1.2;6.6;0.7;0;0;4;0.0;7.4;3.9;0.0;0.1;0.3;2.05;0.3;20;55;0;0;11.3;0.0;0.7;0.0;0.0;0.4;0;1.2;0;13;0.2;0.8;0.0;0.6;0.9;2.0;0.0;0.0
67198900;Adri Gómez;M (C);D (C), DM, M (C);30;Spain;Unionistas;Spanish Federation 1A;14 (6);1065;6.81;Fringe Player;£0;£525 - £625 p/w;30/6/2024;177 cm;Right-Footed;Weak;Very Strong;9.2;18.7;41.6;48.0;3.6;0.8;1.2;0.2;10.1;2.5;0.7;0.7;1.9;2.0;11.3;1.3;6.6;0.8;0;0;2;0.1;3.5;1.6;0.0;0.2;0.1;1.62;0.1;8;2;1;0;5.1;0.2;0.8;0.1;0.0;0.3;0;1.9;0;0;0.1;1.4;0.0;0.3;0.6;1.0;0.1;0.4
67248161;Manny;D (L);D (RL), WB/M (L);26;Dominican Republic;S.D. Logroñés;Spanish Federation 1A;8 (14);2655;6.95;Scouting Required;£1K - £4.5K;£500 - £700 p/w;30/6/2024;181 cm;Left-Footed Only;Very Strong;Weak;13.2;12.8;38.2;44.6;5.7;1.1;1.5;0.2;8.2;2.1;0.8;1.5;2.2;2.4;12.1;1.1;14.0;3.1;0;0;5;0.4;3.1;2.9;0.0;0.1;0.0;0.86;0.0;38;28;6;0;6.0;0.4;3.2;0.4;0.0;0.1;0;0.8;0;3;0.1;1.1;0.0;0.2;0.1;0.4;0.2;0.5
67053784;Óscar Sielva;M (C);DM, M (C);32;Spain;Huesca;Second Division;27 (4);2122;6.83;Scouting Required;£85K - £850K;£2.3K - £3.5K p/w;30/6/2026;178 cm;Right-Footed;Weak;Very Strong;9.3;9.6;46.4;51.3;4.8;0.8;1.4;0.2;10.2;3.2;0.3;1.0;1.7;2.2;12.6;0.7;11.5;0.6;0;0;4;0.0;2.3;2.0;0.0;0.2;0.1;-0.43;0.0;27;13;2;0;4.3;0.4;0.6;0.0;0.0;0.0;0;1.0;0;1;0.2;1.5;0.0;0.3;0.1;0.4;0.1;0.2
67179200;Nana;DM;DM, M (C);30;Ghana;A. Baleares;Spanish Federation 1B;4 (12);522;6.82;Scouting Required;£0;£750 - £1.1K p/w;30/6/2024;186 cm;Right-Footed;Reasonable;Very Strong;8.8;7.4;40.7;47.1;3.1;0.7;1.9;0.2;9.8;2.2;1.0;3.1;1.7;2.4;13.7;0.3;7.8;0.5;0;0;1;0.2;2.1;2.4;0.0;0.1;0.1;1.37;0.1;9;4;1;0;4.5;0.5;0.7;0.2;0.0;0.3;0;1.0;0;0;0.2;0.7;0.0;0.9;0.3;1.0;0.0;0.7
67236100;Cris Montes;AM (C);M (RL), AM (RLC), ST (C);26;Spain;Eldense;Second Division;15 (7);1038;6.73;Fringe Player;£140K;£1.3K - £1.5K p/w;30/6/2026;161 cm;Left-Footed;Very Strong;Reasonable;18.7;6.6;29.0;32.3;1.6;0.9;1.4;0.2;10.1;2.8;0.3;1.3;1.6;1.4;13.2;1.4;10.2;1.6;0;0;2;0.3;3.9;0.4;0.0;0.1;0.1;1.31;0.1;5;11;0;0;4.3;0.0;1.6;0.3;0.0;0.3;0;0.9;0;0;0.1;0.9;0.0;0.5;0.5;1.5;0.1;0.0
2000131410;Ekain Azkune;ST (C);ST (C);23;Spain;Real San Sebastián B;Spanish Federation 1A;17 (13);1556;6.69;Surplus to Requirements;£0;£210 - £250 p/w;30/6/2024;180 cm;Right-Footed;Reasonable;Very Strong;21.8;1.5;21.1;24.2;0.6;0.5;1.3;0.2;6.4;1.6;0.1;0.9;0.8;0.9;11.8;0.9;5.3;0.5;0;0;3;0.0;8.3;3.6;0.0;0.1;0.4;-0.41;0.3;26;43;0;0;11.9;0.1;0.5;0.0;0.0;0.3;0;0.8;0;6;0.1;0.5;0.0;0.9;1.3;2.8;0.1;0.0
67246348;Iván Chapela;AM (R);AM (R), ST (C);25;Spain;Eldense;Second Division;36 (1);3106;6.80;Regular Starter;£750K;£2.9K - £3.4K p/w;30/6/2027;170 cm;Right-Footed;Weak;Very Strong;16.0;4.9;27.1;32.4;2.2;1.4;2.0;0.2;11.2;3.1;0.3;0.8;2.1;2.3;12.1;3.1;11.6;4.0;0;0;6;0.5;4.1;0.6;0.0;0.1;0.2;1.07;0.2;32;41;0;0;4.8;0.0;4.1;0.5;0.0;0.2;0;0.9;0;11;0.0;1.4;0.0;0.5;0.6;1.3;0.1;0.0
67225655;Jordi Tur;M (C);M (RC), AM (C);26;Spain;Unionistas;Spanish Federation 1A;1 (33);1035;6.63;B Team Regular;£0;£300 - £350 p/w;30/6/2024;175 cm;Right-Footed Only;Weak;Very Strong;14.6;10.1;40.8;47.3;3.6;1.6;1.0;0.2;10.6;2.7;0.2;1.0;1.0;1.4;12.2;1.3;9.9;1.5;0;0;2;0.0;2.5;1.0;0.0;0.1;0.1;-1.03;0.1;6;11;1;0;3.5;0.1;1.5;0.0;0.0;0.0;0;1.4;0;2;0.2;1.6;0.0;0.1;0.3;0.5;0.0;0.0
67271370;Antoñín;AM (R);AM (RL), ST (C);24;Spain;Lugo;Spanish Federation 1A;27 (6);2065;6.87;Scouting Required;£240K - £2.4M;£2.4K - £3.3K p/w;30/6/2027;182 cm;Right-Footed;Reasonable;Very Strong;16.3;3.5;22.7;26.5;1.1;0.7;0.9;0.2;9.5;2.6;0.3;0.6;1.3;1.6;11.6;2.0;8.3;1.7;0;0;4;0.3;5.8;2.1;0.0;0.1;0.2;4.19;0.2;33;42;1;0;7.9;0.0;1.8;0.3;0.0;0.4;0;1.7;0;18;0.1;0.7;0.0;0.6;1.4;1.8;0.0;0.0
67138903;Carles Salvador;M (C);D (L), DM, M/AM (LC);34;Spain;Sabadell;Spanish Federation 1A;19 (10);1547;6.74;Scouting Required;£0;£1.2K - £1.7K p/w;30/6/2024;178 cm;Left-Footed;Very Strong;Reasonable;13.3;10.4;44.0;50.8;5.1;1.4;1.2;0.2;8.6;2.6;0.7;0.8;2.0;2.3;12.8;1.0;14.0;2.3;0;0;3;0.2;2.6;2.6;0.0;0.1;0.0;-0.61;0.0;16;17;1;0;5.2;0.2;2.4;0.2;0.0;0.0;0;1.5;0;3;0.1;1.4;0.0;0.2;0.2;0.4;0.1;0.3
67288316;Iker Benito;AM (R);M/AM (R);21;Pays Basque;F.C. Andorra;Second Division;4 (20);3605;6.85;Scouting Required;£850K - £8.4M;£1.8K - £2.6K p/w;30/6/2025;174 cm;Right-Footed;Fairly Strong;Very Strong;18.0;3.4;31.1;36.0;2.1;1.1;1.5;0.2;11.6;3.0;0.2;0.6;1.6;2.3;12.3;2.7;12.8;3.8;0;0;7;0.6;3.6;0.9;0.0;0.1;0.2;-0.55;0.2;33;53;0;0;4.5;0.0;4.0;0.6;0.0;0.1;0;1.1;0;16;0.2;1.1;0.0;0.6;0.7;1.6;0.0;0.1
67243622;Rodrigo Escudero;AM (L);M/AM (L), ST (C);30;Spain;Leonesa;Spanish Federation 1A;36;3088;7.01;Fringe Player;£22K - £220K;£650 - £750 p/w;30/6/2025;176 cm;Right-Footed;Fairly Strong;Very Strong;21.2;3.4;27.1;32.2;2.5;1.7;1.2;0.2;12.8;3.1;0.4;1.2;1.5;1.7;12.5;3.0;13.2;3.9;0;0;6;0.5;4.5;2.1;0.0;0.1;0.1;4.03;0.1;38;53;3;0;6.6;0.1;3.9;0.5;0.0;0.3;0;1.2;0;14;0.1;1.7;0.0;0.6;0.8;1.5;0.0;0.0
67217282;Eneko Undabarrena;DM;D (C), DM, M (C);31;Spain;Intercity;Spanish Federation 1B;24 (1);2054;6.89;Scouting Required;£0 - £4.5K;£1.5K - £2K p/w;30/6/2024;184 cm;Right-Footed;Weak;Very Strong;7.8;7.2;68.2;75.0;5.7;0.5;1.4;0.2;9.2;3.2;0.3;1.0;1.5;2.3;12.6;0.7;7.6;0.3;0;0;4;0.0;1.4;1.9;0.0;0.0;0.0;0.99;0.0;30;7;2;1;3.4;0.2;0.3;0.0;0.0;0.1;0;1.3;2;0;0.0;0.5;0.0;0.5;0.2;0.6;0.3;0.2
48042318;Thomas Carrique;D (R);D/WB (R);25;France;Ponferrada;Spanish Federation 1A;4 (13);511;6.64;Scouting Required;£45K - £425K;£675 - £925 p/w;30/6/2025;173 cm;Right-Footed;Weak;Very Strong;15.5;8.3;29.9;36.3;2.6;0.9;0.9;0.2;9.0;1.2;0.9;1.4;1.2;1.6;13.4;1.1;16.9;7.7;0;0;1;0.4;2.5;2.8;0.0;0.3;0.0;-0.07;0.0;10;4;1;0;5.3;0.9;7.7;0.4;0.0;0.0;0;1.1;0;1;0.2;0.9;0.0;0.0;0.0;0.2;0.0;0.4
67245386;Manu Farrando;D (C);D (RC), WB (R);29;Spain;San Fernando;Spanish Federation 1B;35;3029;6.78;Regular Starter;£0 - £45K;£825 - £950 p/w;30/6/2024;183 cm;Right-Footed Only;Weak;Very Strong;8.6;13.4;38.3;43.4;3.7;0.5;1.2;0.2;7.3;1.8;0.4;1.1;1.9;2.8;12.1;0.5;11.8;2.7;0;0;6;0.4;1.8;5.6;0.0;0.1;0.1;-0.76;0.1;69;18;6;0;7.4;1.1;2.7;0.4;0.0;0.0;0;1.2;1;3;0.1;0.5;0.0;0.1;0.4;0.7;0.2;0.2
67235871;Óscar Fernández;AM (R);M/AM (R);29;Spain;S.D. Logroñés;Spanish Federation 1A;27 (6);2014;6.77;Scouting Required;£0;£290 - £410 p/w;30/6/2024;173 cm;Right-Footed Only;Weak;Very Strong;20.8;3.1;30.3;36.6;2.9;1.8;1.6;0.2;10.9;2.8;0.4;0.9;1.9;2.0;12.2;3.1;11.4;5.0;0;0;4;1.0;3.7;2.5;0.0;0.1;0.1;-1.88;0.1;39;15;0;0;6.3;0.0;5.0;1.0;0.0;0.0;0;1.2;0;5;0.0;1.8;0.0;0.4;0.4;1.0;0.0;0.0
67179633;Diegui;D (R);D/WB (R);30;Spain;Leganés;Second Division;10 (7);1002;6.74;Scouting Required;£180K - £650K;£1.3K - £1.8K p/w;30/6/2026;175 cm;Right-Footed;Weak;Very Strong;15.5;9.4;36.3;42.3;4.6;0.5;1.5;0.2;8.7;2.5;0.3;1.0;1.8;2.7;13.4;2.0;19.0;5.8;0;0;2;0.4;2.1;3.1;0.0;0.0;0.1;-1;0.1;9;15;1;0;5.2;0.3;5.9;0.4;0.0;0.0;0;1.0;0;1;0.0;0.5;0.0;0.7;0.2;1.1;0.1;0.1
67006863;Joan Oriol;D (L);D/WB (L);37;Spain;Tarragona;Spanish Federation 1A;24 (3);3002;6.99;Regular Starter;£2.5K - £26K;£1.9K - £2.2K p/w;30/6/2025;176 cm;Left-Footed;Very Strong;Weak;13.6;14.9;43.5;51.3;5.6;1.1;1.2;0.2;10.0;2.8;0.7;1.3;2.2;3.4;12.7;0.6;15.4;2.1;0;0;6;0.2;1.6;2.7;0.0;0.1;0.1;-0.94;0.0;31;38;5;0;4.3;0.3;3.8;0.4;0.0;0.1;0;1.3;1;5;0.1;1.2;0.0;0.1;0.1;0.3;0.3;0.9
67220011;Mario Rodríguez;AM (L);M (RL), AM (RLC);27;Spain;Tarragona;Spanish Federation 1A;5 (15);1000;6.83;Scouting Required;£7K - £70K;£460 - £650 p/w;30/6/2025;176 cm;Right-Footed;Weak;Very Strong;22.3;5.4;26.1;32.4;1.3;1.1;0.9;0.2;11.0;2.3;0.3;1.3;2.1;1.5;13.5;2.8;12.9;1.7;0;0;2;0.2;5.6;1.0;0.0;0.2;0.3;-1.97;0.3;8;12;1;1;6.6;0.0;1.7;0.2;0.0;0.1;0;0.7;0;1;0.1;1.1;0.0;0.6;0.5;2.2;0.0;0.0
2000048404;Fabián Luzzi;ST (C);AM (RL), ST (C);20;Spain;S.D. Logroñés;Spanish Federation 1A;1 (20);498;6.64;Scouting Required;£50K;£470 - £625 p/w;30/6/2027;176 cm;Right-Footed;Reasonable;Very Strong;17.0;2.2;20.6;23.9;1.3;1.3;1.6;0.2;7.0;1.3;0.2;0.5;0.7;1.3;11.5;1.4;6.5;2.2;0;0;1;0.2;7.8;2.3;0.0;0.0;0.3;-1.54;0.3;10;15;0;0;10.1;0.0;2.2;0.2;0.0;0.0;0;0.7;0;3;0.0;1.3;0.0;1.8;1.1;3.1;0.0;0.0
67295507;Manu Garrido;ST (C);ST (C);23;Spain;Vigo B;Spanish Federation 1A;1 (18);497;6.61;Scouting Required;£18K;£260 - £360 p/w;30/6/2026;187 cm;Right-Footed;Reasonable;Very Strong;22.3;0.9;18.3;21.9;0.2;0.2;1.4;0.2;5.1;0.9;0.2;1.3;0.7;0.7;11.5;0.9;5.3;0.5;0;0;1;0.0;7.1;3.4;0.0;0.0;0.4;-1.26;0.4;7;14;0;0;10.5;0.0;0.5;0.0;0.0;0.2;0;1.1;0;5;0.0;0.2;0.0;0.5;1.3;2.5;0.0;0.0
67261657;Antón Escobar;ST (C);ST (C);25;Spain;Real Irún;Spanish Federation 1A;36 (1);2480;6.69;Scouting Required;£1K - £4K;£925 - £1.4K p/w;30/6/2024;185 cm;Right-Footed;Weak;Very Strong;18.3;1.8;19.5;22.6;0.5;0.5;1.4;0.2;7.2;1.8;0.3;0.2;0.9;1.3;11.8;1.4;6.4;0.5;0;0;5;0.1;7.8;2.0;0.0;0.0;0.3;-0.94;0.3;39;64;0;0;9.8;0.1;0.5;0.1;0.0;0.3;0;1.1;0;26;0.0;0.5;0.0;0.5;1.0;2.1;0.0;0.0
2000161820;Èric Vega;D (L);D (LC), WB (L);21;Spain;Tarragona;Spanish Federation 1A;4 (5);496;6.95;Scouting Required;£30K - £300K;£700 - £950 p/w;30/6/2025;181 cm;Left-Footed Only;Very Strong;Weak;15.2;8.3;36.3;45.4;6.0;1.8;1.1;0.2;6.2;1.8;0.5;1.8;1.6;2.0;12.4;0.2;9.3;2.7;0;0;1;0.4;2.0;4.9;0.0;0.1;0.0;0;0.0;1;6;1;0;6.9;0.5;2.7;0.4;0.0;0.0;0;0.5;0;0;0.0;1.8;0.0;0.0;0.0;0.0;0.4;1.1
2000030300;Francisco Mwepu;AM (C);AM (C), ST (C);24;Zambia;Sanluqueño;Spanish Federation 1B;33;2970;7.02;Scouting Required;£70K - £700K;£480 - £700 p/w;30/6/2026;178 cm;Right-Footed;Reasonable;Very Strong;8.5;4.8;37.5;41.3;1.6;0.4;1.4;0.2;10.4;2.7;0.2;1.0;1.5;1.3;13.4;1.0;8.2;0.5;0;0;6;0.1;3.0;1.2;0.0;0.1;0.3;3.81;0.3;18;37;1;0;4.3;0.1;0.5;0.1;0.0;0.4;0;1.2;0;7;0.1;0.4;0.0;0.5;0.8;1.3;0.0;0.2
67207187;Àlex Carbonell;DM;D (C), DM, M (C);26;Spain;Amorebieta;Second Division;8 (35);3448;6.75;Important Player;£1K - £10K;£6.5K - £7.5K p/w;30/6/2024;182 cm;Right-Footed;Weak;Very Strong;6.6;11.4;42.9;48.3;4.3;0.9;1.5;0.2;8.7;2.6;0.4;0.7;1.7;1.5;12.9;0.8;10.0;0.2;0;0;7;0.0;1.8;1.8;0.0;0.1;0.0;-1.22;0.0;37;30;2;0;3.6;0.1;0.2;0.0;0.0;0.0;0;0.9;1;1;0.1;0.9;0.0;0.2;0.1;0.3;0.0;0.2
67283136;Juan Rodríguez;D (L);D (LC), WB (L);22;Spain;R. Madrid B;Spanish Federation 1B;5 (4);489;6.66;Surplus to Requirements;£375K;£320 - £370 p/w;30/6/2024;186 cm;Left-Footed Only;Very Strong;Weak;5.3;7.5;45.6;51.5;4.4;0.7;0.9;0.2;7.5;1.8;0.4;1.7;2.4;1.7;12.4;0.4;5.0;0.2;0;0;1;0.0;0.9;1.5;0.0;0.0;0.0;-0.04;0.0;7;2;1;0;2.4;0.4;0.2;0.0;0.0;0.0;0;2.2;0;0;0.0;0.7;0.0;0.6;0.0;0.6;0.0;0.0
67175163;Toni Arranz;M (C);DM, M (C);30;Spain;Cornellà;Spanish Federation 1A;4 (10);2429;6.91;Scouting Required;£130K;£875 - £1.2K p/w;30/6/2025;188 cm;Right-Footed Only;Weak;Very Strong;8.8;12.1;42.9;48.9;4.0;1.1;1.4;0.2;9.3;2.1;0.6;0.9;1.9;1.8;12.1;0.6;10.3;0.3;0;0;5;0.0;1.9;1.7;0.0;0.2;0.1;-1.06;0.1;31;11;4;0;3.6;0.1;0.3;0.0;0.0;0.1;0;0.8;0;1;0.1;1.1;0.0;0.5;0.3;1.1;0.1;0.1
2000106535;Javi Moreno;D (R);D (RC);24;Spain;Arenteiro;Spanish Federation 1A;15 (10);1449;6.65;Scouting Required;£0;£170 - £260 p/w;30/6/2024;184 cm;Right-Footed Only;Weak;Very Strong;9.6;10.2;43.5;50.9;4.0;0.8;1.6;0.2;5.2;0.9;0.7;1.7;1.7;0.9;11.5;0.1;7.0;0.9;0;0;3;0.0;3.4;4.8;0.0;0.1;0.0;-0.26;0.0;12;6;3;0;8.1;0.4;0.9;0.0;0.0;0.0;0;1.2;0;0;0.0;0.8;0.0;0.1;0.0;0.3;0.3;0.6
67211744;David Ramos;M (C);M/AM (RC);26;Spain;San Fernando;Spanish Federation 1B;39;3375;6.78;Scouting Required;£0;£220 - £340 p/w;30/6/2024;175 cm;Right-Footed;Reasonable;Very Strong;10.1;8.2;45.5;52.3;3.6;0.9;1.1;0.2;12.1;3.2;0.3;1.7;1.9;2.4;12.4;1.1;7.0;1.3;0;0;7;0.2;2.6;0.5;0.0;0.1;0.1;-2.97;0.1;27;23;0;0;3.1;0.0;1.3;0.2;0.0;0.0;0;1.3;1;2;0.1;0.9;0.0;0.9;0.4;1.3;0.0;0.1
55023086;Bébé;AM (R);AM (RL);33;Portugal;Zaragoza;Second Division;2 (19);482;6.80;Scouting Required;£100K - £1M;£2.1K - £3K p/w;30/6/2025;190 cm;Right-Footed;Fairly Strong;Very Strong;16.2;2.4;26.7;30.8;2.1;0.7;0.7;0.2;13.3;3.7;0.2;0.4;0.9;3.0;12.7;3.4;15.9;3.4;0;0;1;0.0;4.3;0.7;0.0;0.1;0.1;-0.48;0.1;6;9;0;0;5.0;0.0;3.4;0.0;0.0;0.0;0;1.3;0;1;0.2;6.2;0.0;0.7;0.9;1.9;0.0;0.0
2000060703;Héctor Peña;AM (R);M (L), AM (RLC), ST (C);22;Spain;R. Majadahonda;Spanish Federation 1A;0 (16);475;6.61;B Team Regular;£0 - £1.5K;£230 - £260 p/w;30/6/2025;180 cm;Left-Footed;Very Strong;Fairly Strong;24.4;0.6;26.1;30.9;1.9;1.3;0.9;0.2;9.3;3.0;0.6;1.1;1.7;2.5;12.7;3.4;11.9;4.2;0;0;1;0.4;5.7;1.3;0.0;0.0;0.2;-1.06;0.2;6;3;1;0;7.0;0.0;4.2;0.4;0.0;0.0;0;0.8;0;0;0.0;1.3;0.0;0.0;0.2;0.8;0.0;0.0
67065634;Lillo;D (R);D (RC);35;Spain;San Fernando;Spanish Federation 1B;9 (19);950;6.60;Scouting Required;£0;£625 - £950 p/w;30/6/2024;176 cm;Right-Footed;Weak;Very Strong;11.8;12.6;38.7;47.7;6.1;0.7;1.4;0.2;9.4;2.2;0.7;2.5;1.9;4.0;13.0;0.5;11.2;2.3;0;0;2;0.0;3.6;2.1;0.0;0.0;0.1;0.09;0.1;30;3;3;0;5.7;0.3;2.3;0.0;0.0;0.1;0;1.5;2;0;0.0;0.7;0.0;0.5;0.2;0.8;0.0;0.1
2000331651;Álex Jaraiz;AM (L);AM (L), ST (C);21;Spain;S.D. Logroñés;Spanish Federation 1A;1 (17);474;6.66;Scouting Required;£0;£180 - £270 p/w;30/6/2024;162 cm;Right-Footed;Fairly Strong;Very Strong;20.7;3.6;23.2;27.7;1.5;0.9;1.5;0.2;9.5;1.7;0.6;1.3;1.3;1.3;12.9;1.3;10.3;3.8;0;0;1;0.9;4.9;0.9;0.0;0.1;0.2;0.05;0.2;6;4;1;0;5.9;0.0;3.8;0.9;0.0;0.2;0;0.8;0;0;0.4;0.9;0.0;0.9;1.1;2.3;0.0;0.2
67272505;Nacho Quintana;M (C);M/AM (C);23;Spain;Lugo;Spanish Federation 1A;7 (23);947;6.73;Scouting Required;£220K - £800K;£600 - £900 p/w;30/6/2025;178 cm;Right-Footed;Weak;Very Strong;12.7;13.6;41.6;47.6;3.1;1.6;0.9;0.2;10.6;3.2;0.4;1.2;1.4;1.9;12.4;0.6;7.7;0.7;0;0;2;0.1;2.6;1.7;0.0;0.1;0.1;-0.79;0.1;9;9;4;1;4.3;0.2;0.7;0.1;0.0;0.0;0;1.4;0;0;0.2;1.7;0.0;0.4;0.2;0.7;0.1;0.0
49037903;Näis Djouahra;AM (L);M (L), AM (LC);24;France;Leganés;Second Division;24 (7);1887;6.72;Regular Starter;£35K - £350K;£3.6K - £4.2K p/w;30/6/2025;172 cm;Right-Footed;Reasonable;Very Strong;15.7;4.0;24.5;29.7;2.3;1.0;1.8;0.2;11.1;2.9;0.6;1.0;1.8;1.9;12.6;1.9;13.7;2.3;0;0;4;0.0;4.7;0.8;0.0;0.1;0.1;1.37;0.1;8;23;1;0;5.4;0.0;2.5;0.0;0.0;0.2;0;1.3;0;2;0.0;1.0;0.0;0.3;0.3;1.0;0.0;0.0
2000208657;Emmanuel Addai;AM (L);M/AM (RL);22;Ghana;Alcorcón;Second Division;38 (4);2829;6.93;Scouting Required;£400K - £1.5M;£1.2K - £1.7K p/w;30/6/2025;171 cm;Right-Footed;Fairly Strong;Very Strong;17.8;4.7;26.0;30.7;2.1;1.3;1.2;0.2;12.3;3.1;0.3;1.1;2.0;3.0;12.0;2.5;13.0;3.9;0;0;6;0.8;4.8;0.5;0.0;0.1;0.2;0.08;0.2;57;48;4;0;5.4;0.0;4.1;0.8;0.0;0.2;0;1.2;0;11;0.2;1.3;0.0;0.5;0.6;1.6;0.0;0.0
67295590;Yago Cantero;D (C);D (C);24;Spain;Real San Sebastián B;Spanish Federation 1A;33 (1);2801;6.72;Surplus to Requirements;£14K - £150K;£490 - £575 p/w;30/6/2024;186 cm;Right-Footed;Reasonable;Very Strong;5.8;12.1;44.5;51.2;3.3;0.4;1.3;0.2;4.1;1.4;0.7;1.9;1.7;1.2;11.1;0.1;4.5;0.4;0;0;6;0.0;2.7;4.5;0.0;0.1;0.0;-1.23;0.0;26;13;7;0;7.1;0.3;0.4;0.0;0.0;0.0;0;0.8;0;1;0.0;0.4;0.0;0.1;0.1;0.4;0.3;0.4
2000119919;Boubacar Keita;AM (C);M/AM (C);24;Senegal;Tarazona;Spanish Federation 1A;20 (3);1400;6.76;Regular Starter;£9K - £85K;£1.1K - £1.2K p/w;30/6/2025;184 cm;Right-Footed;Weak;Very Strong;14.0;10.0;36.3;42.5;3.4;1.6;1.3;0.2;11.5;2.6;0.3;1.2;1.8;1.4;12.7;0.9;8.7;1.0;0;0;3;0.1;2.8;1.6;0.0;0.1;0.1;-1.88;0.1;18;10;5;0;4.4;0.1;1.0;0.1;0.0;0.0;0;1.2;0;1;0.0;1.7;0.0;0.2;0.3;1.0;0.0;0.1
67032038;Antoñito;D (R);D/WB/M (R);36;Spain;Huelva;Spanish Federation 1B;7 (19);933;6.62;Scouting Required;£0;£1.6K - £2.1K p/w;30/6/2024;174 cm;Right-Footed;Weak;Very Strong;10.6;11.0;34.1;39.5;4.3;0.1;1.4;0.2;8.8;3.2;0.2;1.6;3.0;2.8;13.5;1.0;14.9;3.9;0;0;2;0.3;2.6;0.8;0.0;0.0;0.0;0;0.0;12;4;1;0;3.4;0.1;5.6;0.6;0.0;0.0;0;0.9;1;0;0.0;0.4;0.0;0.0;0.0;0.0;0.3;0.2
67245670;Julen Azkue;M (C);M (C);28;Spain;Sestao;Spanish Federation 1A;8 (10);932;6.92;Fringe Player;£0;£390 - £450 p/w;30/6/2024;192 cm;Right-Footed;Fairly Strong;Very Strong;12.3;10.0;41.0;47.2;3.6;1.4;1.9;0.2;10.2;2.6;0.4;1.0;1.5;1.1;12.2;0.7;9.0;0.7;0;0;2;0.0;3.6;0.8;0.0;0.4;0.2;0.43;0.2;1;4;0;0;4.3;0.0;0.7;0.0;0.0;0.2;0;1.1;0;0;0.1;1.4;0.0;0.8;0.6;1.3;0.1;0.0
24065076;Ivan Durdov;ST (C);ST (C);23;Croatia;Mirandés;Second Division;1 (21);462;6.82;Scouting Required;£240K - £2.4M;£1.1K - £1.6K p/w;30/6/2026;192 cm;Left-Footed;Very Strong;Reasonable;14.8;1.6;19.1;21.2;0.6;0.4;1.4;0.2;7.2;1.6;0.2;0.4;0.6;0.8;11.6;0.0;6.6;1.0;0;0;1;0.0;8.0;2.3;0.0;0.0;0.5;1.45;0.5;2;11;0;0;10.3;0.2;1.0;0.0;0.0;0.8;0;2.1;0;0;0.2;0.4;0.0;1.0;1.8;3.7;0.0;0.0
67270712;Ekain;ST (C);AM (C), ST (C);30;Spain;R. Santander;Second Division;0 (23);457;6.72;Scouting Required;£65K - £650K;£1.2K - £1.8K p/w;30/6/2025;179 cm;Right-Footed;Reasonable;Very Strong;19.5;3.9;23.6;26.2;1.0;1.0;1.2;0.2;8.5;1.8;0.2;0.4;0.8;1.6;13.1;1.0;9.8;0.2;0;0;1;0.0;6.7;2.8;0.0;0.1;0.6;-3.25;0.6;5;2;0;0;9.5;0.0;0.2;0.0;0.0;0.0;0;2.0;0;3;0.4;1.0;0.0;1.2;1.2;3.2;0.0;0.0
67280838;Julio Martínez;ST (C);ST (C);23;Spain;Granada B;Spanish Federation 1B;31 (1);2740;6.78;Fringe Player;£0 - £45K;£725 - £850 p/w;30/6/2024;178 cm;Right-Footed;Reasonable;Very Strong;6.3;3.0;16.5;19.9;0.4;0.4;1.8;0.2;7.0;1.5;0.1;0.5;1.1;0.9;12.2;0.9;5.7;0.6;0;0;6;0.1;7.5;2.1;0.0;0.1;0.3;3.73;0.2;24;28;0;0;9.6;0.0;1.2;0.1;0.0;0.5;0;1.1;2;21;0.1;0.5;0.0;0.7;0.8;1.5;0.0;0.1
67172717;Héctor Nespral;M (C);D (C), DM, M (C);31;Spain;Unionistas;Spanish Federation 1A;37 (1);3181;7.08;Important Player;£1.5K - £5K;£1.2K - £1.4K p/w;30/6/2024;179 cm;Right-Footed;Reasonable;Very Strong;11.5;14.4;40.0;45.3;3.1;1.0;1.3;0.2;10.9;2.8;0.3;0.9;2.0;1.8;12.3;0.7;10.7;0.7;0;0;7;0.2;2.3;1.2;0.0;0.1;0.1;4.15;0.1;40;17;4;0;3.6;0.1;0.7;0.2;0.0;0.2;0;1.7;1;3;0.3;1.0;0.0;0.3;0.3;0.7;0.0;0.0
67229846;Manu Justo;ST (C);AM (RLC), ST (C);28;Spain;Ferrol;Second Division;28 (13);2724;6.78;Scouting Required;£120K - £1.2M;£1.2K - £1.8K p/w;30/6/2026;174 cm;Right-Footed;Reasonable;Very Strong;15.7;2.7;20.5;23.1;0.8;0.6;1.3;0.2;7.8;1.1;0.1;0.4;0.8;1.0;11.8;0.8;6.6;0.8;0;0;6;0.0;6.2;3.8;0.0;0.1;0.3;-1.21;0.3;36;45;0;0;10.0;0.0;0.8;0.0;0.0;0.3;0;1.2;0;19;0.1;0.6;0.0;0.8;1.1;2.5;0.0;0.0
67214596;Gorka Garai;M (C);DM, M (C);27;Spain;Sestao;Spanish Federation 1A;21 (7);1789;6.83;Regular Starter;£16K - £170K;£550 - £650 p/w;30/6/2024;178 cm;Right-Footed Only;Weak;Very Strong;14.6;12.4;42.1;48.3;4.1;1.5;1.4;0.2;10.5;2.8;0.3;1.1;1.4;2.1;11.9;0.5;9.1;0.9;0;0;4;0.2;2.7;0.8;0.0;0.1;0.1;-0.32;0.1;27;10;2;0;3.5;0.0;0.9;0.2;0.0;0.1;0;1.1;0;3;0.3;1.5;0.0;0.4;0.4;0.8;0.0;0.1
85126187;Yann Bodiger;DM;DM, M (C);29;France;Tenerife;Second Division;12 (23);1337;6.64;Scouting Required;£140K - £1.4M;£3.4K - £4.6K p/w;30/6/2026;188 cm;Left-Footed;Very Strong;Weak;5.3;13.2;49.0;55.2;4.8;0.8;1.0;0.2;10.6;2.8;0.3;0.6;1.7;2.2;12.7;0.5;11.2;0.5;0;0;3;0.1;1.8;2.3;0.0;0.1;0.1;-0.93;0.1;16;11;1;0;4.1;0.3;0.5;0.1;0.0;0.0;0;1.6;2;1;0.1;0.8;0.0;0.2;0.1;0.7;0.1;0.0
2000206524;Óscar Romero;D (C);D (C), DM;19;Spain;Huelva;Spanish Federation 1B;22 (13);2204;6.81;Scouting Required;£0 - £40K;£170 - £260 p/w;30/6/2024;186 cm;Right-Footed;Weak;Very Strong;9.0;9.7;54.1;61.7;4.1;0.6;1.7;0.2;9.1;2.2;0.5;2.1;1.9;2.6;13.0;0.4;6.8;0.3;0;0;5;0.1;1.6;4.9;0.0;0.0;0.1;-1.81;0.1;47;12;4;0;6.4;0.8;0.3;0.1;0.0;0.0;0;0.9;0;1;0.1;0.6;0.0;0.5;0.4;1.3;0.1;0.3
67157255;Carlos Julio Martínez;WB (R);D (RL), WB/M/AM (R);30;Dominican Republic;Lugo;Spanish Federation 1A;4 (9);439;7.04;Scouting Required;£10K - £95K;£650 - £950 p/w;30/6/2026;170 cm;Right-Footed;Reasonable;Very Strong;15.0;9.6;43.9;49.4;6.2;1.2;1.2;0.2;9.4;1.6;1.2;1.6;1.8;1.6;13.0;2.1;14.8;6.2;0;0;1;0.6;2.1;3.1;0.0;0.0;0.1;0.64;0.1;2;8;0;0;5.1;0.2;6.4;0.6;0.0;0.2;0;1.2;0;1;0.0;1.2;0.0;0.6;0.2;0.8;0.2;0.4
67293829;Lautaro Spatz;D (C);D (C);22;Argentina;Antequera;Spanish Federation 1B;9 (4);876;6.78;Scouting Required;£550K - £1.5M;£550 - £750 p/w;30/6/2026;184 cm;Right-Footed Only;Weak;Very Strong;10.8;11.0;37.1;47.9;4.8;0.3;1.0;0.2;3.7;1.2;0.5;1.6;1.1;1.7;11.4;0.0;6.5;0.3;0;0;2;0.2;2.2;3.4;0.0;0.0;0.0;-0.09;0.0;7;0;1;0;5.5;0.3;0.3;0.2;0.0;0.0;0;1.0;0;0;0.0;0.3;0.0;0.0;0.1;0.2;0.4;0.4
2000117895;Javi López-Pinto;AM (L);M/AM (LC);23;Pays Basque;Algeciras;Spanish Federation 1B;8 (20);862;6.77;Scouting Required;£6K - £60K;£1.1K - £1.6K p/w;30/6/2024;186 cm;Left-Footed;Very Strong;Reasonable;11.7;6.0;30.5;35.8;3.1;1.0;1.1;0.2;13.7;3.4;0.4;0.9;1.9;1.3;14.1;2.1;8.8;1.5;0;0;2;0.2;3.8;1.6;0.0;0.1;0.1;0.69;0.1;13;19;0;0;5.3;0.0;2.7;0.2;0.0;0.2;0;1.4;0;3;0.2;1.0;0.0;0.6;0.4;1.0;0.0;0.1
28113829;Nabil Touaizi;ST (C);AM (RLC), ST (C);23;Spain;A. Madrid B;Spanish Federation 1B;26;2152;6.60;Scouting Required;£20K - £75K;£600 - £950 p/w;30/6/2025;183 cm;Right-Footed Only;Weak;Very Strong;7.7;3.9;15.1;18.9;1.5;0.5;1.6;0.2;6.5;1.1;0.2;0.3;1.1;1.0;11.9;1.7;8.1;1.6;0;0;5;0.1;4.1;4.0;0.0;0.1;0.5;-3.47;0.2;41;27;3;0;8.1;0.0;3.8;0.7;0.0;0.3;0;1.3;0;22;0.1;1.1;0.0;0.5;1.0;2.0;0.0;0.2
67202352;Juanma;AM (R);AM (RL), ST (C);31;Spain;Albacete;Second Division;38 (5);2582;6.86;Regular Starter;£240K - £2.4M;£3K - £3.5K p/w;30/6/2025;166 cm;Right-Footed;Reasonable;Very Strong;17.3;5.2;29.6;34.6;2.4;1.2;1.1;0.2;13.4;3.8;0.2;0.3;1.6;2.7;12.4;2.4;15.5;3.5;0;0;6;0.3;4.0;1.7;0.0;0.1;0.3;-0.69;0.3;46;46;2;0;5.8;0.0;3.5;0.3;0.0;0.2;0;1.3;0;13;0.1;1.2;0.0;0.7;1.0;2.3;0.1;0.0
28048384;Carlos Pomares;D (L);D (LC), WB/M (L);31;Spain;Oviedo;Second Division;3 (15);430;6.76;Scouting Required;£0;£1.9K - £2.6K p/w;30/6/2024;183 cm;Left-Footed;Very Strong;Weak;13.0;8.0;34.7;38.7;4.0;1.5;1.7;0.2;9.0;3.1;0.4;0.8;1.7;3.8;11.8;0.8;13.8;2.1;0;0;1;0.0;2.1;3.8;0.0;0.2;0.0;0;0.0;6;0;2;0;5.9;0.2;2.5;0.0;0.0;0.0;0;0.6;0;0;0.2;1.5;0.0;0.0;0.0;0.0;0.2;0.2
67295757;Peque;AM (C);AM (RLC), ST (C);21;Spain;R. Santander;Second Division;40;2569;6.74;Important Player;£5.2M;£4.1K - £4.8K p/w;30/6/2025;168 cm;Right-Footed;Fairly Strong;Very Strong;14.7;5.3;27.3;33.2;2.2;0.8;1.3;0.2;11.8;2.7;0.5;0.7;1.9;1.9;13.0;2.0;13.5;2.3;0;0;6;0.4;3.9;1.9;0.0;0.1;0.3;-0.5;0.2;32;47;0;0;5.8;0.0;2.3;0.4;0.0;0.3;0;1.3;0;11;0.1;0.8;0.0;0.4;0.8;1.6;0.1;0.0
67283137;Peke;M (L);M (L), AM (RLC);21;Spain;Coruña;Spanish Federation 1A;0 (21);427;6.70;Breakthrough Prospect;£140K;£1.3K - £1.5K p/w;11/12/2024;184 cm;Right-Footed;Strong;Very Strong;15.0;4.0;27.0;32.5;2.5;1.5;0.4;0.2;14.5;2.5;0.2;0.6;2.1;1.9;14.2;1.9;14.1;2.7;0;0;1;0.6;3.8;1.1;0.0;0.0;0.2;-0.85;0.2;1;8;0;0;4.8;0.0;2.7;0.6;0.0;0.0;0;1.3;0;0;0.0;1.5;0.0;0.4;0.2;1.7;0.2;0.2
2000210155;Iván Amandi;DM;DM, M (C);20;Spain;Huesca;Second Division;1 (15);423;6.53;Scouting Required;£12K - £130K;£950 - £1.4K p/w;30/6/2026;185 cm;Right-Footed;Fairly Strong;Very Strong;11.1;7.0;48.5;56.8;4.7;1.1;1.7;0.2;10.6;3.2;0.2;1.3;0.4;2.8;13.5;0.2;10.2;0.9;0;0;1;0.2;2.1;4.5;0.0;0.1;0.0;-0.07;0.0;8;3;3;0;6.6;0.6;0.9;0.2;0.0;0.0;0;1.3;0;0;0.2;1.1;0.0;0.0;0.0;0.2;0.2;0.0
67103576;David Cubillas;ST (C);ST (C);34;Spain;Tarazona;Spanish Federation 1A;1 (15);422;6.66;Impact Sub;£0;£575 - £650 p/w;30/6/2024;190 cm;Right-Footed;Fairly Strong;Very Strong;21.1;0.6;18.6;20.7;0.2;0.2;1.5;0.2;6.0;1.7;0.2;0.6;1.1;0.9;11.9;1.3;5.8;0.6;0;0;1;0.0;7.7;3.4;0.0;0.1;0.5;0.85;0.5;7;16;0;0;11.1;0.0;0.6;0.0;0.0;0.6;0;1.1;0;4;0.0;0.2;0.0;1.3;1.9;3.8;0.0;0.0
2000055376;Loren Zúñiga;AM (R);AM (RL), ST (C);21;Spain;Intercity;Spanish Federation 1B;14 (1);1266;6.84;Youngster;£55K - £550K;£950 - £1.4K p/w;30/6/2024;180 cm;Right-Footed;Fairly Strong;Very Strong;5.7;2.6;14.9;17.2;0.4;0.6;1.7;0.2;5.8;1.7;0.0;0.6;0.7;0.9;11.2;1.0;5.0;0.4;0;0;3;0.1;3.3;1.0;0.0;0.1;0.4;-1.22;0.4;19;12;1;0;4.3;0.0;0.4;0.1;0.0;0.4;0;1.6;0;11;0.1;0.6;0.0;0.3;0.8;1.6;0.0;0.0
67245416;Guillem Jaime;D (R);D/WB (RL);25;Spain;Intercity;Spanish Federation 1B;38;3374;6.71;Regular Starter;£55K - £550K;£2.2K - £2.6K p/w;30/6/2024;177 cm;Right-Footed;Reasonable;Very Strong;8.5;11.8;57.8;64.2;5.9;0.6;1.6;0.2;9.0;2.6;0.8;1.2;2.3;3.2;12.5;1.0;10.8;1.0;0;0;8;0.2;1.5;2.1;0.0;0.1;0.0;-0.3;0.0;54;16;5;1;3.6;0.2;1.1;0.2;0.0;0.0;0;1.4;0;3;0.1;0.6;0.0;0.1;0.1;0.2;0.1;0.2
2000310677;Ibai Reches;AM (R);M/AM (RL);19;Spain;Cornellà;Spanish Federation 1A;0 (20);421;6.68;Scouting Required;£30K - £120K;£190 - £270 p/w;30/6/2025;170 cm;Left-Footed;Very Strong;Weak;18.0;2.6;29.7;34.2;2.6;1.5;0.4;0.2;11.1;2.4;0.0;0.9;1.1;1.9;13.6;2.4;11.1;6.0;0;0;1;0.2;4.3;1.7;0.0;0.1;0.4;-0.82;0.4;5;3;1;0;6.0;0.0;6.0;0.2;0.0;0.2;0;0.6;0;1;0.0;1.9;0.0;1.9;1.7;3.6;0.0;0.0
67260353;Hugo Vallejo;AM (L);M/AM (RL), ST (C);24;Spain;Huesca;Second Division;14 (11);1263;6.76;Squad Player;£850K;£1.5K - £1.7K p/w;30/6/2026;185 cm;Right-Footed;Reasonable;Very Strong;17.5;5.7;25.8;30.4;2.8;1.2;2.0;0.2;12.3;2.5;0.5;0.9;2.3;2.3;12.2;2.1;13.9;2.5;0;0;3;0.1;4.4;1.4;0.0;0.1;0.1;-2.06;0.1;8;19;0;0;5.8;0.1;2.8;0.2;0.0;0.0;0;1.0;1;1;0.1;1.6;0.0;0.5;0.4;1.6;0.1;0.1
2000015210;Sergio Dacal;AM (R);M/AM (R);20;Spain;S. Gijón;Second Division;2 (15);421;6.83;Scouting Required;£190K - £1.9M;£1.3K - £1.7K p/w;30/6/2026;162 cm;Right-Footed;Weak;Very Strong;14.8;1.7;28.0;33.3;2.8;1.1;0.9;0.2;11.8;2.8;0.2;1.3;1.1;1.9;13.2;3.4;15.0;5.3;0;0;1;0.4;4.9;1.3;0.0;0.0;0.1;0.7;0.1;2;7;0;0;6.2;0.0;5.3;0.4;0.0;0.2;0;1.5;0;0;0.0;1.1;0.0;0.0;0.6;0.9;0.2;0.0
43161927;Ransford Selasi;DM;DM, M (C);27;Ghana;Melilla;Spanish Federation 1B;12 (17);1262;6.78;Scouting Required;£0;£300 - £410 p/w;30/6/2024;178 cm;Right-Footed Only;Weak;Very Strong;8.8;7.3;60.3;66.9;3.6;0.6;1.4;0.2;14.9;3.5;0.4;1.7;1.6;2.0;13.5;0.9;9.2;0.6;0;0;3;0.1;1.6;2.1;0.0;0.1;0.0;-0.25;0.0;18;6;1;0;3.7;0.4;0.6;0.1;0.0;0.0;0;1.4;0;1;0.0;0.6;0.0;0.1;0.2;0.2;0.1;0.3
62039552;Darko Brašanac;DM;DM, M/AM (C);32;Serbia;Leganés;Second Division;24 (7);2944;6.93;Scouting Required;£2.2M;£6.75K - £9.75K p/w;30/6/2025;178 cm;Right-Footed;Fairly Strong;Very Strong;10.8;11.3;44.3;50.0;4.8;0.9;1.6;0.2;10.8;2.9;0.4;1.3;1.4;2.1;12.9;0.7;12.1;0.4;0;0;7;0.2;1.6;2.8;0.0;0.1;0.0;0.48;0.0;38;22;4;0;4.4;0.3;0.4;0.2;0.0;0.0;0;0.9;0;2;0.2;0.9;0.0;0.1;0.1;0.2;0.2;0.1
67219705;Jesús Bernal;DM;DM, M (C);27;Spain;Ferrol;Second Division;39;3356;6.85;Regular Starter;£12K - £35K;£1.8K - £2.1K p/w;30/6/2027;180 cm;Right-Footed;Weak;Very Strong;8.4;10.9;45.5;51.5;4.9;0.9;1.4;0.2;10.1;2.7;0.4;1.6;1.7;2.1;13.4;0.8;11.4;0.6;0;0;8;0.1;1.6;3.3;0.0;0.1;0.0;-0.8;0.0;38;18;8;0;4.9;0.9;0.6;0.1;0.0;0.0;0;1.0;1;1;0.1;0.9;0.0;0.3;0.2;0.7;0.1;0.4
67293675;Alan Godoy;ST (C);AM (L), ST (C);21;Spain;Tarragona;Spanish Federation 1A;2 (14);419;6.81;Scouting Required;£35K - £325K;£1.4K - £1.9K p/w;30/6/2025;178 cm;Right-Footed;Weak;Very Strong;15.0;3.0;20.0;22.6;0.4;0.6;0.4;0.2;6.2;1.5;0.2;0.9;1.1;1.5;11.2;0.2;5.8;0.4;0;0;1;0.0;9.2;3.7;0.0;0.2;0.2;1.94;0.2;6;10;0;0;12.9;0.2;0.4;0.0;0.0;0.6;0;1.3;0;3;0.4;0.6;0.0;1.1;1.9;2.8;0.0;0.0
67216744;Dani Fernández;D (R);D/WB (R);27;Spain;R. Santander;Second Division;33;2916;6.85;Regular Starter;£1.5M;£2.2K - £2.6K p/w;30/6/2026;176 cm;Right-Footed;Reasonable;Very Strong;14.0;11.1;37.2;43.3;4.6;1.0;1.3;0.2;8.6;2.6;0.7;1.2;2.1;2.2;13.0;1.3;17.9;4.0;0;0;7;0.6;1.9;2.7;0.0;0.1;0.1;-1.2;0.1;31;13;6;0;4.6;0.2;4.1;0.6;0.0;0.0;0;1.2;0;4;0.1;1.0;0.0;0.1;0.1;0.4;0.1;0.7
43390594;Jaume Cuéllar;AM (L);M (L), AM (RLC), ST (C);22;Spain;Barcelona B;Spanish Federation 1A;13 (12);1249;6.81;Fringe Player;£120K - £1.2M;£3.2K - £3.7K p/w;30/6/2027;183 cm;Right-Footed;Strong;Very Strong;15.7;3.2;25.0;30.0;2.3;0.6;1.2;0.2;11.9;2.4;0.2;0.4;1.4;2.3;12.2;2.4;11.0;1.7;0;0;3;0.4;5.0;1.2;0.0;0.1;0.4;-1.35;0.4;16;15;0;0;6.2;0.0;3.5;0.7;0.0;0.3;0;1.2;0;11;0.1;0.8;0.0;1.0;1.2;2.7;0.1;0.0
49061662;Joël Ngoya;M (C);DM, M (C);22;France;A. Madrid B;Spanish Federation 1B;17 (11);1664;6.80;Scouting Required;£0;£210 - £300 p/w;30/6/2024;188 cm;Right-Footed;Weak;Very Strong;8.1;7.5;54.2;60.4;4.3;0.5;2.3;0.2;13.3;4.2;0.6;2.0;1.6;1.9;13.5;0.8;11.6;0.5;0;0;4;0.1;1.6;1.5;0.0;0.1;0.1;0.57;0.1;17;12;4;0;3.1;0.3;0.5;0.1;0.0;0.1;0;1.2;0;0;0.1;0.5;0.0;0.5;0.2;0.9;0.1;0.1
67199371;Jose Ángel Carrillo;ST (C);ST (C);30;Spain;Murcia;Spanish Federation 1B;9 (12);832;6.99;Scouting Required;£30K - £325K;£2.9K - £3.9K p/w;30/6/2026;190 cm;Right-Footed;Fairly Strong;Very Strong;5.6;3.6;22.8;25.9;0.2;0.8;1.8;0.2;5.7;1.4;0.2;0.3;1.1;1.0;12.5;0.4;5.0;0.0;0;0;2;0.0;7.2;4.3;0.0;0.0;0.4;0.45;0.4;7;14;1;0;11.6;0.2;0.0;0.0;0.0;0.4;0;1.9;0;5;0.2;0.8;0.0;0.5;1.1;2.8;0.0;0.0
67274346;Raúl Tavares;M (C);M (C);25;Spain;R. Majadahonda;Spanish Federation 1A;3 (23);829;6.69;Scouting Required;£0;£230 - £350 p/w;30/6/2024;180 cm;Right-Footed;Reasonable;Very Strong;13.1;8.8;37.9;43.2;2.7;0.8;1.0;0.2;10.5;2.3;0.3;0.9;1.2;1.8;12.2;0.9;9.4;0.8;0;0;2;0.1;2.2;3.0;0.0;0.1;0.1;-0.03;0.1;6;4;1;0;5.2;0.3;0.8;0.1;0.0;0.1;0;0.8;0;0;0.0;0.8;0.0;0.3;0.5;1.1;0.0;0.0
58110291;Nikolay Obolskiy;ST (C);AM (C), ST (C);27;Russia;Ibiza;Spanish Federation 1B;27 (7);2483;6.74;Scouting Required;£14K - £140K;£925 - £1.4K p/w;30/6/2025;186 cm;Left-Footed;Very Strong;Strong;4.2;3.1;14.1;16.4;0.4;0.4;1.3;0.2;4.2;0.8;0.1;0.3;0.5;0.8;11.5;0.5;3.2;0.3;0;0;6;0.1;6.8;4.7;0.0;0.1;0.3;-1.19;0.3;25;25;0;0;11.5;0.1;0.3;0.1;0.0;0.3;0;1.4;0;20;0.0;0.4;0.0;0.3;0.9;2.1;0.0;0.0
89051922;Manu Nieto;AM (R);AM (R), ST (C);26;Spain;Elche;Second Division;37 (1);2890;6.79;Scouting Required;£250K - £2.5M;£1.8K - £2.7K p/w;30/6/2026;183 cm;Right-Footed;Fairly Strong;Very Strong;15.9;2.1;17.4;21.0;0.7;0.6;1.0;0.2;6.3;1.6;0.2;0.5;1.1;1.2;11.6;1.1;6.3;0.6;0;0;7;0.1;6.2;2.2;0.0;0.2;0.4;0.61;0.4;34;56;0;0;8.5;0.0;0.7;0.1;0.0;0.5;0;1.4;0;21;0.0;0.6;0.0;1.1;1.4;2.9;0.0;0.0
67277507;Agüero;ST (C);AM (R), ST (C);28;Spain;Alcoyano;Spanish Federation 1B;8 (35);3301;6.67;Fringe Player;£6K - £55K;£1.4K - £1.6K p/w;30/6/2024;175 cm;Right-Footed;Reasonable;Very Strong;3.8;2.8;13.0;14.7;0.4;0.4;1.3;0.2;5.9;1.4;0.1;0.4;0.9;0.9;11.7;0.6;4.6;0.5;0;0;8;0.2;10.3;1.0;0.0;0.1;0.4;1.13;0.4;45;30;1;0;11.2;0.0;0.5;0.2;0.0;0.4;0;1.4;0;34;0.2;0.4;0.0;0.7;0.7;1.6;0.0;0.0
67298009;Dani Perejón;WB (R);D/WB (R);25;Spain;Linares;Spanish Federation 1B;37 (1);3277;6.75;Scouting Required;£3K - £12K;£1.6K - £2.2K p/w;30/6/2024;175 cm;Right-Footed;Reasonable;Very Strong;7.9;12.4;42.3;47.3;5.1;0.4;1.0;0.2;9.3;2.6;0.6;1.4;2.1;2.3;13.0;1.0;14.1;2.6;0;0;8;0.3;1.8;3.2;0.0;0.0;0.0;0.5;0.0;23;19;2;0;5.0;0.3;2.6;0.3;0.0;0.0;0;1.3;1;1;0.1;0.4;0.0;0.1;0.1;0.1;0.3;0.2
67228773;Pepe Mena;M (C);DM, M/AM (C);26;Spain;Antequera;Spanish Federation 1B;8 (19);818;6.85;Scouting Required;£0;£600 - £825 p/w;30/6/2024;175 cm;Right-Footed;Weak;Very Strong;6.3;7.9;32.6;38.4;3.1;0.7;1.1;0.2;10.9;2.3;0.4;1.8;1.8;2.3;13.9;0.3;11.1;0.3;0;0;2;0.0;1.8;1.4;0.0;0.1;0.1;1.54;0.1;9;3;1;0;3.2;0.0;0.3;0.0;0.0;0.2;0;1.9;0;0;0.1;0.7;0.0;0.8;0.2;0.9;0.1;0.3
67288318;Xabier Huarte;M (C);M/AM (C);23;Spain;Atlético Pamplona B;Spanish Federation 1A;25 (2);2032;6.71;B Team Regular;£0 - £100K;£650 - £775 p/w;30/6/2025;172 cm;Right-Footed;Reasonable;Very Strong;11.3;12.2;36.4;40.9;2.9;1.4;1.6;0.2;8.9;2.4;0.3;1.3;1.2;1.7;12.8;0.9;10.0;1.1;0;0;5;0.0;3.9;0.7;0.0;0.2;0.1;-2.15;0.1;11;21;2;0;4.7;0.1;1.8;0.1;0.0;0.0;0;0.9;0;1;0.0;1.4;0.0;0.2;0.5;0.9;0.0;0.1
67224868;Markel Lozano;DM;DM, M (C);28;Spain;Ponferrada;Spanish Federation 1A;31;2435;6.89;Regular Starter;£65K - £650K;£2.2K - £2.6K p/w;30/6/2025;189 cm;Right-Footed;Fairly Strong;Very Strong;8.4;14.4;43.7;49.7;3.7;1.0;1.0;0.2;11.4;3.2;0.3;0.9;2.0;2.5;13.2;0.7;12.2;0.4;0;0;6;0.1;2.3;2.6;0.0;0.1;0.1;-2.11;0.1;35;12;4;0;5.0;0.6;0.4;0.1;0.0;0.0;0;1.4;0;3;0.1;1.0;0.0;0.3;0.2;1.0;0.1;0.3
67245234;Álvaro Bravo;AM (C);M/AM (C);26;Spain;Fuenlabrada;Spanish Federation 1A;37 (1);3239;6.85;Fringe Player;£30K - £300K;£1.3K - £1.5K p/w;30/6/2024;181 cm;Right-Footed;Strong;Very Strong;11.7;9.1;39.5;45.2;2.7;1.0;1.1;0.2;11.3;2.8;0.3;0.8;1.5;1.9;12.2;0.9;9.1;0.9;0;0;8;0.1;3.2;1.0;0.0;0.1;0.1;0.42;0.1;29;27;3;0;4.2;0.3;0.9;0.1;0.0;0.1;0;1.3;0;2;0.1;1.0;0.0;0.2;0.3;0.6;0.1;0.0
67192920;Robert Simón;AM (R);M/AM (RL);31;Spain;Cornellà;Spanish Federation 1A;34;2426;6.97;Scouting Required;£30K - £300K;£1K - £1.4K p/w;30/6/2026;175 cm;Right-Footed Only;Weak;Very Strong;20.0;3.7;29.3;34.6;2.7;1.6;1.4;0.2;10.4;3.4;0.2;1.3;2.1;2.5;12.4;3.8;10.4;5.3;0;0;6;0.7;4.0;1.2;0.0;0.1;0.1;-1.58;0.1;25;42;0;0;5.2;0.0;11.4;1.6;0.0;0.1;0;0.7;0;7;0.1;1.7;0.0;0.5;0.5;1.4;0.0;0.0
2000051881;Loren;D (R);D/WB (R);21;Spain;Ceuta;Spanish Federation 1B;14;1208;6.79;Scouting Required;£120K - £450K;£480 - £725 p/w;30/6/2025;177 cm;Right-Footed;Weak;Very Strong;10.5;14.9;40.8;47.8;5.1;0.7;1.3;0.2;9.5;2.8;0.6;1.8;2.6;2.8;13.2;1.0;13.9;2.4;0;0;3;0.3;1.3;4.6;0.0;0.1;0.0;0.37;0.0;13;5;1;1;5.9;1.0;2.4;0.3;0.0;0.1;0;1.0;1;1;0.1;0.7;0.0;0.4;0.4;0.7;0.1;0.1
28116493;Maurizio Pochettino;M (R);M (R), AM (RL);23;Spain;Tarragona;Spanish Federation 1A;6 (16);802;6.82;Surplus to Requirements;£55K - £160K;£975 - £1.1K p/w;30/6/2024;181 cm;Right-Footed Only;Weak;Very Strong;14.3;4.0;34.8;39.3;2.5;1.6;0.9;0.2;12.2;3.0;0.4;1.2;2.1;2.0;12.4;3.6;11.8;4.8;0;0;2;0.9;3.9;3.9;0.0;0.2;0.4;-1.4;0.4;9;8;0;0;7.9;0.0;4.8;0.9;0.0;0.2;0;0.8;0;4;0.0;1.6;0.0;1.0;1.3;3.0;0.0;0.0
67263927;Álex Marcelo;M (C);DM, M (C);25;Spain;Antequera;Spanish Federation 1B;36 (1);3206;6.76;Fringe Player;£1.5K - £14K;£625 - £750 p/w;30/6/2024;181 cm;Left-Footed;Very Strong;Reasonable;4.5;8.2;37.6;41.5;3.9;0.7;1.0;0.2;10.4;2.2;0.4;2.0;1.4;1.7;13.1;0.3;7.2;0.3;0;0;8;0.0;2.4;0.9;0.0;0.1;0.0;-0.59;0.0;30;6;4;0;3.3;0.0;0.3;0.0;0.0;0.0;0;1.5;0;0;0.1;0.7;0.0;0.2;0.1;0.2;0.2;0.1
67248174;Dani Albiar;AM (L);M (C), AM (RC), ST (C);24;Pays Basque;Cartagena;Second Division;5 (5);400;6.43;Scouting Required;£0;£500 - £675 p/w;30/6/2024;173 cm;Right-Footed;Fairly Strong;Very Strong;11.9;3.4;26.3;30.4;1.3;0.4;1.8;0.2;7.6;1.8;0.0;0.9;0.9;1.1;12.8;0.9;10.1;1.6;0;0;1;0.0;5.2;0.2;0.0;0.1;0.1;-0.66;0.1;2;2;0;0;5.4;0.0;18.0;2.5;0.0;0.0;0;0.7;0;0;0.0;1.8;0.0;0.4;0.2;0.7;0.0;0.0
67194405;Antonio Caballero;DM;DM, M (C);30;Spain;Cornellà;Spanish Federation 1A;37;3198;6.80;Scouting Required;£100K - £375K;£1.1K - £1.5K p/w;30/6/2026;179 cm;Right-Footed;Weak;Very Strong;6.3;11.3;45.4;50.3;4.0;0.9;1.4;0.2;10.0;2.7;0.7;1.0;1.9;1.7;12.9;0.6;11.3;0.4;0;0;8;0.1;2.0;1.0;0.0;0.1;0.1;-0.97;0.1;47;30;3;0;3.0;0.1;0.4;0.1;0.0;0.0;0;0.8;0;1;0.1;0.9;0.0;0.2;0.1;0.5;0.0;0.2
67244090;Jesús De Miguel;ST (C);ST (C);27;Spain;Castellón;Spanish Federation 1B;7 (17);797;6.66;Scouting Required;£70K - £700K;£1.4K - £1.9K p/w;30/6/2026;189 cm;Right-Footed;Fairly Strong;Very Strong;11.9;2.8;19.6;21.6;0.5;0.5;1.4;0.2;6.0;1.2;0.0;0.3;1.1;0.8;12.0;1.0;5.2;0.7;0;0;2;0.1;4.3;1.7;0.0;0.1;0.2;0.05;0.2;20;7;0;0;6.0;0.1;0.7;0.1;0.0;0.2;0;0.8;0;14;0.0;0.5;0.0;0.8;0.6;2.1;0.0;0.0
90065199;Luis Muñoz;DM;D (RC), DM, M (C);27;Spain;Cartagena;Second Division;9 (17);1191;6.75;Regular Starter;£70K - £700K;£3K - £4K p/w;30/6/2025;181 cm;Right-Footed;Fairly Strong;Very Strong;6.3;11.3;46.4;52.2;4.6;1.1;1.3;0.2;9.4;2.9;0.2;1.1;1.5;2.1;12.8;1.0;11.9;0.9;0;0;3;0.2;2.0;2.7;0.0;0.1;0.1;-1.66;0.1;15;11;3;0;4.7;0.3;1.0;0.2;0.0;0.0;0;0.7;0;1;0.2;1.2;0.0;0.6;0.1;1.0;0.2;0.1
67228745;Chiki;ST (C);AM (RLC), ST (C);27;Spain;Alcorcón;Second Division;1 (19);396;6.57;Scouting Required;£120K - £450K;£1.3K - £1.8K p/w;30/6/2026;171 cm;Right-Footed;Reasonable;Very Strong;18.2;0.7;18.0;20.7;0.5;0.2;0.7;0.2;7.3;1.4;0.0;0.0;0.2;1.1;12.6;0.2;7.0;0.9;0;0;1;0.0;7.3;2.3;0.0;0.2;0.5;-1.41;0.5;7;5;0;0;9.5;0.0;0.9;0.0;0.0;0.2;0;0.7;0;2;0.2;0.2;0.0;1.4;1.6;3.6;0.0;0.0
2000139547;Farru;D (C);D (C);23;Spain;Alcoyano;Spanish Federation 1B;9 (26);1187;6.78;Scouting Required;£3.5K - £35K;£320 - £460 p/w;30/6/2024;182 cm;Left-Footed;Very Strong;Weak;8.4;11.4;40.6;48.7;3.0;0.6;1.7;0.2;3.9;1.1;1.1;1.3;1.4;0.6;12.0;0.0;4.9;0.2;0;0;3;0.0;2.0;4.7;0.0;0.1;0.0;0.75;0.0;7;1;0;0;6.7;0.9;0.5;0.2;0.0;0.1;0;0.7;0;2;0.2;0.8;0.0;0.0;0.4;0.5;0.2;0.9
2000054873;Koffi;WB (L);D/WB (L);22;Ghana;Melilla;Spanish Federation 1B;9 (24);1184;6.71;Scouting Required;£45K - £160K;£490 - £675 p/w;30/6/2026;174 cm;Left-Footed;Very Strong;Weak;8.7;12.9;43.4;48.5;5.1;0.7;1.4;0.2;11.9;4.0;1.1;2.1;2.9;2.1;13.6;0.8;14.0;2.7;0;0;3;0.2;3.6;2.7;0.0;0.1;0.0;-0.06;0.0;15;7;3;0;6.3;0.2;2.7;0.3;0.0;0.0;0;1.4;0;1;0.2;0.8;0.0;0.0;0.1;0.1;0.3;0.2
67211743;Ernesto Gómez;AM (L);M/AM (RL);29;Spain;Ponferrada;Spanish Federation 1A;3 (29);787;6.74;Scouting Required;£14K - £140K;£725 - £1.1K p/w;30/6/2025;170 cm;Left-Footed;Very Strong;Weak;18.0;3.2;26.0;31.0;1.3;0.5;1.3;0.2;11.9;2.7;0.5;0.7;1.7;2.4;12.7;2.2;14.2;4.3;0;0;2;0.3;4.7;2.1;0.0;0.1;0.3;-0.89;0.3;8;9;0;0;6.7;0.0;4.7;0.3;0.0;0.2;0;1.1;0;1;0.0;0.6;0.0;0.2;1.0;2.5;0.0;0.0
67066949;Mario Gaspar;D (R);D/WB (R);33;Spain;Elche;Second Division;13 (2);1179;6.93;Scouting Required;£150K - £550K;£2.9K - £4K p/w;30/6/2026;182 cm;Right-Footed;Reasonable;Very Strong;10.9;13.8;41.8;48.2;5.1;0.7;0.6;0.2;8.2;2.0;0.5;1.4;2.0;3.4;13.0;0.7;17.4;2.9;0;0;3;0.4;2.3;2.8;0.0;0.2;0.1;-0.93;0.1;27;10;4;0;5.1;0.5;2.9;0.4;0.0;0.0;0;1.8;0;3;0.2;0.7;0.0;0.5;0.2;0.7;0.2;1.1
67231279;Jordi Mboula;AM (R);M/AM (R), ST (C);25;Spain;R. Santander;Second Division;23 (1);1571;6.96;Scouting Required;£250K - £2.5M;£3.6K - £5K p/w;30/6/2026;183 cm;Right-Footed;Weak;Very Strong;20.4;4.3;31.4;36.1;3.0;1.2;1.4;0.2;12.0;4.0;0.3;0.8;1.8;2.9;12.6;3.6;13.7;3.0;0;0;4;0.6;3.5;2.3;0.0;0.1;0.2;-1.65;0.2;14;28;1;0;5.8;0.0;3.0;0.6;0.0;0.1;0;1.1;0;7;0.1;1.2;0.0;0.6;0.9;1.9;0.1;0.0
67179154;Fran Rodríguez;D (R);D/WB (R);29;Spain;Ceuta;Spanish Federation 1B;8 (8);777;6.58;Scouting Required;£0;£600 - £900 p/w;30/6/2024;175 cm;Right-Footed;Fairly Strong;Very Strong;12.6;12.5;43.0;50.8;4.9;0.2;2.2;0.2;10.2;2.5;0.7;2.2;2.0;2.9;13.3;1.7;19.9;4.2;0;0;2;0.6;2.0;1.6;0.0;0.1;0.0;-0.41;0.0;6;5;1;0;3.6;0.2;5.4;0.7;0.0;0.0;0;1.3;0;1;0.0;0.6;0.0;0.6;0.5;0.7;0.0;0.3
2000059560;Michael;AM (R);M/AM (RL);28;Spain;S.D. Logroñés;Spanish Federation 1A;11 (17);1165;6.62;Scouting Required;£0;£230 - £340 p/w;30/6/2024;179 cm;Right-Footed;Reasonable;Very Strong;19.6;2.5;27.2;32.6;2.4;1.2;1.6;0.2;9.0;1.7;0.4;0.9;2.0;1.3;12.3;3.7;9.3;5.8;0;0;3;0.7;4.5;1.5;0.0;0.1;0.1;-1.4;0.1;12;10;2;0;5.9;0.0;5.9;0.7;0.0;0.0;0;0.6;0;1;0.1;1.2;0.0;0.6;0.3;1.2;0.0;0.0
67219032;Liberto;AM (L);M/AM (L);27;Spain;Tarazona;Spanish Federation 1A;23 (15);2324;6.78;Scouting Required;£30K - £300K;£600 - £900 p/w;30/6/2025;171 cm;Left-Footed Only;Very Strong;Weak;15.5;4.4;24.2;29.3;2.6;1.2;1.0;0.2;11.6;3.1;0.2;0.9;2.0;2.1;12.1;2.5;13.8;3.4;0;0;6;0.5;3.9;2.0;0.0;0.1;0.1;0.8;0.1;19;32;0;0;5.9;0.0;3.4;0.5;0.0;0.2;0;1.0;0;13;0.1;1.2;0.0;0.4;0.9;1.4;0.0;0.0
2000106153;Álvaro Bastida;DM;DM, M (C);20;Spain;Sanluqueño;Spanish Federation 1B;32 (2);2702;6.79;Scouting Required;£1M - £2.6M;£700 - £950 p/w;30/6/2026;170 cm;Right-Footed;Weak;Very Strong;8.4;6.5;61.0;67.7;3.6;0.5;1.4;0.2;12.4;3.7;0.3;0.9;1.3;2.3;13.0;0.4;12.9;0.6;0;0;7;0.0;1.7;0.5;0.0;0.1;0.1;0.33;0.1;40;18;6;0;2.2;0.1;0.6;0.0;0.0;0.1;0;1.2;1;0;0.1;0.5;0.0;0.3;0.3;0.5;0.2;0.1
2000128138;Philip Osei;D (L);D (LC);24;Ghana;Granada B;Spanish Federation 1B;30 (6);2696;6.71;Scouting Required;£16K;£230 - £350 p/w;30/6/2025;177 cm;Left-Footed;Very Strong;Reasonable;10.1;12.0;36.3;42.0;4.4;1.0;2.0;0.2;9.6;2.3;0.7;2.6;2.8;2.9;12.4;0.4;8.6;3.2;0;0;7;0.7;1.9;1.6;0.0;0.1;0.0;-0.07;0.0;30;12;1;1;3.5;0.3;3.4;0.7;0.0;0.0;0;1.2;2;1;0.1;1.1;0.0;0.1;0.0;0.1;0.1;0.2
67226119;Roberto Alarcón;M (L);M/AM (RL);30;Spain;A. Baleares;Spanish Federation 1B;15 (22);1540;6.71;Scouting Required;£0 - £1.5K;£1.1K - £1.7K p/w;30/6/2024;178 cm;Left-Footed;Very Strong;Weak;13.6;6.7;28.2;33.1;1.9;1.1;2.0;0.2;14.0;3.6;0.2;0.8;2.0;2.5;13.5;2.7;14.6;5.6;0;0;4;0.5;4.6;2.0;0.0;0.2;0.1;1.13;0.1;28;29;2;0;6.6;0.1;5.9;0.7;0.0;0.2;0;1.4;0;9;0.2;1.3;0.0;0.3;0.5;1.1;0.1;0.1
59130428;Kwasi Sibo;D (C);D (C), DM, M (C);26;Ghana;Amorebieta;Second Division;10 (27);1529;6.64;Scouting Required;£0;£1K - £1.6K p/w;30/6/2024;182 cm;Right-Footed;Weak;Very Strong;14.1;8.9;43.3;49.6;4.0;1.0;1.4;0.2;10.2;3.5;0.2;1.1;1.8;2.4;12.4;0.6;8.9;0.6;0;0;4;0.1;1.2;1.8;0.0;0.1;0.1;-1.1;0.1;20;12;4;0;3.0;0.1;0.6;0.1;0.0;0.0;0;1.1;0;0;0.1;1.0;0.0;0.2;0.0;0.4;0.2;0.1
67228702;Alfred Planas;AM (R);M (R), AM (RC);27;Spain;Unionistas;Spanish Federation 1A;3 (23);3819;7.00;Important Player;£0 - £9K;£1.4K - £1.6K p/w;30/6/2024;180 cm;Right-Footed;Reasonable;Very Strong;12.1;7.8;25.6;32.1;3.0;1.1;1.3;0.2;11.0;2.8;0.4;1.2;2.0;2.1;13.0;3.2;14.9;5.6;0;0;10;1.0;4.3;1.5;0.0;0.2;0.1;3.2;0.1;36;56;1;0;5.8;0.0;5.9;1.0;0.0;0.2;0;1.7;0;8;0.1;1.1;0.0;0.4;0.3;1.0;0.0;0.0
2000035523;Jonathan Gómez;D (L);D (RL);20;U.S.A.;Mirandés;Second Division;7 (6);757;6.69;Youngster;£30K - £300K;£1.5K - £1.7K p/w;30/6/2025;179 cm;Left-Footed;Very Strong;Reasonable;10.6;10.5;43.4;49.1;5.0;0.8;1.7;0.2;6.3;1.2;0.5;1.4;2.7;2.6;13.6;0.7;16.2;2.4;0;0;2;0.5;1.8;2.5;0.0;0.1;0.0;-0.06;0.0;11;6;0;0;4.3;0.2;2.5;0.5;0.0;0.0;0;1.7;0;1;0.1;0.8;0.0;0.0;0.1;0.2;0.0;0.5
67113971;Edu Campabadal;D (R);D/WB (R);31;Spain;A. Baleares;Spanish Federation 1B;35 (1);3026;6.76;Important Player;£12K - £110K;£2.1K - £2.5K p/w;30/6/2024;176 cm;Right-Footed Only;Weak;Very Strong;10.3;15.1;35.5;42.2;3.5;1.0;1.8;0.2;10.1;2.3;0.8;1.2;2.3;3.2;12.9;0.9;14.0;3.1;0;0;8;0.6;1.8;5.8;0.0;0.1;0.0;-0.44;0.0;42;17;8;0;7.6;1.3;3.1;0.6;0.0;0.0;0;1.4;1;0;0.1;1.0;0.0;0.1;0.2;0.3;0.2;0.4
67245239;Martín Calderón;DM;DM, M (C);25;Spain;Sanluqueño;Spanish Federation 1B;8 (12);755;6.93;Scouting Required;£0 - £1K;£1.8K - £2.7K p/w;30/6/2024;183 cm;Right-Footed;Weak;Very Strong;11.8;6.3;75.1;84.0;7.4;0.6;1.9;0.2;13.4;3.1;0.1;2.0;1.7;1.8;13.7;0.2;10.5;0.5;0;0;2;0.0;0.6;0.8;0.0;0.1;0.0;0.66;0.0;6;5;1;0;1.4;0.0;3.9;0.4;0.0;0.1;0;1.1;0;2;0.1;1.2;0.0;1.0;0.6;1.1;0.0;0.1
67260193;Mikel Kortazar;D (L);D/WB/M/AM (L);25;Spain;Tarazona;Spanish Federation 1A;37;3009;6.73;Scouting Required;£85K - £325K;£1.2K - £1.7K p/w;30/6/2026;187 cm;Left-Footed;Very Strong;Reasonable;13.9;12.8;36.4;44.3;5.6;1.0;1.2;0.2;8.1;2.1;0.9;1.9;1.9;2.6;12.6;1.4;13.9;2.9;0;0;8;0.3;2.9;3.6;0.0;0.1;0.0;-1.21;0.0;54;31;5;2;6.6;0.6;3.0;0.3;0.0;0.0;0;1.1;0;2;0.0;1.0;0.0;0.1;0.1;0.4;0.1;0.2
2000147504;Joaquín;AM (C);AM (C), ST (C);23;Spain;Sanluqueño;Spanish Federation 1B;8 (5);751;6.80;Fringe Player;£20K - £200K;£550 - £625 p/w;30/6/2025;181 cm;Left-Footed;Very Strong;Fairly Strong;5.5;3.5;35.7;38.0;0.6;0.4;1.7;0.2;9.7;1.4;0.2;0.4;0.7;0.7;13.0;0.5;6.8;0.4;0;0;2;0.0;2.3;1.2;0.0;0.1;0.2;0.94;0.2;2;6;0;0;3.5;0.1;1.0;0.1;0.0;0.4;0;0.8;0;0;0.0;0.5;0.0;0.0;0.6;0.8;0.0;0.1
67196097;Fer Cano;AM (C);M (LC), AM (RLC);29;Spain;Tarazona;Spanish Federation 1A;35 (1);2601;6.89;Scouting Required;£2.5K - £10K;£900 - £1.3K p/w;30/6/2024;170 cm;Left-Footed Only;Very Strong;Weak;16.0;6.2;28.3;34.9;2.4;1.5;1.2;0.2;12.1;3.8;0.2;0.8;1.6;2.8;12.3;2.4;13.3;3.5;0;0;7;0.6;3.3;1.9;0.0;0.2;0.2;-2.05;0.2;39;37;6;1;5.3;0.0;3.8;0.6;0.0;0.1;0;1.0;0;6;0.2;1.9;0.0;0.7;0.5;1.7;0.0;0.0
67154299;Víctor Ruiz;WB (L);D (LC), WB (L);29;Spain;San Fernando;Spanish Federation 1B;24 (7);3323;6.75;Scouting Required;£0;£310 - £490 p/w;30/6/2024;176 cm;Left-Footed;Very Strong;Strong;7.5;9.0;46.2;53.1;4.7;0.4;1.1;0.2;2.9;1.2;0.4;1.7;1.4;1.4;10.7;0.1;3.1;0.5;0;0;9;0.2;2.0;2.0;0.0;0.1;0.0;-0.3;0.0;16;2;2;0;3.9;0.1;1.5;0.4;0.0;0.0;0;1.4;0;0;0.1;0.6;0.0;0.0;0.1;0.1;0.3;0.2
85134218;Yvan Neyou;AM (R);M/AM (RC);27;Cameroon;Leganés;Second Division;29 (5);2581;6.86;Scouting Required;£2.7M;£4.9K - £7.5K p/w;30/6/2027;180 cm;Right-Footed;Weak;Very Strong;15.8;9.7;40.2;47.6;3.8;1.1;1.1;0.2;12.5;3.3;0.2;0.5;1.5;1.5;12.1;1.4;11.1;1.5;0;0;7;0.2;2.4;2.3;0.0;0.1;0.1;-1.35;0.1;31;19;3;0;4.8;0.2;1.7;0.3;0.0;0.0;0;1.2;0;4;0.1;1.2;0.0;0.2;0.2;0.8;0.0;0.0
67295238;Daniel González;ST (C);AM (R), ST (C);22;Spain;Vigo B;Spanish Federation 1A;18 (4);1471;6.66;Scouting Required;£275K - £2.7M;£1.2K - £1.7K p/w;30/6/2026;186 cm;Left-Footed;Very Strong;Reasonable;13.8;2.5;18.7;21.9;0.7;0.6;1.2;0.2;7.0;1.3;0.1;0.4;1.0;1.0;11.3;1.2;7.0;0.4;0;0;4;0.0;8.4;2.4;0.0;0.1;0.4;-2.34;0.3;22;47;0;0;10.8;0.0;0.4;0.0;0.0;0.3;0;1.3;0;13;0.2;0.6;0.0;0.9;1.3;3.0;0.1;0.0
2000145777;Raúl Castro;D (R);D (R);23;Spain;Granada B;Spanish Federation 1B;33;2941;6.65;Scouting Required;£80K - £300K;£320 - £470 p/w;30/6/2024;177 cm;Right-Footed;Weak;Very Strong;8.5;11.6;37.0;42.1;4.3;0.6;2.0;0.2;8.9;2.4;0.7;1.4;2.3;3.1;12.4;0.4;7.6;2.0;0;0;8;0.4;1.3;3.8;0.0;0.1;0.0;-1.15;0.0;36;2;6;0;5.1;0.7;3.1;0.6;0.0;0.0;0;1.2;4;0;0.1;1.1;0.0;0.1;0.1;0.4;0.2;0.2
67083320;Marc Mateu;AM (L);D/WB/M/AM (L);34;Spain;Eldense;Second Division;40 (1);3287;6.77;Scouting Required;£65K - £650K;£2.5K - £3.8K p/w;30/6/2025;180 cm;Left-Footed;Very Strong;Reasonable;15.3;9.9;37.5;43.3;5.1;1.4;1.8;0.2;11.5;3.4;0.5;1.0;2.1;3.3;12.4;1.5;14.8;2.9;0;0;9;0.4;2.8;1.6;0.0;0.2;0.1;0.42;0.1;48;29;2;0;4.5;0.2;9.7;1.6;0.0;0.1;0;1.0;1;12;0.0;2.4;0.0;0.3;0.4;0.8;0.2;0.3
67100711;Felipe Alfonso;WB (R);D/WB (RL);31;Spain;Mérida;Spanish Federation 1B;37 (1);3286;6.75;Scouting Required;£12K - £110K;£975 - £1.5K p/w;30/6/2025;178 cm;Right-Footed Only;Weak;Very Strong;8.0;12.0;57.2;63.5;7.7;0.9;1.3;0.2;8.3;2.6;0.7;2.0;2.6;3.0;13.2;1.0;11.9;1.3;0;0;9;0.2;2.4;1.4;0.0;0.1;0.0;-0.64;0.0;28;17;2;0;3.8;0.1;1.3;0.2;0.0;0.0;0;1.0;0;3;0.0;0.9;0.0;0.2;0.1;0.2;0.1;0.2
67255218;Alfon;AM (R);M/AM (RL), ST (C);25;Spain;Vigo B;Spanish Federation 1A;34 (1);2918;6.97;B Team Regular;£75K;£1.5K - £1.7K p/w;30/6/2025;172 cm;Right-Footed;Reasonable;Very Strong;17.5;4.9;24.5;29.1;1.9;1.2;1.2;0.2;10.1;3.0;0.4;0.6;1.6;2.5;12.1;2.0;11.9;2.8;0;0;8;0.5;4.7;1.2;0.0;0.2;0.2;-0.98;0.2;43;52;0;0;5.9;0.0;6.4;0.7;0.0;0.2;0;1.1;0;12;0.2;1.9;0.0;0.5;0.7;1.8;0.1;0.0
67044761;Francisco Portillo;AM (C);M (C), AM (LC);34;Spain;Leganés;Second Division;36 (1);2532;6.79;Scouting Required;£1K - £4K;£3.4K - £5.25K p/w;30/6/2024;169 cm;Right-Footed;Fairly Strong;Very Strong;17.5;7.6;29.9;34.9;2.3;1.0;1.7;0.2;10.7;2.7;0.4;1.0;1.2;1.2;13.1;1.4;12.1;1.0;0;0;7;0.1;4.3;0.7;0.0;0.2;0.1;3.56;0.1;13;29;1;0;4.9;0.1;7.0;1.2;0.0;0.2;0;0.9;0;4;0.1;2.0;0.0;0.4;0.4;1.1;0.0;0.0
67293813;Joseda;D (R);D (RC);22;Spain;Ibiza;Spanish Federation 1B;35 (1);2877;6.93;Scouting Required;£1M - £2.6M;£4.4K - £6K p/w;30/6/2025;182 cm;Right-Footed Only;Weak;Very Strong;9.6;14.0;42.5;48.0;4.7;0.7;1.4;0.3;8.4;2.6;0.3;1.0;2.4;3.7;13.1;1.1;13.9;3.9;0;0;8;0.4;1.2;4.3;0.0;0.1;0.0;-1.29;0.0;24;17;4;1;5.5;0.5;3.9;0.4;0.0;0.0;0;1.4;0;2;0.1;0.8;0.0;0.2;0.2;0.5;0.2;0.1
67157612;Antonio Cotán;M (C);DM, M/AM (C);28;Spain;Melilla;Spanish Federation 1B;4 (8);358;6.69;Scouting Required;£0;£460 - £625 p/w;30/6/2024;175 cm;Right-Footed;Fairly Strong;Very Strong;7.3;7.0;54.8;59.6;7.0;0.8;1.8;0.3;14.1;3.3;0.3;1.3;1.5;1.5;14.0;0.0;10.3;0.0;0;0;1;0.0;4.0;0.5;0.0;0.1;0.0;-0.09;0.0;4;2;1;0;4.5;0.0;0.0;0.0;0.0;0.0;0;0.8;0;0;0.0;0.8;0.0;0.5;0.3;0.5;0.0;0.0
67216150;Nando García;M (L);M/AM (RL);30;Spain;Sabadell;Spanish Federation 1A;5 (25);1072;6.89;Fringe Player;£0 - £60K;£650 - £750 p/w;30/6/2024;176 cm;Right-Footed;Reasonable;Very Strong;19.6;4.1;29.6;34.8;2.8;1.8;0.8;0.3;11.4;3.9;0.3;1.2;1.1;2.4;11.8;2.7;9.9;4.9;0;0;3;1.0;4.4;1.6;0.0;0.1;0.2;-1.81;0.2;12;13;0;0;6.0;0.0;11.8;1.8;0.0;0.0;0;1.2;0;3;0.3;3.9;0.0;0.6;0.5;1.3;0.0;0.0
67277456;Dani Sánchez;D (L);D/WB/M/AM (L);24;Spain;Málaga;Spanish Federation 1B;35 (5);2842;6.87;Regular Starter;£3K - £950K;£4.6K p/w;30/6/2027;171 cm;Left-Footed Only;Very Strong;Weak;10.0;12.7;39.8;46.1;6.3;0.6;1.3;0.3;8.6;2.6;0.5;1.1;2.9;2.4;13.9;1.7;20.0;2.9;0;0;8;0.3;1.1;2.7;0.0;0.1;0.1;3.5;0.0;28;22;4;0;3.9;0.3;4.8;0.7;0.0;0.2;0;2.0;0;2;0.0;1.0;0.0;0.6;0.4;0.8;0.1;0.1
67258576;Moha;M (C);DM, M/AM (C);24;Spain;Barcelona B;Spanish Federation 1A;5 (20);710;6.66;Surplus to Requirements;£0 - £85K;£1.3K - £1.6K p/w;30/6/2025;169 cm;Right-Footed;Reasonable;Very Strong;9.6;10.3;45.8;50.8;3.5;0.8;0.6;0.3;9.4;2.2;0.4;0.1;1.3;1.0;11.7;1.0;8.5;0.3;0;0;2;0.0;2.2;1.0;0.0;0.4;0.1;0.06;0.1;12;7;3;0;3.2;0.0;3.5;0.8;0.0;0.1;0;1.5;0;0;0.3;1.1;0.0;0.8;0.3;1.4;0.0;0.0
67227812;Chuca;AM (C);M (C), AM (LC);27;Spain;Ferrol;Second Division;20 (12);1773;6.65;Scouting Required;£0 - £10K;£1.9K - £2.7K p/w;30/6/2024;181 cm;Right-Footed;Fairly Strong;Very Strong;17.6;6.7;27.4;33.6;1.8;0.9;1.3;0.3;9.0;2.3;0.1;0.3;1.4;1.2;13.3;1.7;10.2;1.2;0;0;5;0.4;4.3;1.4;0.0;0.1;0.1;-1.72;0.1;10;22;0;0;5.7;0.1;6.0;1.2;0.0;0.0;0;1.0;0;6;0.1;1.5;0.0;0.5;0.4;1.0;0.1;0.0
67153716;Maikel Mesa;M (C);DM, M/AM (C);33;Spain;Zaragoza;Second Division;4 (28);1059;6.72;Scouting Required;£130K - £1.3M;£3.1K - £4.7K p/w;30/6/2025;188 cm;Right-Footed;Fairly Strong;Very Strong;13.3;11.4;29.3;34.2;2.0;0.6;0.9;0.3;9.6;2.4;0.1;0.5;0.9;1.9;12.6;1.2;11.1;0.3;0;0;3;0.1;3.6;1.7;0.0;0.1;0.1;2.42;0.1;15;6;1;0;5.3;0.1;0.4;0.1;0.0;0.3;0;1.2;0;1;0.2;0.6;0.0;1.0;1.0;2.1;0.0;0.1
67176056;Iván Calero;D (R);D/WB (R), M/AM (RL);29;Spain;Cartagena;Second Division;38;3171;6.92;Squad Player;£230K - £2.3M;£1.8K - £2.8K p/w;30/6/2025;174 cm;Right-Footed;Weak;Very Strong;13.7;11.2;36.8;43.3;6.0;0.7;1.2;0.3;9.5;2.5;0.5;1.4;2.6;2.8;12.4;1.8;16.5;2.7;0;0;9;0.4;2.4;2.4;0.0;0.1;0.1;0;0.1;28;30;0;0;4.8;0.3;2.7;0.4;0.0;0.1;0;1.4;0;2;0.1;0.7;0.0;0.2;0.1;0.6;0.1;0.2
67278254;Iker Losada;AM (C);M/AM (C), ST (C);22;Spain;Ferrol;Second Division;24 (12);2111;6.93;Scouting Required;£375K - £3.8M;£2.2K - £3.1K p/w;30/6/2025;175 cm;Right-Footed Only;Weak;Very Strong;15.1;11.4;26.8;32.2;2.4;1.4;1.4;0.3;9.8;2.0;0.2;0.7;1.8;1.5;13.2;1.7;10.8;0.9;0;0;6;0.1;4.6;1.7;0.0;0.2;0.2;0.46;0.2;10;25;0;0;6.3;0.1;4.2;0.6;0.0;0.3;0;1.1;0;1;0.2;1.9;0.0;0.9;0.9;2.3;0.1;0.1
67224141;Jaume Pol;M (L);D/WB/M (L);29;Spain;Leonesa;Spanish Federation 1A;28;2459;7.03;Scouting Required;£80K - £300K;£450 - £625 p/w;30/6/2025;182 cm;Left-Footed;Very Strong;Reasonable;12.6;7.8;39.2;46.4;5.7;1.4;1.2;0.3;7.4;2.2;0.8;1.7;2.0;1.9;12.4;1.3;14.6;2.9;0;0;7;0.4;2.5;2.6;0.0;0.2;0.0;-0.31;0.0;15;38;1;0;5.1;0.3;3.1;0.5;0.0;0.0;0;1.1;0;1;0.0;1.5;0.0;0.1;0.1;0.3;0.2;0.5
67245500;Christian Dieste;AM (C);AM (LC), ST (C);28;Pays Basque;Tarazona;Spanish Federation 1A;30 (3);2459;6.70;Scouting Required;£0 - £3.5K;£750 - £1K p/w;30/6/2024;185 cm;Left-Footed Only;Very Strong;Weak;16.5;2.7;19.7;23.7;0.7;0.5;1.4;0.3;7.8;1.8;0.1;0.6;1.3;1.3;11.6;1.6;6.7;1.0;0;0;7;0.2;9.5;2.2;0.0;0.1;0.2;3.24;0.2;31;62;1;0;11.7;0.0;1.1;0.3;0.0;0.4;0;1.1;1;21;0.0;0.6;0.0;0.8;1.3;2.4;0.0;0.0
2000125665;Álex Gonpi;AM (L);M/AM (RL);24;Spain;Cornellà;Spanish Federation 1A;29 (4);2104;6.92;Regular Starter;£90K - £325K;£675 - £800 p/w;30/6/2026;170 cm;Right-Footed;Reasonable;Very Strong;20.2;3.9;27.4;32.2;2.5;2.0;1.4;0.3;12.4;3.3;0.3;1.2;1.5;2.2;12.1;2.7;11.7;4.7;0;0;6;0.8;5.6;1.0;0.0;0.1;0.2;0.67;0.2;30;27;3;0;6.6;0.0;4.9;0.8;0.0;0.2;0;1.0;0;10;0.2;2.0;0.0;0.3;0.6;1.5;0.0;0.0
2000256641;Guy Eteme;DM;D (C), DM, M (C);22;Cameroon;Alcoyano;Spanish Federation 1B;3 (6);350;6.58;B Team Regular;£2.5K - £9K;£240 - £280 p/w;30/6/2025;185 cm;Right-Footed;Weak;Very Strong;8.7;6.7;44.2;50.7;3.6;0.5;1.3;0.3;12.1;3.1;0.3;1.8;0.8;1.0;13.1;0.5;11.6;1.0;0;0;1;0.3;2.1;1.3;0.0;0.0;0.0;-0.14;0.0;3;1;0;0;3.3;0.0;1.0;0.3;0.0;0.0;0;1.3;0;0;0.0;0.5;0.0;0.5;0.0;0.5;0.0;0.0
2000291513;Antonio Cordero;AM (R);AM (RL), ST (C);17;Spain;Málaga;Spanish Federation 1B;12 (21);1391;6.81;Fringe Player;£1.1M - £1.9M;£2.3K p/w;30/6/2026;178 cm;Right-Footed;Reasonable;Very Strong;10.5;5.0;28.5;33.7;3.8;1.1;1.6;0.3;9.6;2.1;0.1;0.6;1.7;1.9;13.6;2.8;14.0;3.2;0;0;4;0.2;3.5;0.8;0.0;0.1;0.3;0.12;0.3;15;31;0;0;4.3;0.0;3.2;0.2;0.0;0.3;0;2.3;0;8;0.3;1.1;0.0;0.8;1.0;1.9;0.1;0.1
67196452;Nuha Marong;ST (C);ST (C);31;Spain;A. Baleares;Spanish Federation 1B;7 (15);695;6.93;Scouting Required;£0 - £5K;£950 - £1.4K p/w;30/6/2024;193 cm;Left-Footed;Very Strong;Reasonable;8.3;3.4;21.5;25.4;0.9;0.5;1.7;0.3;9.7;1.9;0.1;0.8;0.9;1.6;13.1;0.6;7.5;0.4;0;0;2;0.1;6.7;7.6;0.0;0.1;0.3;2.62;0.3;6;6;0;0;14.4;0.3;0.4;0.1;0.0;0.6;0;1.3;0;6;0.0;0.5;0.0;0.3;1.2;2.2;0.0;0.0
67183365;Higinio;ST (C);AM (RL), ST (C);30;Spain;Albacete;Second Division;41 (1);3126;6.89;Squad Player;£4.1M;£4.4K - £5K p/w;30/6/2025;184 cm;Right-Footed;Fairly Strong;Very Strong;14.5;2.2;18.4;21.3;0.9;0.7;1.0;0.3;7.0;1.6;0.2;0.6;0.8;1.2;11.6;0.6;5.8;0.5;0;0;9;0.1;8.0;2.8;0.0;0.1;0.3;5.66;0.3;48;78;1;0;10.8;0.1;0.5;0.1;0.0;0.5;0;1.4;0;16;0.1;0.7;0.0;0.7;1.4;2.4;0.0;0.0
57163403;Alexandru Ţîrlea;D (R);D/WB/M (R);24;Spain;Tarragona;Spanish Federation 1A;33;2776;6.83;Scouting Required;£10K - £95K;£1.5K - £2.1K p/w;30/6/2026;173 cm;Right-Footed Only;Weak;Very Strong;15.4;11.1;40.3;47.2;5.5;0.9;1.2;0.3;7.3;2.7;0.8;2.0;2.4;2.3;12.4;1.4;11.9;5.3;0;0;8;0.9;3.0;2.3;0.0;0.1;0.1;-1.05;0.1;41;29;7;1;5.4;0.1;6.2;1.0;0.0;0.1;0;1.3;1;2;0.3;1.2;0.0;0.2;0.2;0.8;0.2;0.2
2000213074;Marc Montalvo;M (C);DM, M (C);22;Spain;Tarragona;Spanish Federation 1A;1 (14);344;6.54;Scouting Required;£45K;£650 - £875 p/w;30/6/2026;182 cm;Right-Footed Only;Weak;Very Strong;3.7;9.4;45.0;50.5;4.4;1.3;1.0;0.3;11.5;1.8;0.5;1.3;0.3;1.6;12.5;0.0;7.8;0.3;0;0;1;0.0;2.1;2.4;0.0;0.2;0.0;0;0.0;5;2;0;0;4.4;0.3;0.3;0.0;0.0;0.0;0;0.0;0;0;0.0;2.4;0.0;0.0;0.0;0.0;0.0;0.0
2000024616;Joel Jorquera;AM (L);AM (L);23;Spain;Tarazona;Spanish Federation 1A;15;1028;6.76;Surplus to Requirements;£28K - £275K;£1.4K - £1.7K p/w;30/6/2024;170 cm;Left-Footed;Very Strong;Weak;19.6;4.5;26.4;29.8;2.9;1.7;1.8;0.3;13.6;3.0;0.3;1.2;1.8;1.8;12.3;2.7;12.3;4.6;0;0;3;0.6;4.2;1.1;0.0;0.1;0.1;0.16;0.1;19;18;3;0;5.3;0.0;5.7;0.7;0.0;0.1;0;0.8;0;4;0.3;2.9;0.0;0.6;0.4;1.1;0.0;0.0
67285530;Ousama Siddiki;M (R);M (R), AM (RL), ST (C);26;Morocco;Melilla;Spanish Federation 1B;26 (6);2051;6.74;Scouting Required;£0;£800 - £1.1K p/w;30/6/2024;179 cm;Right-Footed;Reasonable;Very Strong;15.3;7.0;32.7;38.2;3.4;0.4;1.3;0.3;17.0;3.4;0.3;0.7;1.9;2.2;12.8;3.6;11.8;4.0;0;0;6;0.3;2.9;1.8;0.0;0.1;0.1;0.68;0.1;20;35;2;0;4.7;0.0;4.0;0.3;0.0;0.1;0;1.0;0;9;0.2;0.4;0.0;0.1;0.4;0.6;0.0;0.1
19347267;Lucas Sena;D (R);D/WB (R);23;Brazil;Arenteiro;Spanish Federation 1A;35 (3);3058;6.81;Scouting Required;£7K - £65K;£350 - £525 p/w;30/6/2024;174 cm;Right-Footed;Reasonable;Very Strong;15.6;11.6;37.1;43.9;5.3;1.1;1.0;0.3;6.8;2.4;0.6;1.6;1.8;2.3;12.9;1.6;16.1;3.6;0;0;9;0.4;3.0;2.5;0.0;0.0;0.1;-1.02;0.1;40;34;4;0;5.5;0.2;3.6;0.4;0.0;0.0;0;1.1;0;6;0.1;1.1;0.0;0.3;0.1;0.7;0.3;0.3
67179484;Ñito González;AM (L);M (LC), AM (RLC);31;Spain;Ceuta;Spanish Federation 1B;39;3382;6.71;Scouting Required;£0;£1.4K - £2K p/w;30/6/2024;170 cm;Right-Footed;Strong;Very Strong;12.3;6.9;30.2;35.1;2.3;0.9;1.3;0.3;13.4;3.5;0.4;1.0;1.5;2.2;13.3;2.9;13.1;2.0;0;0;10;0.4;4.7;0.9;0.0;0.1;0.2;0.39;0.2;56;68;4;0;5.6;0.1;2.7;0.4;0.0;0.2;0;1.2;0;15;0.1;1.0;0.0;0.5;0.6;1.3;0.1;0.0
2000096637;Johaneko Louis-Jean;D (R);D (RL);19;France;Lugo;Spanish Federation 1A;35;3028;7.02;Breakthrough Prospect;£1.6M - £3.2M;£700 - £825 p/w;30/6/2025;175 cm;Right-Footed;Weak;Very Strong;14.5;11.2;42.3;48.7;6.0;1.2;1.0;0.3;8.0;2.3;0.7;1.5;2.5;2.3;13.0;1.5;15.0;4.7;0;0;9;0.7;1.8;2.6;0.0;0.1;0.1;-1.99;0.1;38;38;10;0;4.4;0.2;4.7;0.7;0.0;0.1;0;1.4;0;1;0.1;1.2;0.0;0.3;0.3;1.2;0.2;0.5
67277528;Iker Unzueta;AM (L);AM (L), ST (C);25;Spain;Amorebieta;Second Division;8 (22);1008;6.70;Emergency Backup;£26K - £250K;£1.4K - £1.7K p/w;30/6/2025;184 cm;Right-Footed;Reasonable;Very Strong;16.1;2.4;23.7;26.6;1.1;0.9;1.7;0.3;7.8;1.8;0.3;0.4;1.2;1.3;12.2;1.7;8.2;0.9;0;0;3;0.1;7.0;2.6;0.0;0.2;0.3;-0.92;0.3;20;20;1;0;9.6;0.1;0.9;0.1;0.0;0.2;0;1.1;0;13;0.1;0.9;0.0;1.2;1.5;2.8;0.1;0.1
67278120;Kike Ríos;D (C);D (C), DM;24;Spain;Cornellà;Spanish Federation 1A;5 (7);671;6.49;Scouting Required;£0;£280 - £400 p/w;30/6/2024;187 cm;Left-Footed;Very Strong;Reasonable;4.2;13.5;45.6;52.6;3.9;0.8;1.6;0.3;2.1;0.8;0.8;2.4;1.2;0.1;10.6;0.0;5.6;0.1;0;0;2;0.1;5.0;4.4;0.0;0.1;0.0;-0.24;0.0;3;1;1;0;9.4;0.1;0.1;0.1;0.0;0.0;0;0.8;0;0;0.1;0.9;0.0;0.0;0.1;0.1;0.1;1.2
2000056553;Javi Villar;M (C);DM, M (C);21;Spain;Unionistas;Spanish Federation 1A;40 (2);2682;6.76;Youngster;£130K - £450K;£875 - £1K p/w;30/6/2024;187 cm;Right-Footed;Reasonable;Very Strong;15.1;14.1;38.3;45.0;4.4;1.8;1.3;0.3;11.2;2.6;0.5;1.2;1.9;1.8;12.2;1.2;9.9;0.9;0;0;8;0.1;2.7;3.1;0.0;0.1;0.0;2.93;0.0;25;21;3;0;5.7;0.3;4.5;0.6;0.0;0.1;0;1.6;1;3;0.1;2.7;0.0;0.3;0.3;0.5;0.1;0.0
91017878;Christian Santos;ST (C);ST (C);36;Venezuela;Arenteiro;Spanish Federation 1A;22 (7);1676;6.75;Scouting Required;£0;£340 - £500 p/w;30/6/2024;184 cm;Left-Footed Only;Very Strong;Weak;18.7;2.1;19.0;22.6;0.8;0.6;1.1;0.3;6.8;1.2;0.1;0.5;0.8;0.7;12.1;1.2;6.7;0.5;0;0;5;0.0;7.5;5.6;0.0;0.1;0.4;-0.51;0.4;22;49;0;0;13.2;0.1;2.2;0.4;0.0;0.4;0;1.5;0;13;0.1;1.0;0.0;1.1;1.6;3.2;0.0;0.0
67260363;Javi Mier;M (C);DM, M (C);25;Spain;Huesca;Second Division;17 (10);1340;6.79;Scouting Required;£60K - £600K;£2.2K - £3.1K p/w;30/6/2026;176 cm;Right-Footed;Reasonable;Very Strong;8.7;10.2;47.4;52.9;4.6;1.0;1.8;0.3;10.5;2.6;0.6;1.1;1.6;2.4;13.6;0.7;12.8;0.6;0;0;4;0.1;2.4;0.7;0.0;0.1;0.1;-0.87;0.1;10;8;0;0;3.0;0.1;0.6;0.1;0.0;0.0;0;1.9;0;1;0.1;1.0;0.0;0.4;0.1;0.5;0.0;0.1
2000126412;Ferrán;D (R);D/WB (R);21;Spain;R. Madrid B;Spanish Federation 1B;14 (9);1330;6.83;Scouting Required;£30K - £325K;£400 - £550 p/w;30/6/2024;172 cm;Right-Footed;Reasonable;Very Strong;7.4;9.9;47.4;51.8;5.9;0.5;0.6;0.3;5.5;1.5;0.4;0.7;2.5;2.3;13.4;0.9;9.8;0.6;0;0;4;0.1;0.7;2.0;0.0;0.1;0.1;0.19;0.0;23;7;2;0;2.7;0.0;0.6;0.1;0.0;0.1;0;1.3;0;1;0.1;0.5;0.0;0.3;0.1;0.5;0.1;0.0
67240585;Alberto Toril;ST (C);ST (C);27;Spain;Córdoba;Spanish Federation 1B;22 (8);1995;7.03;Regular Starter;£130K - £450K;£1.5K - £1.8K p/w;30/6/2025;187 cm;Right-Footed;Reasonable;Very Strong;6.9;2.2;23.1;26.8;0.8;0.5;0.8;0.3;5.1;1.4;0.1;0.2;0.3;0.6;11.5;0.8;4.7;0.0;0;0;6;0.0;2.3;3.1;0.0;0.1;0.3;4.46;0.3;19;29;1;0;5.4;0.1;0.0;0.0;0.0;0.5;0;1.6;0;11;0.0;0.5;0.0;0.4;1.3;2.4;0.0;0.0
2002072685;Javier;AM (C);M/AM (C), ST (C);15;Spain;Málaga;Spanish Federation 1B;4;332;6.83;Youngster;£170K - £450K;£55 p/w;30/6/2028;174 cm;Left-Footed;Very Strong;Reasonable;10.6;5.2;43.9;50.7;4.1;1.4;1.9;0.3;6.8;1.6;0.0;1.1;1.4;1.6;13.3;0.5;8.4;0.5;0;0;1;0.0;1.1;0.5;0.0;0.2;0.3;-0.17;0.3;2;4;0;0;1.6;0.0;0.5;0.0;0.0;0.3;0;3.0;0;1;0.0;1.4;0.0;0.5;0.8;1.9;0.0;0.0
67248160;Cristian Rodríguez;AM (C);M (RC), AM (LC);28;Spain;Ceuta;Spanish Federation 1B;3 (23);2653;7.01;Scouting Required;£0 - £12K;£2.1K - £3K p/w;30/6/2024;181 cm;Right-Footed;Reasonable;Very Strong;11.8;6.6;37.6;44.2;2.9;0.8;1.3;0.3;10.3;2.2;0.2;0.5;2.1;1.9;13.6;1.4;10.4;0.7;0;0;8;0.2;2.6;0.6;0.0;0.2;0.1;1.88;0.1;13;38;2;0;3.2;0.0;4.7;1.0;0.0;0.2;0;1.2;0;3;0.2;1.8;0.0;1.0;0.6;1.4;0.0;0.1
67275941;Mario;D (R);D/WB (R);25;Spain;Oviedo;Second Division;7 (9);661;6.83;Squad Player;£8K - £22K;£2.6K - £3K p/w;30/6/2026;177 cm;Right-Footed Only;Weak;Very Strong;12.9;9.9;41.9;49.7;5.2;1.2;0.8;0.3;6.4;1.8;0.4;1.6;3.0;2.6;12.6;0.7;12.7;3.0;0;0;2;0.3;1.4;1.4;0.0;0.1;0.1;-0.67;0.1;2;5;1;0;2.7;0.1;3.0;0.3;0.0;0.0;0;0.7;0;0;0.1;1.2;0.0;0.1;0.0;0.4;0.3;0.5
2000052033;Víctor;D (C);D (C);21;Spain;Murcia;Spanish Federation 1B;7 (5);656;6.67;Scouting Required;£40K - £160K;£250 - £340 p/w;30/6/2025;185 cm;Right-Footed Only;Weak;Very Strong;6.2;10.3;53.0;60.2;3.6;0.4;1.9;0.3;2.3;0.5;0.3;1.1;2.3;1.0;11.1;0.0;2.9;0.1;0;0;2;0.1;0.4;4.3;0.0;0.1;0.0;-0.35;0.0;2;0;1;0;4.7;0.3;0.1;0.1;0.0;0.0;0;1.0;1;0;0.0;0.4;0.0;0.1;0.1;0.8;0.3;0.3
67086980;Fer Ruiz;AM (R);M (R), AM (RLC);32;Spain;Fuenlabrada;Spanish Federation 1A;4 (24);654;6.68;Scouting Required;£0;£1.3K - £1.9K p/w;30/6/2024;183 cm;Right-Footed;Weak;Very Strong;17.2;3.6;28.6;34.0;1.1;0.8;0.7;0.3;11.4;2.5;0.3;0.6;1.5;2.1;13.0;2.2;11.4;4.1;0;0;2;0.7;3.6;2.6;0.0;0.2;0.4;-1.66;0.4;11;6;0;0;6.2;0.0;4.1;0.7;0.0;0.1;0;1.2;0;2;0.0;0.8;0.0;1.5;0.7;3.7;0.0;0.0
67154515;Sabin Merino;ST (C);M/AM (L), ST (C);32;Spain;Ferrol;Second Division;23 (4);1956;6.64;Scouting Required;£22K - £230K;£2.3K - £3.6K p/w;30/6/2025;187 cm;Right-Footed;Fairly Strong;Very Strong;12.9;2.2;18.7;21.9;1.1;0.4;1.4;0.3;8.7;1.8;0.4;0.2;0.9;1.0;12.0;1.5;6.7;1.0;0;0;6;0.2;6.1;3.4;0.0;0.1;0.2;3.77;0.2;28;36;0;0;9.5;0.0;1.0;0.2;0.0;0.4;0;0.9;0;19;0.0;0.4;0.0;0.7;0.9;2.2;0.0;0.0
67252956;Apa;D (R);D (R);24;Spain;S.D. Logroñés;Spanish Federation 1A;3 (5);325;6.63;Scouting Required;£20K;£430 - £600 p/w;30/6/2025;180 cm;Right-Footed Only;Weak;Very Strong;17.7;7.5;42.1;45.4;6.1;1.1;1.4;0.3;7.2;1.4;1.1;1.1;1.7;1.1;13.7;0.6;13.3;2.5;0;0;1;0.8;1.9;3.0;0.0;0.2;0.0;1;0.0;2;1;0;0;5.0;0.6;2.5;0.8;0.0;0.3;0;0.8;0;0;0.3;1.1;0.0;0.3;0.3;0.3;0.0;0.6
67211902;Sergio Molina;DM;DM, M (C);28;Spain;F.C. Andorra;Second Division;43;3574;6.83;Regular Starter;£0 - £35K;£1.3K - £1.6K p/w;30/6/2024;178 cm;Right-Footed;Fairly Strong;Very Strong;6.7;9.4;48.4;54.0;4.8;1.0;1.5;0.3;9.2;2.3;0.7;1.1;1.6;1.7;12.7;0.4;10.0;0.1;0;0;11;0.1;2.1;0.7;0.0;0.1;0.0;1.89;0.0;23;22;2;0;2.8;0.0;0.2;0.1;0.0;0.1;0;1.1;0;1;0.1;1.1;0.0;0.2;0.2;0.4;0.2;0.1
83328794;César Sousa;M (C);DM, M (C);24;Portugal;Antequera;Spanish Federation 1B;3 (8);323;6.83;Scouting Required;£0 - £26K;£675 - £950 p/w;30/6/2024;173 cm;Right-Footed;Weak;Very Strong;9.2;7.8;36.8;42.4;3.9;1.1;1.4;0.3;17.6;3.9;0.0;2.2;1.1;2.0;14.1;1.1;12.3;0.6;0;0;1;0.3;1.7;1.7;0.0;0.1;0.1;0.62;0.1;8;1;1;0;3.3;0.0;0.6;0.3;0.0;0.3;0;0.6;0;1;0.0;1.1;0.0;0.6;1.1;1.4;0.3;0.0
67295028;Brais Val;M (C);DM, M (C);22;Spain;Coruña;Spanish Federation 1A;1 (19);644;6.64;Surplus to Requirements;£100K - £1M;£2.1K - £2.5K p/w;30/6/2026;184 cm;Right-Footed;Reasonable;Very Strong;7.3;9.8;43.2;50.7;4.3;0.4;0.6;0.3;9.1;2.0;0.4;1.1;1.3;1.1;12.8;0.6;12.4;0.3;0;0;2;0.0;2.1;1.3;0.0;0.2;0.0;0.77;0.0;9;1;0;0;3.4;0.1;0.3;0.0;0.0;0.1;0;1.0;0;0;0.1;0.4;0.0;0.1;0.3;0.4;0.1;0.1
67042883;Iván Turrillo;DM;DM, M/AM (C);35;Spain;Algeciras;Spanish Federation 1B;29 (6);2569;6.76;Fringe Player;£500 - £5K;£625 - £725 p/w;30/6/2024;183 cm;Right-Footed;Reasonable;Very Strong;9.2;6.6;32.8;38.5;2.2;0.7;1.3;0.3;11.8;2.8;0.2;0.6;1.2;1.9;13.0;0.6;12.7;0.6;0;0;8;0.2;2.7;3.0;0.0;0.1;0.1;0.04;0.1;50;23;3;0;5.7;0.4;3.0;0.5;0.0;0.1;0;1.2;0;5;0.2;1.1;0.0;0.9;0.7;1.3;0.0;0.1
67138768;José Ángel;DM;DM, M (C);32;Spain;Coruña;Spanish Federation 1A;41;3207;6.94;Scouting Required;£95K - £950K;£2.1K - £3.2K p/w;30/6/2025;182 cm;Left-Footed;Very Strong;Weak;8.1;11.7;50.5;56.7;4.8;1.4;0.8;0.3;10.9;3.0;0.2;1.0;1.5;2.6;12.7;0.6;12.3;0.4;0;0;10;0.1;2.3;1.5;0.0;0.1;0.0;0.72;0.0;48;24;3;0;3.8;0.3;2.9;0.5;0.0;0.1;0;1.5;0;2;0.1;1.4;0.0;0.3;0.2;0.5;0.1;0.1
67200922;Andoni López;D (C);D/WB (L);28;Spain;Ponferrada;Spanish Federation 1A;27;2237;6.89;Scouting Required;£130K - £1.3M;£1.9K - £2.7K p/w;30/6/2026;187 cm;Left-Footed;Very Strong;Weak;14.1;12.4;32.1;38.4;4.7;1.5;0.9;0.3;11.5;2.5;0.8;1.4;3.1;2.5;13.1;1.8;13.4;5.2;0;0;7;0.7;1.3;3.7;0.0;0.1;0.0;-0.93;0.0;44;23;7;0;5.0;0.5;6.3;1.0;0.0;0.0;0;1.2;0;5;0.2;1.9;0.0;0.0;0.1;0.2;0.1;0.3
67193006;Pablo Clavería;M (C);DM, M (LC);28;Spain;Ponferrada;Spanish Federation 1A;20 (9);1907;6.94;Scouting Required;£140K - £1.4M;£1.5K - £2.3K p/w;30/6/2025;177 cm;Left-Footed;Very Strong;Weak;3.9;16.9;51.7;57.1;3.8;0.5;0.9;0.3;5.7;1.5;0.6;1.3;1.7;1.0;12.3;0.3;9.0;0.3;0;0;6;0.0;2.3;3.1;0.0;0.0;0.1;2.96;0.1;29;6;4;0;5.4;0.4;0.5;0.1;0.0;0.2;0;1.6;0;1;0.0;0.9;0.0;0.1;0.4;0.8;0.1;0.4
67223053;Luis Alcalde;AM (C);M (C), AM (LC);29;Pays Basque;Huelva;Spanish Federation 1B;18 (21);1891;6.65;Scouting Required;£230K - £850K;£1.9K - £2.6K p/w;30/6/2027;184 cm;Right-Footed;Reasonable;Very Strong;13.0;6.7;31.7;38.8;2.0;0.8;1.3;0.3;11.7;2.5;0.2;1.1;1.5;2.0;13.3;1.3;9.9;1.5;0;0;6;0.1;4.0;1.7;0.0;0.1;0.1;-0.95;0.1;30;25;0;0;5.7;0.1;3.1;0.3;0.0;0.1;0;0.9;0;9;0.1;1.0;0.0;0.2;0.3;0.7;0.0;0.0
67232001;Diego Villares;DM;DM, M (C);28;Spain;Coruña;Spanish Federation 1A;39;3150;7.05;Important Player;£700K - £1.5M;£3.4K - £3.9K p/w;30/6/2025;186 cm;Right-Footed;Weak;Very Strong;7.7;12.6;49.1;54.0;3.8;0.9;0.7;0.3;9.7;3.0;0.4;0.9;1.5;2.0;12.9;0.7;10.7;0.3;0;0;10;0.1;2.3;3.1;0.0;0.1;0.1;2.96;0.1;65;29;7;0;5.3;0.5;0.6;0.2;0.0;0.1;0;1.5;0;2;0.1;1.0;0.0;0.3;0.3;0.7;0.1;0.1
67204854;Haritz Albisua;DM;DM;31;Spain;Alcoyano;Spanish Federation 1B;24 (12);3146;6.87;Scouting Required;£0;£240 - £350 p/w;30/6/2024;187 cm;Right-Footed;Reasonable;Very Strong;9.1;8.3;48.2;55.2;4.7;0.9;1.3;0.3;9.0;2.5;0.5;1.5;1.7;2.2;12.9;0.3;7.5;0.3;0;0;10;0.1;2.7;1.8;0.0;0.1;0.1;1.29;0.1;37;16;3;0;4.5;0.4;0.3;0.1;0.0;0.1;0;1.4;1;2;0.1;0.9;0.0;0.7;0.4;1.0;0.1;0.3
2000024615;Javi Martín;AM (R);D/WB/M/AM (R);25;Spain;Mérida;Spanish Federation 1B;18 (12);1573;6.62;Scouting Required;£0;£650 - £900 p/w;30/6/2024;181 cm;Right-Footed;Reasonable;Very Strong;15.8;5.5;34.4;39.8;3.5;0.9;1.7;0.3;11.8;2.5;0.2;1.1;1.9;2.5;12.9;3.4;13.4;5.5;0;0;5;0.4;2.9;0.6;0.0;0.1;0.2;-1.81;0.2;28;25;0;0;3.5;0.1;5.6;0.4;0.0;0.1;0;0.9;0;6;0.1;0.9;0.0;0.2;0.3;0.8;0.0;0.0
67216778;Dani Raba;AM (C);AM (RC), ST (C);28;Spain;Leganés;Second Division;27 (16);2493;6.73;Scouting Required;£400K - £4.1M;£5.5K - £7.75K p/w;30/6/2027;184 cm;Left-Footed;Very Strong;Weak;14.2;2.4;22.7;26.5;1.0;0.5;1.6;0.3;7.5;1.7;0.2;0.3;1.0;1.3;12.0;1.2;7.7;0.7;0;0;8;0.0;7.3;1.8;0.0;0.1;0.3;1.46;0.3;30;52;0;0;9.1;0.1;1.1;0.1;0.0;0.3;0;0.9;0;16;0.0;0.6;0.0;1.1;1.4;2.6;0.0;0.1
67174733;Xavi Quintillà;D (L);D (LC);27;Spain;Alcorcón;Second Division;20 (12);3111;6.85;Scouting Required;£950K - £2.4M;£2.2K - £3.3K p/w;30/6/2026;179 cm;Left-Footed Only;Very Strong;Weak;11.5;14.0;39.8;46.1;5.5;1.2;1.2;0.3;9.9;2.5;0.7;1.4;2.9;3.2;13.2;1.2;16.5;2.6;0;0;10;0.3;2.2;2.5;0.0;0.1;0.0;-0.72;0.0;58;31;8;0;4.7;0.2;3.0;0.4;0.0;0.0;0;1.2;1;0;0.1;1.4;0.0;0.3;0.1;0.4;0.1;0.5
67199251;Damià Sabater;AM (C);M/AM (C);28;Spain;S.D. Logroñés;Spanish Federation 1A;34;2783;6.83;Scouting Required;£0 - £1K;£380 - £550 p/w;30/6/2024;178 cm;Right-Footed;Weak;Very Strong;14.3;10.7;39.3;45.2;3.4;1.6;1.5;0.3;10.9;3.2;0.5;1.1;1.4;1.7;11.3;1.0;7.1;0.9;0;0;9;0.1;3.8;2.5;0.0;0.2;0.1;0.12;0.1;30;25;5;1;6.3;0.5;2.0;0.3;0.0;0.1;0;1.0;0;2;0.2;2.2;0.0;0.2;0.2;0.5;0.1;0.0
67187875;Raúl Navarro;WB (R);D (RLC), WB (R), DM;30;Spain;Burgos;Second Division;34 (1);3090;6.81;Scouting Required;£55K - £550K;£1.5K - £2.4K p/w;30/6/2025;170 cm;Right-Footed;Reasonable;Very Strong;12.9;11.9;37.9;44.4;4.9;0.8;1.3;0.3;8.6;2.7;0.5;1.4;2.0;2.8;12.7;0.8;15.5;2.9;0;0;10;0.5;2.5;1.8;0.0;0.1;0.1;-2.51;0.1;25;22;3;0;4.3;0.1;2.9;0.5;0.0;0.0;0;1.4;0;2;0.1;0.8;0.0;0.1;0.1;0.6;0.3;0.6
67175209;Alain Oyarzun;AM (L);M (L), AM (LC);30;Spain;Real Irún;Spanish Federation 1A;33 (2);2773;6.88;Important Player;£1M;£1.7K - £2K p/w;30/6/2026;182 cm;Left-Footed;Very Strong;Reasonable;15.0;5.2;27.4;32.7;1.9;0.9;1.2;0.3;12.1;2.7;0.6;0.8;2.3;1.9;12.4;2.7;13.4;2.4;0;0;9;0.3;3.0;1.6;0.0;0.1;0.2;-0.51;0.2;31;40;2;1;4.6;0.0;5.4;0.7;0.0;0.2;0;1.1;0;5;0.1;1.6;0.0;0.6;0.6;1.8;0.0;0.0
2000139255;Assane;M (C);DM, M (C);24;Spain;A. Madrid B;Spanish Federation 1B;32 (1);2762;6.82;Surplus to Requirements;£4.5K - £45K;£300 - £360 p/w;30/6/2024;180 cm;Right-Footed;Weak;Very Strong;7.8;8.6;56.4;62.5;5.0;0.9;1.6;0.3;10.0;2.6;0.3;1.5;1.8;2.1;13.1;0.5;9.7;0.4;0;0;9;0.1;1.2;1.6;0.0;0.1;0.0;-0.5;0.0;45;14;5;2;2.9;0.4;0.6;0.2;0.0;0.0;0;1.3;2;0;0.1;1.0;0.0;0.3;0.1;0.5;0.1;0.3
67248331;Ekaitz Jiménez;D (L);D/WB/M/AM (L);28;Spain;Unionistas;Spanish Federation 1A;6 (17);920;6.76;Fringe Player;£0;£825 - £950 p/w;30/6/2024;169 cm;Left-Footed;Very Strong;Reasonable;11.9;14.5;36.7;43.3;5.3;0.9;1.1;0.3;10.2;3.0;0.5;1.2;2.2;2.8;12.1;0.6;13.2;2.9;0;0;3;0.6;3.4;1.5;0.0;0.2;0.1;1.74;0.1;8;11;2;0;4.9;0.2;7.5;1.1;0.0;0.3;0;1.7;0;1;0.1;1.0;0.0;0.3;0.3;0.7;0.1;0.2
67282689;David Alba;DM;DM, M (C);25;Spain;Fuenlabrada;Spanish Federation 1A;14 (15);1533;6.63;Scouting Required;£65K - £240K;£600 - £850 p/w;30/6/2025;186 cm;Right-Footed;Reasonable;Very Strong;6.6;10.7;47.3;52.5;4.5;1.1;1.0;0.3;9.6;2.8;0.3;1.3;0.9;2.2;12.7;0.4;9.0;0.5;0;0;5;0.1;2.5;1.5;0.0;0.3;0.1;0.33;0.1;23;6;0;1;4.0;0.3;0.5;0.1;0.0;0.1;0;1.6;0;2;0.0;1.1;0.0;0.4;0.3;1.1;0.1;0.2
1504124;Emilio Nsué;D (R);D/WB/M/AM (R), ST (C);34;Spain;Intercity;Spanish Federation 1B;36;3016;6.66;Impact Sub;£0 - £22K;£1.3K - £1.5K p/w;30/6/2024;178 cm;Right-Footed;Weak;Very Strong;9.2;8.9;48.4;53.8;6.5;0.5;1.4;0.3;7.5;2.3;0.2;1.2;1.7;2.4;12.4;0.8;15.0;2.6;0;0;10;0.3;1.9;1.6;0.0;0.1;0.1;-0.01;0.1;24;34;3;0;3.4;0.2;2.7;0.3;0.0;0.1;0;1.3;0;1;0.0;0.6;0.0;0.2;0.1;0.5;0.1;0.1
67154281;Luis Ruiz;D (L);D/WB (L);31;Spain;San Fernando;Spanish Federation 1B;36;2997;6.71;B Team Regular;£7K - £22K;£775 - £900 p/w;30/6/2024;181 cm;Left-Footed Only;Very Strong;Weak;10.9;15.4;38.5;45.9;5.7;0.6;1.2;0.3;10.3;2.8;0.5;1.7;1.8;3.6;12.5;0.8;13.0;3.2;0;0;10;0.5;2.3;4.9;0.0;0.1;0.1;-1.29;0.1;63;15;7;0;7.2;0.8;3.2;0.5;0.0;0.0;0;1.3;0;6;0.0;0.6;0.0;0.1;0.1;0.6;0.1;0.2
2000060659;Alberto Moreno;M (C);DM, M (C);24;Spain;Linares;Spanish Federation 1B;31 (6);2695;6.87;Scouting Required;£3.5K - £35K;£750 - £1.2K p/w;30/6/2025;175 cm;Right-Footed Only;Weak;Very Strong;9.8;7.4;58.5;66.0;3.1;0.7;1.1;0.3;11.7;3.0;0.2;0.7;1.8;2.2;12.7;0.8;7.1;0.5;0;0;9;0.0;2.4;1.1;0.0;0.1;0.1;1.42;0.1;23;32;1;0;3.5;0.1;0.5;0.0;0.0;0.1;0;1.4;0;3;0.0;0.7;0.0;0.4;0.3;0.6;0.1;0.1
67278145;Víctor Narro;AM (R);AM (RL), ST (C);24;Spain;Lugo;Spanish Federation 1A;31 (1);2386;7.07;Scouting Required;£1M - £2.6M;£2.2K - £3.3K p/w;30/6/2028;184 cm;Left-Footed Only;Very Strong;Weak;16.8;4.9;29.2;35.3;2.4;1.1;1.1;0.3;11.7;3.0;0.2;0.6;1.7;2.0;12.6;3.2;12.3;3.2;0;0;8;0.8;4.1;1.0;0.0;0.1;0.3;-0.73;0.3;32;31;1;0;5.2;0.1;3.2;0.8;0.0;0.3;0;1.3;0;8;0.1;1.2;0.0;0.8;1.1;2.4;0.0;0.0
67225488;Jacobo;AM (L);M/AM (RL);27;Spain;Alcorcón;Second Division;32 (2);2682;6.97;Scouting Required;£160K - £1.6M;£1.9K - £2.6K p/w;30/6/2025;179 cm;Right-Footed;Reasonable;Very Strong;19.4;5.7;26.3;32.2;2.5;1.5;1.2;0.3;10.9;2.3;0.2;0.9;1.6;1.9;12.4;2.6;12.9;4.0;0;0;9;0.7;4.0;1.1;0.0;0.2;0.1;4.65;0.1;30;44;1;1;5.1;0.0;4.4;0.8;0.0;0.3;0;1.2;0;8;0.3;1.7;0.0;0.3;0.5;1.1;0.0;0.0
67080317;Andy;DM;DM, M (C);34;Spain;Cartagena;Second Division;34 (5);2383;6.81;Fringe Player;£110K - £300K;£2.1K - £2.5K p/w;30/6/2026;185 cm;Left-Footed;Very Strong;Weak;8.5;10.2;45.1;50.3;4.2;1.1;1.3;0.3;9.4;2.3;0.5;0.9;1.8;1.5;12.8;0.8;11.9;0.6;0;0;8;0.1;1.8;1.7;0.0;0.2;0.2;-1.22;0.1;38;19;4;0;3.4;0.1;1.5;0.2;0.0;0.1;0;1.5;0;3;0.2;1.3;0.0;0.6;0.4;1.2;0.0;0.1
2000312779;Oriol Palomino;WB (R);D (RC), WB (R);19;Spain;Sabadell;Spanish Federation 1A;0 (10);297;6.84;Scouting Required;£9K - £90K;£240 - £370 p/w;30/6/2025;182 cm;Right-Footed;Reasonable;Very Strong;24.5;8.5;47.0;53.9;6.1;1.8;0.6;0.3;7.9;2.1;0.0;1.2;0.9;1.8;13.0;2.1;13.3;3.9;0;0;1;0.9;4.5;3.6;0.0;0.1;0.0;0;0.0;6;2;0;0;8.2;1.5;3.9;0.9;0.0;0.0;0;0.6;0;1;0.0;1.8;0.0;0.0;0.0;0.0;0.0;0.6
67265795;Nils Mortimer;AM (R);AM (RLC), ST (C);23;Spain;Granada B;Spanish Federation 1B;19 (9);1777;6.72;Scouting Required;£7K - £70K;£800 - £1.2K p/w;30/6/2024;178 cm;Left-Footed;Very Strong;Fairly Strong;12.5;6.7;30.0;35.5;2.8;1.0;1.8;0.3;12.3;2.7;0.5;0.8;2.8;2.1;13.1;2.9;11.9;2.3;0;0;6;0.4;3.5;2.3;0.0;0.1;0.1;-0.15;0.1;17;45;1;0;5.8;0.2;2.9;0.6;0.0;0.1;0;0.9;1;6;0.2;1.2;0.0;0.5;0.5;1.2;0.1;0.2
2000304487;Christantus Uche;DM;DM;21;Nigeria;Ceuta;Spanish Federation 1B;34;2664;6.84;Scouting Required;£12K - £120K;£950 - £1.3K p/w;30/6/2026;186 cm;Right-Footed;Reasonable;Very Strong;7.5;7.3;59.0;65.2;6.5;1.0;1.4;0.3;8.8;2.0;0.5;2.3;0.8;2.5;12.7;0.3;10.2;0.3;0;0;9;0.1;1.8;2.0;0.0;0.1;0.0;-0.25;0.0;36;13;3;0;3.7;0.3;0.3;0.1;0.0;0.0;0;1.0;0;5;0.1;1.0;0.0;0.5;0.3;0.8;0.2;0.3
67243961;Fermín;WB (L);D/WB/M/AM (L);27;Spain;Antequera;Spanish Federation 1B;39 (1);3522;6.80;Scouting Required;£0;£500 - £750 p/w;30/6/2024;177 cm;Left-Footed Only;Very Strong;Weak;10.0;12.8;31.1;36.8;5.4;0.9;1.0;0.3;10.8;2.9;0.6;1.2;2.4;2.7;13.1;0.9;11.6;3.9;0;0;12;0.4;1.6;3.0;0.0;0.1;0.0;-0.81;0.0;32;16;2;0;4.6;0.3;5.1;0.6;0.0;0.0;0;1.6;0;2;0.1;1.3;0.0;0.3;0.1;0.3;0.1;0.3
67246350;Luismi;AM (C);M (R), AM (RLC), ST (C);26;Spain;Antequera;Spanish Federation 1B;40;3496;6.87;Scouting Required;£0 - £16K;£1.4K - £2K p/w;30/6/2024;172 cm;Right-Footed;Weak;Very Strong;6.7;4.6;16.4;19.1;0.9;0.7;0.9;0.3;10.3;2.1;0.1;0.2;1.4;1.3;12.7;1.5;7.3;1.3;0;0;12;0.2;9.2;2.1;0.0;0.1;0.3;5.2;0.3;75;53;5;0;11.3;0.1;1.8;0.3;0.0;0.5;0;1.6;0;50;0.1;0.9;0.0;0.4;0.8;1.5;0.0;0.1
67248164;Andy Escudero;AM (L);M (C), AM (RLC);24;Spain;Tarragona;Spanish Federation 1A;35;2885;6.92;Regular Starter;£600K;£2.7K - £3.1K p/w;30/6/2026;189 cm;Left-Footed;Very Strong;Reasonable;15.3;11.1;30.4;34.4;1.9;1.1;1.1;0.3;9.4;1.8;0.3;0.6;1.4;1.2;12.9;1.3;11.0;0.7;0;0;10;0.1;4.5;2.0;0.0;0.2;0.2;-1.65;0.2;14;26;0;0;6.5;0.1;0.7;0.1;0.0;0.2;0;1.3;0;6;0.2;1.1;0.0;0.5;0.7;1.9;0.1;0.1
67176057;Ale Díez;D (R);D/WB (R);28;Spain;Ponferrada;Spanish Federation 1A;37;3163;6.72;Regular Starter;£35K - £110K;£975 - £1.1K p/w;30/6/2024;176 cm;Right-Footed Only;Weak;Very Strong;16.1;11.1;29.2;35.6;3.0;1.3;1.2;0.3;11.8;2.6;0.5;1.2;2.7;2.5;13.2;1.8;17.4;7.7;0;0;11;1.2;2.2;2.3;0.0;0.2;0.1;-1.87;0.1;73;33;9;0;4.6;0.2;7.7;1.2;0.0;0.0;0;1.3;0;4;0.1;1.3;0.0;0.1;0.0;0.4;0.1;0.5
67226594;Antonio Salado;AM (C);M/AM (RLC);27;Spain;S.D. Logroñés;Spanish Federation 1A;37;3162;6.89;Scouting Required;£0 - £5K;£430 - £650 p/w;30/6/2024;180 cm;Left-Footed;Very Strong;Reasonable;17.2;10.7;38.2;43.5;3.7;1.1;1.6;0.3;10.5;2.6;0.3;0.9;1.3;1.5;12.0;1.0;8.7;0.9;0;0;11;0.1;2.7;1.2;0.0;0.2;0.0;0.5;0.0;34;29;2;0;3.9;0.0;0.9;0.1;0.0;0.1;0;0.9;0;3;0.0;1.1;0.0;0.4;0.3;0.7;0.1;0.0
67257144;Jorge Mier;D (R);D (R);25;Spain;Amorebieta;Second Division;3 (6);287;6.64;Scouting Required;£120K;£1K - £1.5K p/w;30/6/2026;175 cm;Right-Footed Only;Weak;Very Strong;18.5;7.2;34.5;41.7;3.8;0.9;1.9;0.3;6.9;4.1;0.6;3.1;2.2;4.1;12.6;1.3;12.5;0.9;0;0;1;0.0;2.8;4.1;0.0;0.1;0.0;0;0.0;6;2;1;0;6.9;0.3;0.9;0.0;0.0;0.0;0;1.3;0;0;0.0;0.9;0.0;0.0;0.0;0.0;0.6;0.6
2000105125;Iván Ramos;ST (C);ST (C);22;Spain;Arenteiro;Spanish Federation 1A;1 (20);574;6.59;Scouting Required;£0;N/A;30/6/2024;181 cm;Right-Footed;Reasonable;Very Strong;22.4;0.6;18.8;22.3;0.9;0.8;1.4;0.3;5.8;0.8;0.0;0.3;0.9;0.5;11.1;0.6;4.9;0.9;0;0;2;0.2;8.5;2.8;0.0;0.0;0.4;-0.74;0.4;7;5;0;0;11.3;0.0;0.9;0.2;0.0;0.3;0;0.6;0;3;0.0;0.8;0.0;1.4;1.7;3.4;0.0;0.0
95078307;Jaume Jardí;AM (R);AM (RL), ST (C);22;Spain;Tarragona;Spanish Federation 1A;32 (2);2583;7.03;Scouting Required;£55K - £550K;£1.3K - £2K p/w;30/6/2026;175 cm;Left-Footed;Very Strong;Weak;17.9;5.2;29.4;35.0;2.8;1.4;1.3;0.3;11.7;3.0;0.2;0.7;2.2;1.9;12.0;2.7;11.1;3.7;0;0;9;0.7;2.4;2.3;0.0;0.2;0.2;2.09;0.2;23;52;0;0;4.7;0.0;4.0;0.8;0.0;0.3;0;1.3;0;7;0.1;1.4;0.0;0.7;0.8;2.1;0.0;0.0
67252282;Berto;AM (C);M (L), AM (LC), ST (C);26;Spain;Leonesa;Spanish Federation 1A;2 (20);571;6.76;Scouting Required;£55K;£260 - £380 p/w;30/6/2025;172 cm;Left-Footed;Very Strong;Reasonable;18.0;5.2;27.7;33.6;2.0;1.4;0.5;0.3;9.3;2.7;0.3;0.9;1.4;1.6;12.5;1.4;9.3;1.4;0;0;2;0.3;5.7;1.1;0.0;0.0;0.3;1.09;0.2;3;3;0;0;6.8;0.0;1.4;0.3;0.0;0.5;0;1.9;0;0;0.0;1.4;0.0;0.0;0.5;1.4;0.0;0.0
67223076;Ferni;AM (L);M (L), AM (RLC);26;Spain;S.D. Logroñés;Spanish Federation 1A;36;2849;7.00;Scouting Required;£0 - £5K;£350 - £470 p/w;30/6/2024;187 cm;Left-Footed;Very Strong;Weak;16.7;4.9;25.6;30.7;2.4;1.6;1.6;0.3;11.9;3.2;0.3;1.2;1.7;2.7;12.6;2.7;12.4;3.8;0;0;10;0.7;4.3;2.7;0.0;0.1;0.1;2.61;0.1;23;42;2;0;6.9;0.2;4.3;0.7;0.0;0.2;0;1.0;0;8;0.1;1.7;0.0;0.5;0.5;1.3;0.0;0.0
67187253;Carlos Albarrán;D (R);D/WB (R);30;Spain;Córdoba;Spanish Federation 1B;36;3096;6.88;Regular Starter;£200K - £650K;£2K - £2.3K p/w;30/6/2025;185 cm;Right-Footed Only;Weak;Very Strong;7.9;12.6;56.0;60.3;6.1;0.5;1.0;0.3;8.1;2.8;0.4;0.8;2.2;2.1;13.0;1.0;14.3;2.8;0;0;11;0.3;1.1;3.6;0.0;0.1;0.1;-0.75;0.1;48;27;4;0;4.7;0.3;2.8;0.3;0.0;0.0;0;1.4;0;4;0.1;0.5;0.0;0.1;0.1;0.4;0.2;0.2
67142068;Iker Undabarrena;DM;DM, M (C);29;Spain;Leganés;Second Division;21 (11);1966;6.89;Fringe Player;£0 - £8K;£2.7K - £3.2K p/w;30/6/2024;181 cm;Right-Footed;Fairly Strong;Very Strong;8.1;11.0;48.2;54.0;5.0;1.2;1.7;0.3;10.3;2.8;0.4;1.4;2.0;2.4;13.2;0.5;12.4;0.4;0;0;7;0.1;2.3;1.5;0.0;0.1;0.1;-1.38;0.1;15;11;1;0;3.8;0.1;0.4;0.1;0.0;0.0;0;1.0;0;0;0.2;1.2;0.0;0.2;0.2;0.5;0.3;0.3
2000122512;Unai Buján;AM (L);M (L), AM (RL);23;Spain;Atlético Pamplona B;Spanish Federation 1A;31 (4);2525;6.93;Fringe Player;£0 - £100K;£250 - £290 p/w;30/6/2026;170 cm;Left-Footed;Very Strong;Reasonable;15.8;3.8;26.6;31.8;2.6;1.8;1.5;0.3;10.0;2.2;0.2;1.1;1.5;2.0;12.2;3.0;11.6;4.3;0;0;9;0.6;4.6;1.1;0.0;0.2;0.1;0.85;0.1;27;39;1;0;5.7;0.0;10.0;1.3;0.0;0.1;0;1.0;0;6;0.2;1.8;0.0;0.5;0.6;1.1;0.1;0.0
67071983;Unai Medina;D (R);D/WB (R);34;Spain;Ibiza;Spanish Federation 1B;3 (20);556;6.66;Scouting Required;£4K - £40K;£1.5K - £2.3K p/w;30/6/2025;177 cm;Right-Footed;Weak;Very Strong;7.6;10.5;41.9;47.1;4.7;0.5;1.8;0.3;8.1;2.3;1.0;2.1;2.6;2.9;14.2;1.0;12.9;2.3;0;0;2;0.0;3.2;1.5;0.0;0.1;0.0;-0.12;0.0;8;3;0;0;4.7;0.0;2.3;0.0;0.0;0.0;0;1.6;0;1;0.2;0.5;0.0;0.3;0.2;0.3;0.0;0.5
219036;Dani García;AM (R);AM (RLC), ST (C);25;Spain;Melilla;Spanish Federation 1B;34 (1);3332;6.88;Scouting Required;£60K - £600K;£975 - £1.3K p/w;30/6/2025;180 cm;Right-Footed;Fairly Strong;Very Strong;9.8;5.1;29.9;34.4;1.8;0.6;1.1;0.3;11.2;2.6;0.1;1.1;1.9;1.5;13.4;2.2;7.9;1.1;0;0;12;0.1;4.1;1.0;0.0;0.1;0.3;1.39;0.2;24;57;1;0;5.1;0.0;2.4;0.4;0.0;0.3;0;1.2;0;13;0.1;0.9;0.0;0.3;0.6;0.9;0.0;0.1
45030288;Kento Hashimoto;DM;DM, M (C);30;Japan;Huesca;Second Division;34 (1);2774;6.92;Scouting Required;£300K - £3.1M;£3.5K - £4.8K p/w;30/6/2025;183 cm;Right-Footed;Weak;Very Strong;7.8;12.6;46.8;52.3;5.0;0.9;1.4;0.3;10.3;3.0;0.3;0.9;1.5;2.8;12.9;0.9;11.3;0.3;0;0;10;0.2;2.0;1.5;0.0;0.1;0.1;-0.59;0.1;40;25;4;0;3.6;0.1;0.3;0.2;0.0;0.0;0;1.2;0;0;0.2;0.9;0.0;0.2;0.1;0.4;0.1;0.3
67255989;Lucas De Vega;M (C);DM, M/AM (C);24;Brazil;Amorebieta;Second Division;2 (7);277;6.65;Scouting Required;£190K - £700K;£1.7K - £2.3K p/w;30/6/2026;178 cm;Right-Footed;Weak;Very Strong;10.4;5.2;55.6;62.1;6.2;1.6;1.0;0.3;6.2;2.9;0.6;0.6;1.0;0.6;11.4;0.3;6.2;1.0;0;0;1;0.0;1.0;0.0;0.0;0.2;0.1;-0.37;0.1;0;2;0;0;1.0;0.0;1.0;0.0;0.0;0.0;0;1.9;0;0;0.0;1.6;0.0;0.6;0.3;1.0;0.0;0.6
67198920;Brais Abelenda;AM (R);M/AM (R);28;Spain;Ponferrada;Spanish Federation 1A;30 (2);2489;6.86;Scouting Required;£95K - £950K;£1.4K - £2.1K p/w;30/6/2025;179 cm;Right-Footed;Reasonable;Very Strong;13.7;5.8;28.2;33.3;2.3;1.1;1.2;0.3;11.4;2.9;0.1;0.8;1.6;2.6;12.6;2.0;12.5;3.4;0;0;9;0.7;4.5;1.4;0.0;0.2;0.1;2.96;0.1;41;40;1;0;5.9;0.0;3.4;0.7;0.0;0.3;0;1.3;0;17;0.0;1.2;0.0;0.5;0.7;1.5;0.0;0.0
2000013687;Hugo Novoa;AM (R);WB/M (R), AM (RL), ST (C);21;Spain;Villarreal B;Second Division;13 (11);1377;7.00;Scouting Required;£80K - £800K;£11.75K - £16K p/w;30/6/2025;182 cm;Right-Footed;Reasonable;Very Strong;21.2;3.7;29.4;34.1;2.2;1.2;1.4;0.3;10.5;3.0;0.3;0.9;1.9;2.3;12.9;2.7;15.0;2.4;0;0;5;0.4;4.6;1.0;0.0;0.1;0.2;-0.04;0.2;9;21;0;0;5.6;0.1;5.1;0.5;0.0;0.2;0;0.8;0;5;0.1;1.7;0.0;0.6;0.7;1.7;0.0;0.0
67291631;Enol Coto;D (R);D (R);23;Spain;Murcia;Spanish Federation 1B;30 (1);2464;6.82;Scouting Required;£7K - £75K;£1.5K - £2.1K p/w;30/6/2027;174 cm;Right-Footed;Reasonable;Very Strong;11.5;13.5;36.5;41.8;3.6;1.1;1.5;0.3;12.3;3.5;0.8;1.5;2.5;3.1;12.9;1.5;15.6;4.8;0;0;9;0.7;1.4;4.3;0.0;0.1;0.1;-0.86;0.1;46;14;7;0;5.6;0.6;5.2;0.7;0.0;0.0;0;1.4;0;6;0.1;1.1;0.0;0.4;0.4;0.8;0.3;0.3
67272993;Pascu;DM;D (R), DM, M (C);24;Spain;Tarazona;Spanish Federation 1A;38;3277;6.94;Squad Player;£0;£675 - £800 p/w;30/6/2024;181 cm;Right-Footed;Weak;Very Strong;11.1;9.7;37.7;43.6;3.0;0.9;1.3;0.3;11.2;2.7;0.5;0.9;1.8;1.8;12.1;0.9;10.1;0.8;0;0;12;0.1;3.0;1.2;0.0;0.2;0.1;2.05;0.1;26;35;0;0;4.2;0.3;6.0;0.7;0.0;0.2;0;1.1;0;0;0.4;1.3;0.0;0.4;0.5;1.2;0.0;0.0
2000022151;Miguel Román;M (C);DM, M (C);21;Pays Basque;Vigo B;Spanish Federation 1A;19 (13);1631;6.91;Scouting Required;£24K - £240K;£625 - £900 p/w;30/6/2026;187 cm;Right-Footed;Weak;Very Strong;9.8;12.2;43.4;49.3;3.9;1.3;1.4;0.3;10.1;3.2;0.4;1.5;0.9;1.5;12.4;0.5;9.9;0.8;0;0;6;0.0;2.0;3.4;0.0;0.1;0.1;-1.08;0.1;21;5;3;0;5.4;0.7;3.0;0.2;0.0;0.0;0;1.2;0;2;0.3;1.3;0.0;0.3;0.2;0.7;0.1;0.0
67258818;Marc Baró;D (L);D (LC), WB (L);24;Spain;Murcia;Spanish Federation 1B;5 (5);542;6.56;Surplus to Requirements;£0;£1.5K - £1.7K p/w;30/6/2024;184 cm;Left-Footed;Very Strong;Reasonable;8.0;10.1;33.7;38.5;3.0;0.5;2.3;0.3;10.5;2.5;1.2;0.7;2.0;2.7;12.7;0.3;12.3;3.2;0;0;2;0.8;2.5;2.0;0.0;0.1;0.2;-0.03;0.0;1;1;1;0;4.5;0.3;6.8;1.5;0.0;0.2;0;1.2;0;0;0.0;2.0;0.0;0.3;0.3;0.7;0.0;0.0
2000101543;Roberto Fernández;ST (C);ST (C);21;Spain;Málaga;Spanish Federation 1B;24 (5);2153;7.14;Important Player;£600K - £1.4M;£5.25K p/w;30/6/2028;186 cm;Right-Footed;Reasonable;Very Strong;8.2;4.5;24.2;28.6;0.7;0.8;1.2;0.3;7.0;1.8;0.2;0.2;1.0;1.3;12.9;1.7;8.4;0.9;0;0;8;0.2;2.8;4.1;0.0;0.1;0.5;1.28;0.5;47;48;2;0;6.9;0.3;0.9;0.2;0.0;0.5;0;2.0;0;35;0.2;0.8;0.0;0.6;1.0;2.5;0.0;0.1
67118371;Álvaro Vázquez;ST (C);ST (C);33;Spain;Linares;Spanish Federation 1B;31 (2);2690;6.98;Scouting Required;£500 - £3K;£2.2K - £3.1K p/w;30/6/2024;182 cm;Right-Footed;Fairly Strong;Very Strong;7.8;4.5;31.2;35.5;0.9;0.6;1.2;0.3;7.4;1.4;0.0;0.1;1.5;0.8;12.9;1.4;5.0;0.2;0;0;10;0.1;5.1;3.2;0.0;0.1;0.2;2.22;0.2;20;64;0;0;8.4;0.0;0.2;0.1;0.0;0.3;0;1.5;0;10;0.1;0.6;0.0;0.2;0.6;1.2;0.0;0.0
67198419;Pablo Fernández;AM (R);AM (R), ST (C);27;Spain;Tarragona;Spanish Federation 1A;3 (10);537;6.66;Scouting Required;£8K - £85K;£1K - £1.4K p/w;30/6/2025;192 cm;Right-Footed;Fairly Strong;Very Strong;12.7;2.8;17.3;20.9;1.2;0.8;1.0;0.3;7.9;1.7;0.0;0.3;1.7;1.5;11.3;0.3;6.5;0.5;0;0;2;0.2;7.9;1.8;0.0;0.1;0.5;-2.26;0.5;5;13;0;0;9.7;0.2;0.5;0.2;0.0;0.2;0;1.0;0;3;0.0;0.8;0.0;1.3;1.2;3.9;0.0;0.0
67260127;Antonio Moyano;M (C);DM, M/AM (C);23;Spain;Sabadell;Spanish Federation 1A;38;3222;7.02;Scouting Required;£75K - £750K;£1.2K - £1.7K p/w;30/6/2025;178 cm;Right-Footed;Reasonable;Very Strong;13.9;13.6;35.5;41.5;2.6;0.9;1.0;0.3;9.2;2.8;0.1;0.6;1.8;1.8;12.7;1.2;10.2;0.9;0;0;12;0.1;3.9;1.7;0.0;0.2;0.3;1.82;0.3;25;41;5;0;5.6;0.0;1.5;0.3;0.0;0.4;0;1.5;0;7;0.2;1.4;0.0;0.9;1.0;2.3;0.0;0.0
2000052914;Joel Arumí;WB (L);D/WB (L);24;Spain;A. Madrid B;Spanish Federation 1B;26 (7);2414;6.72;Scouting Required;£22K;£925 - £1.3K p/w;30/6/2025;180 cm;Left-Footed;Very Strong;Weak;9.2;12.2;46.7;53.0;5.9;0.7;1.9;0.3;10.2;2.7;0.6;2.1;2.5;2.9;13.2;2.2;13.2;1.9;0;0;9;0.3;1.8;1.9;0.0;0.1;0.0;0.14;0.0;26;10;2;0;3.7;0.3;2.0;0.3;0.0;0.0;0;1.3;0;2;0.1;0.7;0.0;0.3;0.1;0.4;0.1;0.1
43271177;Alessio Miceli;M (C);DM, M (C);24;Italy;S.D. Logroñés;Spanish Federation 1A;11 (23);1608;6.80;Fringe Player;£0;£330 - £380 p/w;30/6/2024;179 cm;Right-Footed;Reasonable;Very Strong;12.1;10.5;42.6;49.0;4.2;1.2;1.5;0.3;10.5;3.0;0.4;1.7;1.7;1.8;12.4;0.8;8.8;0.5;0;0;6;0.0;1.9;1.7;0.0;0.1;0.1;-2.3;0.1;14;15;0;0;3.6;0.1;9.3;1.7;0.0;0.0;0;0.7;0;2;0.1;1.8;0.0;0.4;0.2;1.0;0.2;0.1
14249509;Thiago Ojeda;AM (L);M (L), AM (RLC);21;Argentina;Lugo;Spanish Federation 1A;4 (19);536;6.68;Scouting Required;£100K - £375K;£310 - £440 p/w;30/6/2025;188 cm;Right-Footed;Weak;Very Strong;19.1;3.9;29.4;33.2;3.4;1.7;0.8;0.3;12.1;3.0;0.3;0.8;2.2;1.7;12.8;1.5;11.6;3.7;0;0;2;0.3;4.4;3.7;0.0;0.1;0.3;-0.99;0.3;1;3;0;0;8.1;0.0;3.7;0.3;0.0;0.2;0;1.3;0;0;0.0;1.7;0.0;0.8;1.0;2.4;0.0;0.0
67293613;Sergio Santos;D (R);D (RC);23;Spain;Algeciras;Spanish Federation 1B;29 (2);2403;6.80;Scouting Required;£160K - £600K;£1.4K - £2.1K p/w;30/6/2025;180 cm;Right-Footed;Weak;Very Strong;12.8;14.8;32.4;39.0;3.6;1.0;1.2;0.3;9.8;2.8;0.7;1.8;2.5;3.0;12.9;1.2;15.9;5.8;0;0;9;0.6;1.1;5.7;0.0;0.1;0.0;-0.8;0.0;41;18;3;1;6.7;0.6;6.0;0.6;0.0;0.0;0;1.1;0;2;0.1;1.0;0.0;0.1;0.2;0.3;0.0;0.2
67226100;Rayco;AM (R);AM (RC);27;Spain;Amorebieta;Second Division;1 (9);267;6.82;Scouting Required;£0;£1.1K - £1.6K p/w;30/6/2024;178 cm;Right-Footed;Reasonable;Very Strong;15.5;3.0;31.0;36.4;2.7;1.7;1.7;0.3;9.4;2.0;0.0;0.3;1.3;3.7;12.9;1.7;10.8;2.0;0;0;1;0.0;4.4;0.0;0.0;0.1;0.3;1.06;0.3;6;1;1;0;4.4;0.0;2.0;0.0;0.0;0.7;0;1.3;0;0;0.0;1.7;0.0;1.3;1.7;2.7;0.0;0.0
67218773;Manu Sánchez;WB (R);D/WB/M/AM (R);28;Spain;Castellón;Spanish Federation 1B;23 (2);1863;6.89;Scouting Required;£0;£825 - £1.1K p/w;30/6/2024;183 cm;Right-Footed;Reasonable;Very Strong;14.0;8.4;41.1;47.8;4.3;1.1;1.4;0.3;10.7;3.5;0.3;1.4;2.3;2.2;13.3;1.9;14.8;5.2;0;0;7;0.8;0.9;2.0;0.0;0.2;0.0;-0.77;0.0;12;30;0;0;2.9;0.2;5.6;0.8;0.0;0.0;0;1.9;0;1;0.3;1.1;0.0;0.1;0.2;0.5;0.0;0.0
2000131318;Pablo Marín;M (C);DM, M (C);20;Spain;Real San Sebastián B;Spanish Federation 1A;18 (7);1573;6.88;Youngster;£150K - £1.5M;£1.5K - £1.8K p/w;30/6/2027;192 cm;Left-Footed;Very Strong;Reasonable;8.6;13.3;36.3;41.8;2.7;0.9;1.4;0.3;10.6;2.7;0.6;1.5;2.5;2.4;12.6;1.5;11.8;1.8;0;0;6;0.3;2.3;1.3;0.0;0.1;0.0;0.26;0.0;7;10;0;0;3.6;0.2;3.3;0.5;0.0;0.1;0;0.9;0;0;0.1;1.1;0.0;0.3;0.2;0.6;0.0;0.2
2000188699;José Antonio De la Rosa;AM (L);M/AM (L);19;Spain;Huelva;Spanish Federation 1B;4 (10);524;6.95;Breakthrough Prospect;£50K - £500K;£310 - £360 p/w;30/6/2027;180 cm;Left-Footed;Very Strong;Reasonable;15.8;7.6;24.6;30.4;2.7;1.7;1.7;0.3;13.9;4.1;0.3;1.0;2.1;4.6;13.8;4.0;12.2;6.7;0;0;2;0.9;6.7;1.7;0.0;0.3;0.1;1.22;0.1;9;8;0;0;8.4;0.2;8.6;1.2;0.0;0.3;0;1.2;0;2;0.3;2.2;0.0;0.2;0.9;1.0;0.0;0.0
28106881;Samuel Shashoua;AM (C);M (RL), AM (RLC), ST (C);25;England;Albacete;Second Division;2 (9);262;6.95;Scouting Required;£700K - £1.8M;£2.7K - £4K p/w;30/6/2025;176 cm;Right-Footed;Fairly Strong;Very Strong;12.4;4.1;28.9;33.3;2.7;1.4;1.0;0.3;11.0;2.1;0.0;0.0;1.0;1.7;12.7;2.1;13.1;3.4;0;0;1;0.3;4.1;1.4;0.0;0.3;0.5;1.6;0.5;2;7;0;0;5.5;0.0;3.4;0.3;0.0;1.0;0;2.4;0;2;0.0;1.4;0.0;0.0;1.7;3.1;0.0;0.0
67249491;Imanol García;DM;DM, M (C);28;Spain;Alcoyano;Spanish Federation 1B;31;2616;7.01;Important Player;£3K - £28K;£1.9K - £2.2K p/w;30/6/2025;184 cm;Right-Footed;Reasonable;Very Strong;8.3;9.7;52.5;59.3;4.7;0.9;1.1;0.3;10.3;2.8;0.3;1.0;1.8;2.5;12.9;1.4;7.2;0.6;0;0;10;0.1;2.3;1.5;0.0;0.1;0.1;2.77;0.0;58;23;4;0;3.8;0.2;0.7;0.1;0.0;0.2;0;1.4;0;1;0.1;0.9;0.0;0.7;0.4;0.9;0.1;0.1
2000302163;Alex Rodríguez;D (R);D (R);22;Spain;Sanluqueño;Spanish Federation 1B;3 (3);260;6.74;Scouting Required;£500 - £2.5K;£450 - £625 p/w;30/6/2025;178 cm;Right-Footed Only;Weak;Very Strong;10.7;13.5;42.9;48.1;4.2;0.7;2.1;0.3;10.7;2.8;0.0;1.7;2.1;3.1;13.3;1.4;11.1;3.1;0;0;1;0.3;1.0;2.8;0.0;0.1;0.1;-0.2;0.1;4;1;1;0;3.8;0.0;3.1;0.3;0.0;0.0;0;1.7;0;0;0.3;0.7;0.0;0.7;0.3;1.0;0.0;0.0
2000045480;Etienne Eto'o;ST (C);ST (C);21;Spain;R. Majadahonda;Spanish Federation 1A;0 (14);258;6.71;Scouting Required;£9K - £95K;£480 - £650 p/w;30/6/2025;192 cm;Right-Footed;Reasonable;Very Strong;23.0;0.0;20.2;22.7;1.0;0.7;0.7;0.3;6.3;1.4;0.0;0.3;0.3;0.7;11.4;0.0;5.9;0.7;0;0;1;0.0;7.0;5.6;0.0;0.0;0.2;0.47;0.2;1;8;0;0;12.6;0.3;0.7;0.0;0.0;0.3;0;0.7;0;1;0.0;0.7;0.0;0.7;0.7;1.7;0.0;0.0
67246349;Vicente Esquerdo;M (C);M/AM (C);25;Spain;Arenteiro;Spanish Federation 1A;21 (2);1805;6.84;Important Player;£14K - £40K;£1.6K - £1.9K p/w;30/6/2024;182 cm;Left-Footed Only;Very Strong;Weak;16.4;12.0;26.0;30.8;1.8;1.0;1.3;0.3;9.4;1.9;0.3;0.9;1.7;1.6;13.2;1.0;12.2;1.1;0;0;7;0.2;5.5;1.2;0.0;0.2;0.2;0.1;0.2;6;22;0;0;6.8;0.1;1.8;0.2;0.0;0.2;0;0.8;0;4;0.1;1.0;0.0;0.4;0.6;1.3;0.0;0.0
67298778;Ismael Gutiérrez;M (C);DM, M (C);23;Spain;Mérida;Spanish Federation 1B;38;3352;6.91;Scouting Required;£18K - £190K;£1.2K - £1.8K p/w;30/6/2024;178 cm;Right-Footed;Reasonable;Very Strong;11.0;6.0;54.5;61.8;3.5;1.0;1.3;0.3;10.6;2.6;0.2;0.7;1.6;1.9;12.4;1.3;7.2;0.7;0;0;13;0.1;1.7;1.0;0.0;0.1;0.3;-1.61;0.2;20;37;0;0;2.8;0.0;1.5;0.2;0.0;0.2;0;1.0;0;4;0.1;1.2;0.0;0.7;0.5;1.3;0.1;0.1
67193445;Salvi Sánchez;AM (R);M (R), AM (RC);33;Spain;Espanyol;Second Division;27 (3);2046;7.05;Scouting Required;£450K - £1.6M;£5K - £7.25K p/w;30/6/2025;175 cm;Right-Footed;Fairly Strong;Very Strong;16.5;4.8;26.3;31.4;3.6;1.4;1.4;0.4;13.9;3.4;0.4;0.8;1.8;2.6;11.8;3.3;15.4;4.6;0;0;8;0.5;4.1;1.0;0.0;0.2;0.1;0.79;0.1;22;30;1;0;5.1;0.0;5.0;0.5;0.0;0.1;0;1.4;0;9;0.4;1.4;0.0;0.3;0.4;1.0;0.0;0.0
67225548;Álvaro Pérez;D (C);D (RC);28;Spain;Intercity;Spanish Federation 1B;5 (22);767;6.80;Fringe Player;£60K;£320 - £370 p/w;30/6/2025;181 cm;Right-Footed Only;Weak;Very Strong;7.5;9.0;59.7;65.1;6.0;0.6;1.4;0.4;6.1;2.0;0.6;1.4;1.9;0.9;12.5;0.5;6.5;1.6;0;0;3;0.2;1.9;3.5;0.0;0.1;0.1;-0.52;0.1;8;3;0;0;5.4;0.8;1.6;0.2;0.0;0.0;0;2.0;1;0;0.2;0.6;0.0;0.1;0.4;0.5;0.0;0.4
67192430;Iván Rodríguez;D (R);D (RL), WB (R);28;Spain;Córdoba;Spanish Federation 1B;8 (8);765;6.84;Fringe Player;£0;£1.5K - £1.8K p/w;30/6/2024;180 cm;Right-Footed Only;Weak;Very Strong;8.9;13.9;64.8;70.9;8.0;1.1;1.1;0.4;7.1;2.1;0.4;1.3;2.1;2.1;13.3;1.2;15.5;1.8;0;0;3;0.4;1.8;3.9;0.0;0.1;0.0;-0.4;0.0;3;5;0;0;5.6;0.4;1.8;0.4;0.0;0.0;0;1.4;1;0;0.1;1.1;0.0;0.4;0.4;0.8;0.1;0.2
67199152;Borja Fernández;M (C);DM, M (C);28;Spain;Algeciras;Spanish Federation 1B;27 (6);2280;6.96;Important Player;£0 - £18K;£1.1K - £1.3K p/w;30/6/2024;177 cm;Right-Footed;Reasonable;Very Strong;9.6;8.7;46.9;54.0;4.5;1.0;1.5;0.4;10.5;2.5;0.4;0.6;1.7;2.0;12.9;1.4;9.0;1.3;0;0;9;0.1;2.0;1.7;0.0;0.1;0.1;2.26;0.1;27;13;4;0;3.7;0.2;2.3;0.4;0.0;0.2;0;1.1;0;0;0.2;1.6;0.0;1.3;0.7;1.5;0.0;0.2
51067233;Patrick Soko;AM (R);M/AM (RL);26;Cameroon;Ibiza;Spanish Federation 1B;31 (6);1520;7.08;Scouting Required;£700K - £1.8M;£2.6K - £3.6K p/w;30/6/2025;176 cm;Right-Footed;Reasonable;Very Strong;14.8;8.2;29.9;35.6;2.8;1.2;1.9;0.4;11.0;2.7;0.4;1.0;2.2;1.6;13.1;3.9;10.5;6.6;0;0;6;0.7;1.7;4.1;0.0;0.1;0.2;2.8;0.2;17;35;1;0;5.7;0.1;6.9;0.7;0.0;0.4;0;1.8;0;9;0.1;1.2;0.0;0.3;1.6;2.5;0.0;0.2
67293764;Sergi García;AM (L);M (LC), AM (L);25;Spain;R. Majadahonda;Spanish Federation 1A;30 (6);2530;6.95;Scouting Required;£24K - £240K;£1K - £1.5K p/w;30/6/2025;195 cm;Right-Footed Only;Weak;Very Strong;10.9;11.6;36.7;42.3;3.1;1.2;1.2;0.4;11.0;3.1;0.4;1.4;2.0;2.0;12.5;0.9;10.2;0.9;0;0;10;0.2;2.0;2.1;0.0;0.2;0.2;-2.94;0.2;26;22;0;0;4.1;0.4;2.8;0.5;0.0;0.1;0;1.1;0;2;0.1;1.2;0.0;0.8;0.6;1.8;0.0;0.0
2000118116;Rafa Llorente;AM (L);AM (RL), ST (C);21;Spain;Linares;Spanish Federation 1B;18 (11);1508;6.84;Scouting Required;£110K - £1.1M;£460 - £625 p/w;30/6/2025;186 cm;Right-Footed;Reasonable;Very Strong;14.7;6.5;29.6;34.7;3.2;0.8;1.3;0.4;15.7;4.0;0.2;1.1;2.0;3.0;13.1;4.1;12.6;2.3;0;0;6;0.3;2.4;2.2;0.0;0.1;0.2;1.84;0.2;27;28;2;0;4.7;0.1;2.3;0.3;0.0;0.3;0;1.4;0;10;0.2;0.8;0.0;0.4;0.9;1.4;0.1;0.0
67135122;Dani Pinillos;D (L);D/WB (L);31;Spain;Huelva;Spanish Federation 1B;2 (26);501;6.67;Scouting Required;£0;£625 - £900 p/w;30/6/2024;183 cm;Left-Footed;Very Strong;Weak;10.1;14.6;34.5;39.9;5.9;0.7;1.6;0.4;11.9;3.2;1.8;3.1;2.0;3.4;14.7;0.9;15.4;5.2;0;0;2;0.4;3.6;5.9;0.0;0.1;0.0;-0.15;0.0;12;3;1;0;9.5;1.1;5.7;0.4;0.0;0.0;0;0.7;1;1;0.0;0.7;0.0;0.4;0.4;0.5;0.2;0.7
2000101061;Gerard Martín;D (L);D (LC), WB (L);22;Spain;Barcelona B;Spanish Federation 1A;26 (1);2251;6.88;Fringe Player;£65K - £190K;£1.4K - £1.6K p/w;30/6/2025;186 cm;Left-Footed Only;Very Strong;Weak;11.4;13.9;45.7;53.4;6.9;1.0;1.0;0.4;7.5;2.5;0.8;1.2;2.4;2.6;12.7;1.0;12.4;3.4;0;0;9;0.6;2.3;4.2;0.0;0.1;0.0;-0.1;0.0;27;19;5;2;6.6;0.6;3.4;0.6;0.0;0.0;0;1.6;0;0;0.0;1.0;0.0;0.0;0.0;0.0;0.2;0.6
67157742;Pol Llonch;DM;DM, M (C);31;Spain;Ponferrada;Spanish Federation 1A;31;2749;7.02;Important Player;£120K - £1.2M;£3.2K - £3.7K p/w;30/6/2026;171 cm;Right-Footed;Weak;Very Strong;7.2;13.8;46.6;51.9;4.5;0.9;1.0;0.4;10.4;2.9;0.4;0.9;2.0;2.1;13.4;0.7;12.3;0.6;0;0;11;0.1;2.0;2.1;0.0;0.2;0.1;-0.47;0.1;68;27;6;0;4.1;0.4;0.7;0.1;0.0;0.1;0;1.2;0;1;0.2;1.0;0.0;0.4;0.2;0.9;0.1;0.3
67295099;Antonio Aranda;AM (L);M (LC), AM (RLC);23;Spain;Lugo;Spanish Federation 1A;34;2740;7.05;Scouting Required;£120K - £1.2M;£2.5K - £3.6K p/w;30/6/2028;172 cm;Right-Footed;Weak;Very Strong;16.2;5.7;27.8;33.3;2.4;1.5;1.1;0.4;11.7;3.1;0.3;0.7;1.8;2.1;12.5;3.2;12.1;3.4;0;0;11;0.6;3.1;1.5;0.0;0.2;0.2;-1.57;0.2;31;39;2;0;4.6;0.0;3.7;0.6;0.0;0.2;0;1.4;0;10;0.2;1.5;0.0;0.7;0.7;2.1;0.1;0.0
67277708;Carlos Pérez;AM (R);M (C), AM (RC);24;Spain;Granada B;Spanish Federation 1B;33;2964;6.72;Fringe Player;£0;£290 - £340 p/w;30/6/2024;185 cm;Right-Footed;Weak;Very Strong;9.4;6.1;26.6;30.5;1.9;0.9;2.1;0.4;13.5;2.9;0.2;1.0;1.6;1.7;13.8;2.0;11.1;1.7;0;0;12;0.3;3.6;1.2;0.0;0.1;0.2;-2.69;0.2;35;30;5;0;4.8;0.0;1.8;0.3;0.0;0.1;0;1.1;0;3;0.2;1.0;0.0;0.7;0.4;1.2;0.0;0.1
67270687;Sergio Nieto;WB (L);D/WB (L);25;Spain;Alcoyano;Spanish Federation 1B;37;3206;6.85;Scouting Required;£7K - £75K;£1.4K - £1.9K p/w;30/6/2025;173 cm;Left-Footed Only;Very Strong;Weak;9.2;11.8;30.9;35.1;4.5;1.1;1.3;0.4;8.8;2.6;0.8;2.1;2.6;3.4;12.7;1.3;12.2;4.9;0;0;13;0.5;2.7;0.8;0.0;0.1;0.0;2.21;0.0;61;17;8;0;3.4;0.0;5.1;0.5;0.0;0.1;0;1.4;0;3;0.2;1.2;0.0;0.3;0.1;0.3;0.2;0.2
67289962;José Salinas;WB (L);D/WB (L);23;Spain;Elche;Second Division;12 (8);1228;6.77;Scouting Required;£150K - £1.5M;£1.2K - £1.7K p/w;30/6/2025;179 cm;Left-Footed;Very Strong;Weak;11.5;10.4;40.3;46.8;5.9;1.0;0.8;0.4;8.4;2.3;0.7;1.3;2.6;2.9;12.9;1.2;16.2;3.7;0;0;5;0.5;2.1;3.0;0.0;0.1;0.0;-0.5;0.0;22;7;3;0;5.1;0.3;5.0;0.6;0.0;0.0;0;1.4;0;1;0.1;1.0;0.0;0.1;0.1;0.3;0.1;0.2
67196208;Javi Jiménez;D (L);D/WB/M (L);28;Pays Basque;Ibiza;Spanish Federation 1B;19 (13);3188;6.78;Important Player;£140K - £1.4M;£2.2K - £3.1K p/w;30/6/2025;170 cm;Left-Footed;Very Strong;Reasonable;9.0;12.7;39.9;44.8;5.0;1.2;1.5;0.4;10.1;3.7;0.7;1.3;2.4;3.7;13.2;0.9;16.2;4.0;0;0;13;1.0;2.1;1.6;0.0;0.1;0.0;0.96;0.0;53;6;6;0;3.6;0.2;4.2;1.0;0.0;0.1;0;1.4;0;1;0.1;1.3;0.0;0.1;0.1;0.1;0.2;0.1
67244309;Víctor;M (C);M (C);24;Spain;Vigo B;Spanish Federation 1A;2 (6);243;6.80;Fringe Player;£26K;£330 - £390 p/w;30/6/2025;186 cm;Right-Footed;Reasonable;Very Strong;10.4;14.4;43.3;49.3;2.6;0.4;1.1;0.4;6.7;2.2;0.7;1.1;1.9;1.9;13.4;1.1;11.5;0.0;0;0;1;0.0;0.7;3.7;0.0;0.2;0.1;-0.36;0.1;3;3;0;0;4.4;0.0;0.0;0.0;0.0;0.0;0;1.1;0;0;0.4;0.4;0.0;0.0;0.4;0.7;0.4;0.0
2000048420;Txus Alba;M (C);M/AM (C);21;Spain;Antequera;Spanish Federation 1B;30 (1);2906;6.93;Scouting Required;£65K - £650K;£1.7K - £2.3K p/w;30/6/2025;172 cm;Right-Footed;Reasonable;Very Strong;8.8;7.6;50.5;57.2;6.3;1.0;1.0;0.4;11.2;3.2;0.2;0.7;1.8;2.0;12.1;0.7;5.1;0.8;0;0;12;0.1;3.2;0.8;0.0;0.1;0.1;-0.74;0.1;12;14;2;0;4.0;0.1;0.9;0.1;0.0;0.1;0;1.6;0;1;0.2;1.1;0.0;1.1;0.3;1.3;0.0;0.1
2000111197;Nico Toca;M (C);DM, M (C);21;Spain;Leonesa;Spanish Federation 1A;4 (8);484;6.63;Scouting Required;£85K - £325K;£220 - £320 p/w;30/6/2026;184 cm;Right-Footed;Fairly Strong;Very Strong;8.6;7.1;46.9;52.6;3.5;0.6;0.9;0.4;8.9;2.2;0.4;1.1;0.9;2.2;13.1;0.2;8.7;0.9;0;0;2;0.4;3.0;1.5;0.0;0.0;0.1;-0.45;0.1;10;1;1;0;4.5;0.4;0.9;0.4;0.0;0.0;0;1.3;0;0;0.0;0.6;0.0;0.2;0.2;0.7;0.0;0.2
67228769;Genaro;DM;D (C), DM, M (C);26;Spain;Málaga;Spanish Federation 1B;30 (4);2375;6.92;Regular Starter;£800K - £1.3M;£3.9K p/w;30/6/2026;185 cm;Right-Footed;Reasonable;Very Strong;7.3;9.7;50.4;56.8;7.7;1.0;1.3;0.4;9.5;3.0;0.2;0.8;1.6;2.0;13.4;0.5;11.3;0.3;0;0;10;0.2;1.4;3.1;0.0;0.1;0.1;0.06;0.1;30;13;4;0;4.5;0.2;0.3;0.2;0.0;0.1;0;2.1;1;0;0.1;1.0;0.0;0.5;0.5;1.1;0.1;0.1
2000077164;Pablo Tomeo;DM;DM, M (C);24;Spain;Mirandés;Second Division;20 (17);2130;6.84;Scouting Required;£100K - £1M;£1.4K - £1.9K p/w;30/6/2025;186 cm;Right-Footed Only;Weak;Very Strong;8.3;12.0;50.5;58.0;4.9;1.1;1.5;0.4;11.0;2.5;0.4;0.9;1.4;2.5;13.0;0.5;12.0;0.6;0;0;9;0.1;2.2;1.0;0.0;0.2;0.1;-0.7;0.1;23;11;2;0;3.2;0.2;0.6;0.1;0.0;0.0;0;1.4;0;1;0.0;1.1;0.0;0.4;0.3;0.8;0.1;0.3
28127218;Martin Šviderský;DM;DM, M (C);21;Slovakia;Murcia;Spanish Federation 1B;21 (11);1891;6.88;Breakthrough Prospect;£850K;£925 - £1.1K p/w;30/6/2027;180 cm;Left-Footed;Very Strong;Reasonable;10.3;9.1;58.4;67.0;5.1;1.4;1.7;0.4;12.6;3.4;0.3;1.0;1.5;2.6;13.2;1.2;7.9;0.3;0;0;8;0.1;1.8;1.6;0.0;0.1;0.0;-0.04;0.0;30;14;4;0;3.4;0.1;0.6;0.1;0.0;0.0;0;1.7;0;0;0.1;1.4;0.0;0.7;0.2;0.8;0.0;0.0
19237947;Matheus Pereira;AM (C);M/AM (RLC);26;Brazil;Eibar;Second Division;7 (6);704;6.87;Scouting Required;£100K - £1M;£1.9K - £2.8K p/w;30/6/2025;182 cm;Left-Footed;Very Strong;Reasonable;15.0;6.8;27.9;33.4;2.2;1.0;1.8;0.4;11.8;3.3;0.5;0.8;2.0;1.8;12.7;2.2;15.2;1.8;0;0;3;0.0;4.2;1.8;0.0;0.1;0.4;-1.95;0.4;8;8;0;0;6.0;0.0;3.7;0.3;0.0;0.1;0;2.0;0;2;0.5;1.3;0.0;0.5;0.8;2.6;0.0;0.0
43059738;Samuele Longo;ST (C);ST (C);32;Italy;Ponferrada;Spanish Federation 1A;1 (11);234;6.74;Scouting Required;£45K - £450K;£775 - £1.2K p/w;30/6/2026;185 cm;Right-Footed;Reasonable;Very Strong;20.4;1.2;18.8;22.7;0.8;0.8;1.2;0.4;7.7;0.8;0.0;0.4;0.0;1.5;11.3;0.4;5.8;0.8;0;0;1;0.0;7.7;2.3;0.0;0.2;0.5;0.64;0.5;1;4;0;0;10.0;0.0;0.8;0.0;0.0;0.8;0;1.5;0;2;0.4;0.8;0.0;0.8;2.7;5.0;0.0;0.0
67086579;Alfredo Ortuño;ST (C);ST (C);33;Spain;Cartagena;Second Division;36;3038;6.91;Regular Starter;£2.8M;£3.2K - £3.7K p/w;30/6/2026;184 cm;Left-Footed;Very Strong;Fairly Strong;15.8;2.5;18.6;21.9;0.8;0.6;1.2;0.4;6.2;1.4;0.1;0.5;0.9;1.0;11.6;0.7;6.9;0.4;0;0;13;0.1;5.8;4.1;0.0;0.1;0.3;0.84;0.3;40;65;0;0;9.9;0.0;0.4;0.1;0.0;0.3;0;1.3;0;19;0.1;0.6;0.0;0.7;1.2;2.7;0.0;0.0
2000057463;Joan Gallego;DM;DM, M (C);21;Spain;San Fernando;Spanish Federation 1B;4 (10);467;6.74;Scouting Required;£14K - £140K;£420 - £575 p/w;30/6/2025;174 cm;Right-Footed;Reasonable;Very Strong;7.5;8.3;36.8;44.3;4.0;0.4;0.8;0.4;7.5;1.3;0.2;2.7;0.6;3.7;13.3;0.2;10.8;0.0;0;0;2;0.0;2.5;1.3;0.0;0.1;0.0;-0.15;0.0;12;1;1;0;3.9;0.0;0.0;0.0;0.0;0.0;0;2.3;0;0;0.2;0.4;0.0;0.2;0.2;0.4;0.0;0.2
2000055069;Álex Marín;AM (L);M (RL), AM (RLC), ST (C);24;Spain;Antequera;Spanish Federation 1B;14 (20);1386;6.70;Regular Starter;£110K - £300K;£1.4K - £1.6K p/w;30/6/2024;170 cm;Right-Footed;Reasonable;Very Strong;12.4;6.6;26.5;32.5;2.5;1.2;1.2;0.4;14.5;4.4;0.3;0.3;2.1;2.0;13.4;2.5;14.5;3.7;0;0;6;0.4;5.5;1.6;0.0;0.1;0.1;0.78;0.1;21;22;1;0;7.1;0.0;3.9;0.4;0.0;0.1;0;1.4;0;5;0.2;1.2;0.0;0.5;0.7;1.2;0.0;0.1
67042876;Borja;M (C);M/AM (C);31;Spain;Teruel;Spanish Federation 1A;20 (7);1614;6.87;Scouting Required;£0;£575 - £825 p/w;30/6/2024;184 cm;Left-Footed;Very Strong;Fairly Strong;9.9;11.3;36.3;42.2;3.7;1.2;1.6;0.4;9.6;3.1;0.3;0.8;1.6;1.7;12.0;1.0;8.0;0.9;0;0;7;0.2;3.7;1.5;0.0;0.2;0.2;-1;0.2;13;8;0;0;5.2;0.4;0.9;0.2;0.0;0.1;0;1.1;0;1;0.1;1.2;0.0;0.4;0.4;1.1;0.1;0.1
2000146653;Aisar Ahmed;AM (R);WB/M (R), AM (RLC);23;Spain;Ceuta;Spanish Federation 1B;17 (18);1612;6.70;Scouting Required;£140K - £500K;£625 - £850 p/w;30/6/2026;169 cm;Right-Footed;Reasonable;Very Strong;10.8;6.1;30.5;35.7;1.7;0.9;1.4;0.4;11.8;2.6;0.1;1.5;2.3;2.8;13.5;2.7;12.6;2.3;0;0;7;0.5;4.9;0.6;0.0;0.1;0.1;0.14;0.1;24;26;0;0;5.5;0.0;2.4;0.6;0.0;0.1;0;1.2;0;7;0.0;0.9;0.0;0.4;0.4;0.9;0.1;0.1
2000228103;Cristo;M (C);M/AM (C);19;Spain;Barcelona B;Spanish Federation 1A;2 (10);230;6.74;Scouting Required;£8K - £75K;£675 - £975 p/w;30/6/2024;184 cm;Right-Footed;Reasonable;Very Strong;12.9;9.4;36.8;44.2;2.3;1.2;0.8;0.4;9.0;2.7;0.0;0.4;0.8;0.8;10.8;1.2;6.3;1.2;0;0;1;0.4;3.9;1.6;0.0;0.1;0.2;-0.4;0.2;2;0;0;0;5.5;0.0;1.2;0.4;0.0;0.0;0;1.6;0;0;0.4;1.2;0.0;0.0;0.0;1.2;0.0;0.0
2000143020;Adrián Niño;ST (C);AM (R), ST (C);20;Spain;A. Madrid B;Spanish Federation 1B;19 (11);1840;6.59;Scouting Required;£90K - £900K;£230 - £320 p/w;30/6/2027;175 cm;Right-Footed;Weak;Very Strong;8.3;3.2;19.9;23.3;0.9;0.8;2.2;0.4;7.1;1.6;0.1;0.5;1.3;1.2;12.1;2.2;7.3;1.7;0;0;8;0.2;4.5;0.6;0.0;0.1;0.2;-0.06;0.2;29;21;1;0;5.0;0.0;2.1;0.3;0.0;0.2;0;1.2;1;19;0.1;0.9;0.0;0.3;0.5;1.1;0.0;0.0
67244089;Javier Avilés;AM (L);M (R), AM (RL);26;Spain;Málaga;Spanish Federation 1B;10 (13);1145;6.63;Fringe Player;£220K - £650K;£800 p/w;30/6/2026;181 cm;Right-Footed;Reasonable;Very Strong;14.9;5.9;32.7;39.5;4.1;1.0;0.9;0.4;9.2;1.9;0.2;0.4;1.1;1.5;13.8;2.4;15.2;4.8;0;0;5;0.6;1.6;1.1;0.0;0.1;0.3;-1.37;0.3;19;33;1;0;2.7;0.0;6.8;1.2;0.0;0.2;0;1.7;0;9;0.0;1.6;0.0;0.8;0.4;1.6;0.0;0.1
67295097;Isma Ruiz;M (C);DM, M (C);23;Spain;Córdoba;Spanish Federation 1B;0 (11);227;6.96;Fringe Player;£250K - £700K;£1.3K - £1.5K p/w;30/6/2026;180 cm;Right-Footed;Weak;Very Strong;8.7;5.9;80.5;90.4;9.9;0.4;0.4;0.4;10.3;4.0;0.0;2.0;0.4;1.2;14.4;0.0;12.3;0.4;0;0;1;0.0;2.4;0.8;0.0;0.2;0.1;0.67;0.1;1;2;0;0;3.2;0.0;0.4;0.0;0.0;0.4;0;1.6;0;0;0.0;0.4;0.0;0.8;0.8;1.2;0.0;0.0
2000300686;Áxel;M (C);DM, M (C);17;Spain;Ferrol;Second Division;2 (1);227;6.60;Scouting Required;£10K - £100K;£55 - £75 p/w;30/6/2027;182 cm;Left-Footed;Very Strong;Weak;9.9;5.2;42.4;47.6;3.6;0.8;2.4;0.4;10.7;3.6;0.4;2.0;2.0;2.0;13.8;0.4;11.1;0.4;0;0;1;0.0;2.4;0.0;0.0;0.1;0.0;0;0.0;1;0;0;0;2.4;0.0;0.4;0.0;0.0;0.0;0;0.8;0;0;0.0;0.8;0.0;0.0;0.0;0.0;0.0;0.0
2000128026;Samuel Rodríguez;D (L);D (L);19;Spain;Fuenlabrada;Spanish Federation 1A;9 (14);906;6.70;Scouting Required;£22K - £230K;£75 - £110 p/w;30/6/2025;187 cm;Left-Footed;Very Strong;Reasonable;15.6;7.2;42.1;49.0;5.4;1.6;0.9;0.4;8.4;2.6;0.7;2.5;2.3;2.5;13.0;0.7;15.5;2.9;0;0;4;0.9;2.6;3.7;0.0;0.1;0.1;-0.51;0.1;16;10;0;0;6.3;0.4;2.9;0.9;0.0;0.0;0;2.0;0;1;0.2;1.6;0.0;0.0;0.1;0.3;0.1;0.2
2000054271;Antonio Cañete;M (C);DM, M (C);22;Spain;Teruel;Spanish Federation 1A;0 (17);226;6.47;Breakthrough Prospect;£0 - £2K;£675 - £800 p/w;30/6/2025;197 cm;Right-Footed;Fairly Strong;Very Strong;4.4;6.4;48.6;52.6;4.4;0.4;0.8;0.4;9.6;1.6;0.0;0.4;2.0;1.2;11.6;0.4;8.4;0.0;0;0;1;0.0;0.8;3.6;0.0;0.0;0.0;0;0.0;3;0;2;0;4.4;0.0;0.0;0.0;0.0;0.0;0;0.8;0;0;0.0;0.4;0.0;0.0;0.0;0.0;0.0;0.0
67293618;Esteban Aparicio;AM (R);AM (R);23;Spain;R. Madrid B;Spanish Federation 1B;8 (5);666;6.84;Scouting Required;£0;£800 - £1.1K p/w;30/6/2024;179 cm;Right-Footed Only;Weak;Very Strong;15.1;3.9;30.8;36.8;2.6;0.9;0.7;0.4;8.8;2.6;0.4;0.5;0.8;2.0;12.7;4.2;12.0;4.5;0;0;3;1.1;3.1;1.4;0.0;0.2;0.3;0.1;0.1;20;16;4;0;4.5;0.0;4.5;1.1;0.0;0.3;0;0.8;0;0;0.1;0.9;0.0;0.1;0.4;0.5;0.1;0.3
67237836;Julio Gracia;M (C);DM, M (C);26;Spain;Castellón;Spanish Federation 1B;3 (27);665;6.78;Scouting Required;£0 - £7K;£1.4K - £2K p/w;30/6/2024;170 cm;Right-Footed;Fairly Strong;Very Strong;10.2;7.6;78.9;87.2;5.5;1.4;0.9;0.4;11.2;3.8;0.5;0.1;1.6;2.0;14.3;0.5;10.4;1.2;0;0;3;0.1;1.8;1.4;0.0;0.1;0.1;-0.69;0.1;8;4;1;1;3.1;0.3;1.8;0.3;0.0;0.0;0;1.5;0;1;0.0;1.6;0.0;0.4;0.8;1.4;0.0;0.4
67115983;Pablo Hervías;AM (R);M (RL), AM (RLC);31;Spain;R. Majadahonda;Spanish Federation 1A;35;2438;6.85;Important Player;£22K - £210K;£2.6K - £3K p/w;30/6/2024;174 cm;Right-Footed;Reasonable;Very Strong;16.4;6.5;24.2;29.4;2.4;1.4;1.4;0.4;12.6;3.7;0.5;1.0;1.8;2.9;12.4;2.5;12.9;2.8;0;0;11;0.5;4.1;1.7;0.0;0.2;0.1;0.2;0.1;43;48;1;0;5.8;0.0;4.8;1.0;0.0;0.1;0;1.3;0;10;0.2;2.2;0.0;0.3;0.4;1.2;0.0;0.0
67157586;Cedric;ST (C);AM (L), ST (C);29;Nigeria;Ibiza;Spanish Federation 1B;12 (5);1104;6.92;Scouting Required;£55K - £550K;£1.1K - £1.6K p/w;30/6/2025;181 cm;Left-Footed;Very Strong;Weak;6.7;2.8;23.8;28.0;1.4;0.7;1.9;0.4;4.7;1.3;0.2;0.2;0.7;0.8;12.1;0.8;6.9;0.4;0;0;5;0.1;6.1;3.4;0.0;0.1;0.2;2.13;0.2;1;10;0;0;9.5;0.1;0.7;0.1;0.0;0.4;0;1.9;0;1;0.0;0.8;0.0;0.3;0.9;1.6;0.0;0.2
67295759;Àlex Rico;DM;DM, M (C);22;Spain;Tarragona;Spanish Federation 1A;10 (28);1545;6.71;Breakthrough Prospect;£30K - £300K;£1.2K - £1.4K p/w;30/6/2025;172 cm;Right-Footed;Weak;Very Strong;6.9;12.5;46.8;51.8;4.8;0.8;0.9;0.4;10.0;2.7;0.6;0.9;1.5;2.3;13.1;0.6;9.5;0.1;0;0;7;0.1;2.1;1.2;0.0;0.1;0.1;-1.64;0.1;11;13;0;0;3.3;0.1;1.0;0.1;0.0;0.0;0;1.0;0;2;0.0;1.6;0.0;0.5;0.2;1.1;0.0;0.2
67279756;Àlex Sala;DM;DM, M (C);23;Spain;Córdoba;Spanish Federation 1B;35;3083;7.10;Surplus to Requirements;£45K - £475K;£1.2K - £1.4K p/w;30/6/2025;181 cm;Right-Footed;Reasonable;Very Strong;11.2;8.5;84.5;93.9;8.1;0.9;1.1;0.4;9.3;2.5;0.2;0.7;1.8;2.3;13.1;0.9;9.1;0.4;0;0;14;0.1;1.4;2.2;0.0;0.1;0.1;-1.42;0.1;47;32;6;0;3.6;0.3;0.4;0.1;0.0;0.0;0;1.5;1;2;0.1;0.9;0.0;0.6;0.2;1.0;0.1;0.1
67206362;Sergio Simón;AM (C);M (C), AM (RLC);29;Spain;Teruel;Spanish Federation 1A;11 (8);1089;6.87;Scouting Required;£16K - £160K;£925 - £1.3K p/w;30/6/2025;181 cm;Left-Footed Only;Very Strong;Weak;19.8;7.1;27.9;32.6;1.7;1.2;1.3;0.4;9.9;2.5;0.2;0.7;1.2;1.2;12.9;1.9;10.6;1.7;0;0;5;0.3;4.7;1.2;0.0;0.1;0.2;4.09;0.2;15;18;1;0;5.9;0.0;1.7;0.3;0.0;0.6;0;1.2;0;4;0.0;1.2;0.0;0.9;1.2;2.3;0.1;0.0
2000308932;Alejandro Archs;AM (C);AM (RLC), ST (C);18;Spain;Cornellà;Spanish Federation 1A;19 (2);1291;6.76;Scouting Required;£16K - £160K;£190 - £270 p/w;30/6/2026;177 cm;Right-Footed;Reasonable;Very Strong;20.7;7.3;29.1;34.1;1.7;1.0;1.2;0.4;6.6;2.2;0.1;1.0;1.6;1.5;12.9;2.1;7.9;1.0;0;0;6;0.1;4.7;1.3;0.0;0.1;0.1;0.98;0.1;13;6;2;0;6.0;0.1;1.0;0.1;0.0;0.1;0;1.0;0;4;0.1;1.3;0.0;0.8;0.3;1.2;0.0;0.0
2000123917;Rafa De Palmas;ST (C);AM (L), ST (C);20;Spain;Alcoyano;Spanish Federation 1B;2 (2);215;6.33;Scouting Required;£120K - £450K;£525 - £725 p/w;30/6/2025;178 cm;Right-Footed;Reasonable;Very Strong;5.9;4.6;18.8;21.3;0.8;0.4;1.7;0.4;10.9;2.5;0.4;0.0;1.3;1.7;12.3;0.4;6.3;1.3;0;0;1;0.4;9.2;2.9;0.0;0.1;0.3;-0.7;0.3;7;3;0;0;12.1;0.0;1.3;0.4;0.0;0.0;0;2.1;0;4;0.0;0.4;0.0;0.8;0.8;2.1;0.0;0.0
67277668;Iván Gil;AM (C);M/AM (LC);23;Spain;F.C. Andorra;Second Division;4 (10);3004;6.82;Squad Player;£30K - £300K;£1.8K - £2.1K p/w;30/6/2027;168 cm;Right-Footed;Fairly Strong;Very Strong;14.0;9.9;40.9;46.2;3.5;1.2;1.6;0.4;10.2;2.7;0.2;0.8;1.2;1.8;12.5;0.9;9.3;0.8;0;0;14;0.1;2.8;0.6;0.0;0.1;0.1;1.24;0.1;27;20;3;0;3.4;0.1;0.9;0.1;0.0;0.2;0;1.2;0;5;0.0;1.2;0.0;0.7;0.5;1.3;0.1;0.1
67277306;Álex Macías;WB (L);D/WB (L);22;Spain;Melilla;Spanish Federation 1B;30 (4);2356;6.86;Scouting Required;£0;£280 - £380 p/w;30/6/2024;170 cm;Left-Footed Only;Very Strong;Weak;9.9;15.7;44.5;50.2;5.0;0.7;1.1;0.4;12.9;3.3;1.1;1.8;3.4;2.9;13.0;0.9;11.2;2.5;0;0;11;0.4;2.8;3.4;0.0;0.2;0.0;-0.15;0.0;35;14;5;0;6.3;0.3;2.5;0.4;0.0;0.0;0;1.0;3;2;0.2;0.7;0.0;0.1;0.0;0.2;0.1;0.2
2000033092;Ander Yoldi;AM (C);M (C), AM (LC);23;Spain;Atlético Pamplona B;Spanish Federation 1A;38;2990;6.80;Scouting Required;£50K - £500K;£360 - £525 p/w;30/6/2026;187 cm;Right-Footed Only;Weak;Very Strong;17.3;10.0;30.8;36.5;2.9;1.6;1.5;0.4;9.7;2.7;0.3;1.1;1.2;1.8;12.2;1.9;10.1;2.0;0;0;14;0.3;4.5;2.7;0.0;0.1;0.1;-1.29;0.1;33;25;0;0;7.3;0.2;2.0;0.3;0.0;0.1;0;0.8;0;9;0.1;1.6;0.0;0.4;0.5;1.3;0.0;0.0
67154150;Quique Rivero;M (C);DM, M (LC);32;Spain;Real Irún;Spanish Federation 1A;34 (1);2979;7.13;Important Player;£650K;£1.5K - £1.8K p/w;30/6/2026;176 cm;Right-Footed;Fairly Strong;Very Strong;12.4;10.5;42.7;48.2;4.0;1.5;1.3;0.4;9.8;3.1;0.3;0.7;1.8;1.8;12.6;0.9;10.0;1.1;0;0;14;0.1;2.4;1.0;0.0;0.2;0.2;1.48;0.1;20;27;0;0;3.4;0.1;4.7;0.8;0.0;0.2;0;1.2;1;4;0.2;1.9;0.0;0.4;0.4;1.0;0.0;0.0
2000052038;David Cuenca;WB (L);D/WB (L);22;Spain;R. Madrid B;Spanish Federation 1B;31 (3);2754;6.94;Surplus to Requirements;£220K;£240 - £290 p/w;30/6/2024;180 cm;Left-Footed;Very Strong;Fairly Strong;11.3;11.7;41.3;47.6;5.1;0.9;0.8;0.4;9.0;2.5;0.3;0.9;2.9;2.6;13.3;1.2;15.4;4.2;0;0;13;0.8;1.2;2.3;0.0;0.2;0.0;-0.59;0.0;71;32;8;0;3.5;0.1;4.2;0.8;0.0;0.0;0;1.5;0;3;0.2;0.9;0.0;0.1;0.1;0.3;0.2;0.2
67263275;Diego Percan;AM (L);AM (RL), ST (C);22;Spain;Barcelona B;Spanish Federation 1A;16 (9);1475;6.84;Fringe Player;£190K - £1.9M;£2.6K - £3K p/w;30/6/2025;180 cm;Right-Footed;Fairly Strong;Very Strong;15.5;3.0;23.1;26.2;1.0;0.9;0.9;0.4;9.0;2.2;0.4;0.4;1.5;1.3;12.2;1.8;8.5;1.2;0;0;7;0.1;5.3;2.5;0.0;0.1;0.2;2.07;0.2;26;43;2;0;7.8;0.0;1.2;0.1;0.0;0.4;0;1.7;0;14;0.1;0.9;0.0;1.0;1.2;2.6;0.0;0.0
67263769;Tiago Rodríguez;DM;DM, M (C);24;Spain;Arenteiro;Spanish Federation 1A;33 (1);2732;6.88;Fringe Player;£24K - £70K;£340 - £390 p/w;30/6/2024;180 cm;Right-Footed Only;Weak;Very Strong;6.5;13.7;43.9;49.7;4.1;1.3;1.2;0.4;9.7;2.5;0.5;1.4;1.4;2.1;12.9;0.5;9.6;0.4;0;0;13;0.1;2.3;1.5;0.0;0.1;0.0;-0.38;0.0;51;15;4;0;3.8;0.2;0.4;0.1;0.0;0.0;0;1.1;0;1;0.1;1.3;0.0;0.0;0.0;0.4;0.1;0.1
67014203;Pablo Valcarce;AM (R);M (RC), AM (RLC);31;Spain;Coruña;Spanish Federation 1A;40;3138;7.20;Scouting Required;£65K - £650K;£2.9K - £4.5K p/w;30/6/2025;175 cm;Left-Footed;Very Strong;Fairly Strong;12.9;5.6;31.8;37.3;2.6;1.5;0.8;0.4;11.6;3.4;0.3;0.6;1.5;2.1;12.2;2.2;13.2;3.6;0;0;15;0.5;3.7;2.1;0.0;0.1;0.3;-0.37;0.3;25;56;0;0;5.8;0.1;3.7;0.5;0.0;0.3;0;1.4;0;13;0.3;1.5;0.0;0.9;1.0;2.5;0.0;0.0
67198653;José Antonio González;M (C);M/AM (LC);28;Spain;Melilla;Spanish Federation 1B;30 (5);2708;6.79;Scouting Required;£100K - £375K;£900 - £1.4K p/w;30/6/2025;183 cm;Left-Footed;Very Strong;Weak;13.1;5.7;39.2;45.0;2.6;0.7;1.2;0.4;16.2;3.8;0.5;0.7;1.7;2.0;13.0;2.0;11.9;1.7;0;0;13;0.4;4.2;0.8;0.0;0.1;0.1;-1.02;0.1;29;41;2;0;5.0;0.1;4.7;0.7;0.0;0.1;0;1.4;0;11;0.3;1.5;0.0;0.7;0.6;1.2;0.0;0.1
2000213607;Diego Iglesias;AM (R);M (R), AM (RC);23;Spain;Cartagena;Second Division;6 (20);833;6.71;B Team Regular;£9K - £85K;£1.2K - £1.4K p/w;30/6/2026;175 cm;Left-Footed Only;Very Strong;Weak;17.1;4.2;35.8;40.9;3.0;1.4;0.9;0.4;13.7;3.2;0.2;0.6;1.1;1.6;13.0;3.5;15.0;5.5;0;0;4;1.5;5.0;2.3;0.0;0.1;0.3;-2;0.2;8;7;1;0;7.2;0.0;8.6;1.8;0.0;0.1;0;0.9;0;2;0.3;2.1;0.0;0.4;0.8;1.1;0.0;0.0
67157253;Cristian Herrera;AM (R);AM (RLC), ST (C);30;Pays Basque;San Fernando;Spanish Federation 1B;20 (5);1665;6.68;Scouting Required;£100K - £375K;£950 - £1.4K p/w;30/6/2026;177 cm;Right-Footed;Reasonable;Very Strong;11.9;4.9;21.0;26.2;1.8;0.4;1.2;0.4;9.7;2.4;0.1;1.0;1.0;2.1;12.2;1.8;8.8;2.2;0;0;8;0.1;6.5;1.8;0.0;0.1;0.2;3.13;0.2;28;33;2;0;8.3;0.0;4.5;0.4;0.0;0.4;0;1.5;0;12;0.1;1.0;0.0;0.6;0.7;1.6;0.0;0.0
67203210;Gaspar Panadero;AM (L);M (L), AM (RL);26;Spain;Linares;Spanish Federation 1B;40;3517;7.07;Scouting Required;£75K - £750K;£1.2K - £1.9K p/w;30/6/2026;170 cm;Left-Footed Only;Very Strong;Weak;15.2;6.3;36.8;43.3;3.6;1.0;1.2;0.4;12.8;3.2;0.4;0.7;2.1;2.1;12.8;5.8;10.0;3.4;0;0;17;0.4;3.5;1.0;0.0;0.2;0.2;-0.81;0.2;52;77;4;0;4.5;0.0;3.4;0.4;0.0;0.2;0;1.5;0;27;0.3;1.0;0.0;0.6;0.5;1.4;0.0;0.1
67020933;Kike Márquez;AM (C);M (C), AM (LC);34;Spain;Córdoba;Spanish Federation 1B;35 (3);2889;6.90;B Team Regular;£10K - £28K;£1.6K - £1.8K p/w;30/6/2024;176 cm;Right-Footed;Reasonable;Very Strong;10.4;4.4;43.9;49.7;1.9;0.6;1.0;0.4;11.0;2.8;0.2;0.4;1.2;1.2;13.4;1.6;9.1;0.5;0;0;14;0.2;1.2;0.8;0.0;0.1;0.2;-1.06;0.1;17;41;0;0;2.0;0.0;3.5;0.9;0.0;0.2;0;1.4;1;7;0.2;1.5;0.0;0.8;0.5;1.4;0.0;0.1
2000211948;David Jiménez;WB (R);D/WB (R);20;Spain;R. Madrid B;Spanish Federation 1B;12 (10);1236;6.84;Scouting Required;£60K - £600K;£460 - £625 p/w;30/6/2024;170 cm;Right-Footed;Reasonable;Very Strong;11.4;7.7;41.2;46.2;5.2;1.2;0.6;0.4;8.4;2.0;0.2;1.2;2.5;2.8;13.5;1.2;15.4;5.6;0;0;6;1.1;1.6;1.2;0.0;0.2;0.0;-0.11;0.0;19;16;3;0;2.8;0.1;5.7;1.1;0.0;0.0;0;1.6;0;2;0.1;1.2;0.0;0.1;0.0;0.1;0.1;0.0
67150948;Ager Aketxe;AM (C);M (LC), AM (RLC);30;Spain;Eibar;Second Division;8 (25);1029;6.76;Squad Player;£110K - £1.1M;£3.4K - £4K p/w;30/6/2024;174 cm;Left-Footed;Very Strong;Weak;17.6;5.4;27.3;33.0;2.7;1.0;1.5;0.4;10.5;3.3;0.2;0.4;1.5;2.1;13.1;2.4;12.3;2.1;0;0;5;0.3;4.2;1.0;0.0;0.1;0.2;-1.51;0.2;6;10;0;0;5.2;0.0;13.1;2.5;0.0;0.1;0;1.6;0;3;0.3;4.1;0.0;1.4;0.9;2.3;0.1;0.1
2000076435;Yeray Cabanzón;AM (C);M (C), AM (RLC);21;Spain;Ponferrada;Spanish Federation 1A;11 (13);1025;6.69;Scouting Required;£60K - £600K;£750 - £1.2K p/w;30/6/2025;170 cm;Left-Footed;Very Strong;Reasonable;18.4;4.4;26.2;34.1;2.0;1.2;1.1;0.4;9.8;2.6;0.2;0.4;1.4;1.9;12.0;2.4;11.0;4.0;0;0;5;0.5;4.4;1.0;0.0;0.3;0.2;-1.01;0.2;13;20;0;0;5.4;0.0;11.4;2.4;0.0;0.1;0;1.4;0;5;0.4;3.2;0.0;0.6;0.7;1.7;0.0;0.0
2000217593;Borja;AM (L);M (C), AM (LC);20;Spain;San Fernando;Spanish Federation 1B;30 (1);2624;6.63;Scouting Required;£450K - £1.7M;£575 - £825 p/w;30/6/2026;176 cm;Right-Footed;Strong;Very Strong;13.3;6.6;25.2;30.9;3.0;1.2;1.1;0.4;13.0;3.2;0.2;0.9;1.9;3.4;12.7;3.2;12.7;4.7;0;0;13;0.6;4.1;0.9;0.0;0.1;0.1;-0.25;0.1;95;42;13;0;5.0;0.0;4.7;0.6;0.0;0.1;0;1.2;0;7;0.2;1.2;0.0;0.7;0.7;1.2;0.0;0.0
67276235;Asier Córdoba;AM (L);M (RL), AM (L);24;Spain;Real Irún;Spanish Federation 1A;6 (13);603;6.77;Scouting Required;£0 - £1.5K;£825 - £1.3K p/w;30/6/2024;184 cm;Left-Footed;Very Strong;Reasonable;13.4;4.0;26.7;31.0;2.2;1.2;0.9;0.4;12.1;3.6;0.0;0.9;1.2;2.5;11.9;1.5;13.7;2.5;0;0;3;0.0;5.1;0.7;0.0;0.2;0.2;0.59;0.2;5;16;0;1;5.8;0.0;2.5;0.0;0.0;0.3;0;1.6;0;4;0.1;1.2;0.0;0.7;1.0;2.4;0.0;0.0
67199234;Antonio Domínguez;AM (C);M (LC), AM (RLC);31;Spain;Huelva;Spanish Federation 1B;35 (4);2987;6.62;Scouting Required;£20K - £200K;£625 - £900 p/w;30/6/2025;177 cm;Left-Footed;Very Strong;Reasonable;12.4;4.8;37.6;44.6;3.6;0.9;1.7;0.5;11.3;2.8;0.4;0.8;1.3;1.7;12.8;1.4;12.9;1.3;0;0;15;0.1;3.4;0.8;0.0;0.1;0.2;-2.63;0.1;20;54;1;0;4.2;0.0;4.0;0.8;0.0;0.1;0;0.9;0;3;0.1;1.7;0.0;0.3;0.4;0.7;0.0;0.1
67198395;Christian Carracedo;AM (R);M/AM (RL);28;Spain;Córdoba;Spanish Federation 1B;37;3181;7.12;Regular Starter;£40K - £425K;£1.6K - £1.9K p/w;30/6/2025;179 cm;Right-Footed Only;Weak;Very Strong;17.5;6.3;41.2;46.5;3.1;1.5;0.8;0.5;14.3;3.6;0.3;1.0;1.8;2.0;12.8;3.9;11.2;6.2;0;0;16;1.0;2.1;1.2;0.0;0.2;0.1;1.56;0.1;23;91;2;0;3.3;0.0;8.7;1.5;0.0;0.2;0;1.4;1;15;0.2;2.1;0.0;0.1;0.4;0.9;0.0;0.0
2000052220;Cristian Gutiérrez;M (L);D/WB/M (L), AM (RL);23;Spain;Eibar;Second Division;6 (12);589;6.67;Squad Player;£200K - £2M;£2.9K - £4.2K p/w;30/6/2027;177 cm;Left-Footed;Very Strong;Reasonable;11.3;11.9;35.0;40.0;5.8;1.4;1.4;0.5;9.2;3.1;0.6;1.5;2.0;3.4;12.8;0.5;15.9;5.5;0;0;3;0.9;3.8;1.2;0.0;0.2;0.1;0.67;0.1;6;11;1;0;5.0;0.5;6.0;1.2;0.0;0.2;0;1.7;0;3;0.0;1.7;0.0;0.5;0.5;0.8;0.3;0.2
2000140272;Saúl Del Cerro;DM;D (LC), DM, M (C);20;Spain;Ibiza;Spanish Federation 1B;15;1174;6.80;Scouting Required;£130K - £1.3M;£480 - £725 p/w;30/6/2026;185 cm;Left-Footed;Very Strong;Reasonable;8.9;8.3;59.7;65.8;4.8;0.8;1.8;0.5;9.8;2.4;0.2;2.1;1.4;1.7;12.9;0.9;9.9;0.7;0;0;6;0.2;1.5;2.1;0.0;0.1;0.1;-0.76;0.1;15;8;1;1;3.5;0.4;0.7;0.2;0.0;0.0;0;2.0;0;2;0.1;0.8;0.0;0.5;0.1;0.8;0.0;0.0
2000111585;Pablo Cortés;AM (C);M/AM (RC);20;Spain;Zaragoza;Second Division;44;2913;6.75;Scouting Required;£1.4M - £3.6M;£1K - £1.5K p/w;30/6/2025;170 cm;Left-Footed Only;Very Strong;Weak;20.4;7.7;29.8;35.5;2.5;1.3;1.1;0.5;8.7;2.3;0.1;0.8;1.1;1.3;13.3;1.4;10.3;1.1;0;0;15;0.2;4.4;0.7;0.0;0.2;0.2;-2.4;0.2;22;26;0;0;5.1;0.1;8.7;1.7;0.0;0.2;0;1.4;0;8;0.3;1.9;0.0;0.7;0.5;1.7;0.0;0.0
1510564;Raúl Baena;DM;DM, M (C);35;Spain;Sabadell;Spanish Federation 1A;34 (2);2314;6.91;Scouting Required;£0;£975 - £1.5K p/w;30/6/2024;181 cm;Right-Footed;Reasonable;Very Strong;7.9;11.8;57.1;63.9;6.2;1.2;1.1;0.5;9.1;2.4;0.3;1.1;1.4;1.7;12.7;0.4;10.7;0.9;0;0;12;0.1;1.8;1.9;0.0;0.2;0.1;-1.3;0.1;35;10;3;0;3.7;0.5;0.9;0.1;0.0;0.0;0;1.6;0;1;0.2;1.3;0.0;0.3;0.3;0.5;0.1;0.2
67046587;Dani Nieto;AM (R);M (L), AM (RLC);33;Spain;Unionistas;Spanish Federation 1A;12 (5);3654;6.95;Fringe Player;£0;£825 - £975 p/w;30/6/2024;173 cm;Left-Footed Only;Very Strong;Weak;13.4;6.7;24.9;30.0;3.3;1.7;1.3;0.5;11.3;3.6;0.3;1.3;1.9;2.5;12.4;2.5;12.6;4.2;0;0;19;0.9;4.1;1.1;0.0;0.2;0.1;-1.22;0.1;38;49;0;0;5.2;0.0;6.3;1.2;0.0;0.0;0;1.6;0;10;0.4;1.8;0.0;0.2;0.2;0.5;0.0;0.0
67157513;Álvaro Bustos;AM (L);M/AM (RL);28;Spain;Huelva;Spanish Federation 1B;27;2115;6.81;Scouting Required;£2.5K - £9K;£1.4K - £1.9K p/w;30/6/2024;175 cm;Left-Footed;Very Strong;Reasonable;14.9;8.3;28.5;34.9;2.3;1.1;1.7;0.5;13.1;3.7;0.6;0.6;2.3;2.8;12.7;2.9;12.4;3.5;0;0;11;0.6;4.3;1.8;0.0;0.2;0.1;4.56;0.1;41;40;2;0;6.1;0.1;6.6;1.4;0.0;0.3;0;0.8;0;11;0.2;2.1;0.0;0.9;0.7;1.3;0.0;0.1
2000116627;Ale García;AM (L);AM (RL);21;Spain;Antequera;Spanish Federation 1B;36 (2);3076;7.01;Scouting Required;£120K - £1.2M;£6.75K - £9.5K p/w;30/6/2026;181 cm;Right-Footed;Reasonable;Very Strong;13.2;7.7;26.0;31.9;2.4;1.0;0.9;0.5;13.9;3.4;0.2;0.8;2.7;2.3;13.3;3.7;12.5;2.1;0;0;16;0.4;4.7;2.4;0.0;0.1;0.3;1.58;0.3;33;83;1;0;7.1;0.0;2.1;0.4;0.0;0.4;0;1.7;0;15;0.1;1.0;0.0;0.7;1.1;2.3;0.0;0.1
2000038537;Manu Pozo;AM (L);M/AM (RL);22;Spain;Valladolid;Second Division;3 (21);768;6.73;Breakthrough Prospect;£500K - £1.1M;£1K - £1.2K p/w;30/6/2025;168 cm;Right-Footed;Reasonable;Very Strong;16.2;4.2;27.9;33.9;3.9;1.4;1.2;0.5;11.0;3.9;0.4;0.7;2.3;3.0;13.8;2.7;14.8;5.0;0;0;4;0.4;4.1;0.9;0.0;0.2;0.3;-0.7;0.3;8;9;2;0;5.0;0.0;5.0;0.4;0.0;0.2;0;1.6;0;2;0.1;1.4;0.0;0.9;1.2;2.3;0.0;0.0
67192428;Álex Mula;AM (L);M/AM (RL);27;Spain;Tarragona;Spanish Federation 1A;29 (1);2101;6.98;Scouting Required;£100K - £1M;£2K - £2.9K p/w;30/6/2026;177 cm;Right-Footed;Weak;Very Strong;15.7;6.1;26.5;30.8;2.0;1.3;1.1;0.5;11.4;3.2;0.3;1.0;1.8;2.5;12.3;3.0;12.1;2.5;0;0;11;0.6;3.7;2.4;0.0;0.2;0.2;1.79;0.2;14;29;2;0;6.1;0.1;2.9;0.6;0.0;0.3;0;1.4;0;5;0.0;1.3;0.0;0.7;1.0;2.1;0.1;0.0
67259883;Óscar Castro;DM;DM, M (C);23;Spain;S. Gijón;Second Division;0 (8);189;6.78;Scouting Required;£0;£625 - £875 p/w;30/6/2024;181 cm;Right-Footed;Weak;Very Strong;16.7;6.7;43.8;48.1;3.3;1.4;1.0;0.5;10.0;1.4;0.0;1.9;0.5;1.9;13.5;1.4;7.6;1.9;0;0;1;1.0;2.4;2.9;0.0;0.1;0.2;0.52;0.2;4;2;1;0;5.2;0.5;1.9;1.0;0.0;0.5;0;1.4;0;1;0.0;1.4;0.0;0.0;0.5;1.4;0.0;0.0
2000194400;Adrián;DM;DM, M (C);20;Spain;Leonesa;Spanish Federation 1A;5 (10);756;6.64;Scouting Required;£30K - £300K;£470 - £650 p/w;30/6/2025;181 cm;Right-Footed;Reasonable;Very Strong;9.3;10.0;45.7;52.5;3.6;1.1;0.8;0.5;10.2;2.4;0.0;1.1;0.8;1.8;12.5;0.5;9.4;0.7;0;0;4;0.0;2.5;1.3;0.0;0.3;0.2;-2;0.2;6;1;1;0;3.8;0.2;0.7;0.0;0.0;0.0;0;1.8;0;0;0.1;1.1;0.0;0.0;0.0;0.6;0.0;0.0
67213095;David Aparicio;AM (L);M (L), AM (RLC);27;Spain;Teruel;Spanish Federation 1A;20 (17);1695;6.81;Scouting Required;£0;£360 - £550 p/w;30/6/2024;173 cm;Left-Footed Only;Very Strong;Weak;17.9;6.2;27.1;32.4;2.1;1.5;1.4;0.5;13.2;3.3;0.4;0.5;2.0;1.7;13.0;3.2;13.5;4.2;0;0;9;0.7;5.6;2.5;0.0;0.2;0.3;-0.47;0.3;30;24;4;0;8.1;0.1;7.1;1.5;0.0;0.3;0;1.0;0;6;0.0;2.6;0.0;0.4;0.7;1.6;0.0;0.0
67191899;Carlos Calderón;M (R);M/AM (RL);29;Spain;Leonesa;Spanish Federation 1A;0 (18);376;6.72;Scouting Required;£0;£300 - £420 p/w;30/6/2024;182 cm;Right-Footed Only;Weak;Very Strong;18.0;2.6;32.3;37.3;2.6;1.2;0.7;0.5;11.0;2.6;0.2;1.2;0.5;1.9;12.1;2.4;12.4;4.3;0;0;2;0.5;4.3;3.1;0.0;0.4;0.5;-0.98;0.5;2;4;0;0;7.4;0.0;4.3;0.5;0.0;0.2;0;0.7;0;0;0.0;1.2;0.0;0.7;1.2;3.4;0.0;0.0
67179156;Aleix Febas;M (C);DM, M/AM (C);28;Spain;Elche;Second Division;17 (11);1672;6.82;Squad Player;£375K - £3.8M;£2.8K - £4.1K p/w;30/6/2026;172 cm;Right-Footed;Fairly Strong;Very Strong;13.0;9.9;47.1;53.6;4.6;1.5;0.7;0.5;10.8;2.8;0.3;0.7;1.2;1.8;12.6;0.9;9.9;0.8;0;0;9;0.1;2.3;1.0;0.0;0.2;0.1;-0.64;0.1;37;8;5;0;3.3;0.0;1.2;0.1;0.0;0.1;0;1.3;0;2;0.1;1.5;0.0;0.4;0.2;0.9;0.1;0.1
2000141739;Aleix Garrido;M (C);DM, M (C);20;Spain;Barcelona B;Spanish Federation 1A;34 (5);2771;6.86;Youngster;£55K - £550K;£4.5K - £5.25K p/w;30/6/2025;170 cm;Right-Footed;Fairly Strong;Very Strong;12.9;11.3;42.9;50.5;3.7;1.4;1.0;0.5;10.2;3.2;0.5;1.0;1.9;2.1;12.3;0.7;10.3;0.9;0;0;15;0.1;2.3;0.7;0.0;0.2;0.2;-1.67;0.2;20;15;2;0;3.0;0.1;4.3;0.4;0.0;0.1;0;1.4;0;3;0.0;1.5;0.0;0.6;0.6;1.5;0.0;0.0
2000013421;Álex Cardero;AM (C);M (C), AM (RC);20;Spain;Arenteiro;Spanish Federation 1A;37;3136;7.05;Scouting Required;£1.3M - £3.2M;£650 - £925 p/w;30/6/2026;175 cm;Right-Footed Only;Weak;Very Strong;17.6;8.4;26.5;32.0;2.3;1.3;1.1;0.5;9.9;1.9;0.3;0.7;2.2;1.5;12.6;2.6;11.4;2.2;0;0;17;0.4;3.8;2.6;0.0;0.2;0.3;-2.53;0.2;23;42;0;0;6.5;0.1;7.9;1.1;0.0;0.2;0;1.0;0;12;0.2;2.2;0.0;0.5;0.8;1.8;0.0;0.0
2000139355;Garri;WB (L);D/WB (L);19;Spain;Valladolid;Second Division;2 (2);184;6.85;Youngster;£850K;£1.4K - £1.7K p/w;30/6/2027;177 cm;Left-Footed;Very Strong;Reasonable;10.8;10.8;38.6;47.9;5.9;2.0;1.0;0.5;9.8;1.0;1.0;1.5;3.4;2.0;13.7;1.5;14.2;1.5;0;0;1;0.5;0.0;2.9;0.0;0.2;0.0;0;0.0;1;1;0;0;2.9;0.0;1.5;0.5;0.0;0.0;0;2.4;0;0;0.5;2.0;0.0;0.0;0.0;0.0;0.0;0.0
67245236;Alberto;AM (R);M/AM (R);24;Spain;R. Majadahonda;Spanish Federation 1A;32 (4);2752;7.16;Star Player;£35K - £325K;£1.6K - £1.9K p/w;30/6/2024;166 cm;Right-Footed;Weak;Very Strong;15.3;5.1;25.9;31.3;2.5;1.2;1.4;0.5;11.8;2.6;0.3;0.9;2.0;2.0;12.0;3.0;15.1;4.3;0;0;15;0.5;3.9;1.3;0.0;0.2;0.2;0.8;0.2;47;47;0;0;5.2;0.0;4.9;0.7;0.0;0.2;0;1.4;0;10;0.3;1.2;0.0;0.4;0.6;1.4;0.0;0.0
67178956;Iago Díaz;AM (L);M (RL), AM (RLC);31;Spain;Huelva;Spanish Federation 1B;17 (15);1806;6.85;Fringe Player;£20K - £200K;£310 - £360 p/w;30/6/2025;182 cm;Right-Footed Only;Weak;Very Strong;14.1;6.1;29.9;34.7;2.0;1.2;1.6;0.5;11.0;2.2;0.5;1.6;1.9;2.1;12.6;2.6;10.4;5.5;0;0;10;0.9;3.9;2.2;0.0;0.3;0.2;-1.21;0.2;21;39;3;0;6.2;0.1;6.7;1.3;0.0;0.1;0;1.0;1;5;0.4;1.6;0.0;0.5;0.5;1.4;0.0;0.1
67279538;Javi Gómez;AM (R);M (R), AM (RL), ST (C);25;Spain;Sabadell;Spanish Federation 1A;14 (14);1263;7.02;Scouting Required;£0;£575 - £825 p/w;30/6/2024;174 cm;Left-Footed;Very Strong;Reasonable;19.7;4.2;32.5;38.3;3.0;1.9;1.0;0.5;10.0;2.4;0.4;1.0;1.9;1.4;12.9;3.8;11.8;5.1;0;0;7;0.9;3.6;0.6;0.0;0.2;0.2;-1.3;0.2;20;25;2;0;4.3;0.0;5.4;0.9;0.0;0.1;0;1.2;0;7;0.1;1.9;0.0;1.1;0.8;2.3;0.0;0.0
67222233;Arturo Molina;M (C);DM, M/AM (RLC);27;Spain;Ibiza;Spanish Federation 1B;15 (18);1615;6.90;Scouting Required;£475K - £1.8M;£2.3K - £3.1K p/w;30/6/2025;184 cm;Right-Footed;Weak;Very Strong;13.4;6.5;32.8;39.6;2.0;1.3;1.5;0.5;11.0;2.5;0.5;0.6;2.1;2.3;13.0;2.4;12.1;3.9;0;0;9;0.5;2.9;2.6;0.0;0.2;0.3;0.32;0.3;7;18;1;0;5.5;0.1;4.0;0.5;0.0;0.3;0;1.6;0;2;0.2;1.3;0.0;0.6;0.9;2.0;0.0;0.1
67155107;Sergio Aguza;M (C);DM, M (C);31;Spain;Lugo;Spanish Federation 1A;29;2511;6.96;Scouting Required;£60K - £600K;£2.6K - £3.6K p/w;30/6/2025;176 cm;Right-Footed;Reasonable;Very Strong;12.0;12.1;46.1;52.1;4.2;1.3;1.1;0.5;9.9;2.7;0.4;0.9;1.4;1.9;12.7;0.8;9.5;0.6;0;0;14;0.0;1.6;1.8;0.0;0.3;0.2;-4.23;0.2;31;30;2;0;3.4;0.0;1.5;0.2;0.0;0.0;0;1.3;0;1;0.3;2.5;0.0;0.5;0.3;1.3;0.1;0.0
2000183023;Zequi;AM (L);M/AM (RL);27;Spain;Algeciras;Spanish Federation 1B;34 (2);3040;6.82;Scouting Required;£0;£750 - £1.1K p/w;30/6/2024;172 cm;Right-Footed;Fairly Strong;Very Strong;11.7;6.6;22.5;26.8;2.6;1.6;1.2;0.5;11.0;2.6;0.3;0.7;2.5;2.8;12.9;3.6;11.6;3.7;0;0;17;0.7;5.1;1.2;0.0;0.2;0.2;-2.35;0.2;78;54;8;0;6.3;0.0;4.1;0.8;0.0;0.2;0;1.2;0;15;0.2;1.8;0.0;0.9;0.5;1.6;0.0;0.1
67293877;Mounir Errahaly;D (L);D/WB (L);24;Morocco;Tarazona;Spanish Federation 1A;1 (4);178;6.75;Fringe Player;£0;£440 - £525 p/w;30/6/2024;180 cm;Left-Footed;Very Strong;Reasonable;21.7;6.1;38.4;41.0;4.0;0.5;1.5;0.5;6.6;3.5;1.5;3.5;1.0;4.6;11.6;0.5;9.6;2.5;0;0;1;0.5;2.0;4.0;0.0;0.2;0.0;0;0.0;1;3;0;0;6.1;0.0;2.5;0.5;0.0;0.0;0;0.5;0;0;0.0;0.5;0.0;0.0;0.0;0.0;1.0;0.5
67286904;Bilal Ouacharaf;M (R);D/WB/M/AM (R);22;Spain;Fuenlabrada;Spanish Federation 1A;1 (4);177;6.93;Breakthrough Prospect;£35K - £350K;£240 - £330 p/w;30/6/2026;180 cm;Right-Footed;Reasonable;Very Strong;15.3;5.6;36.1;44.7;4.1;1.5;1.0;0.5;8.1;3.1;1.0;1.5;3.1;2.5;12.5;3.1;9.7;2.0;0;0;1;0.0;4.6;2.5;0.0;0.1;0.3;-0.5;0.3;0;1;0;0;7.1;0.0;2.0;0.0;0.0;0.0;0;2.5;0;0;0.0;1.5;0.0;0.0;0.5;1.0;0.5;0.0
29221662;Amilcar Djau Codjovi;AM (L);M (L), AM (RL);22;Spain;Tarazona;Spanish Federation 1A;8 (10);707;6.86;Breakthrough Prospect;£60K;£650 - £775 p/w;30/6/2025;182 cm;Right-Footed Only;Weak;Very Strong;20.5;3.3;27.8;33.0;2.0;1.5;1.1;0.5;10.9;2.7;0.3;0.9;0.9;1.5;12.5;2.7;11.1;5.7;0;0;4;1.4;5.0;2.8;0.0;0.1;0.3;0.78;0.2;5;13;0;0;7.8;0.1;6.4;1.5;0.0;0.4;0;1.8;0;5;0.3;2.2;0.0;0.6;1.1;1.8;0.0;0.0
67246236;Dani Ojeda;AM (R);M/AM (RL), ST (C);29;Pays Basque;Burgos;Second Division;12 (19);1227;6.83;Scouting Required;£325K - £3.3M;£2.4K - £3.7K p/w;30/6/2025;177 cm;Right-Footed;Fairly Strong;Very Strong;15.3;4.4;27.8;32.7;2.0;1.2;1.5;0.5;11.4;3.7;0.0;0.7;0.8;2.7;12.7;1.7;13.2;4.9;0;0;7;0.4;3.0;1.2;0.0;0.2;0.3;-1.75;0.3;11;18;0;0;4.3;0.0;5.9;0.7;0.0;0.1;0;1.3;0;5;0.0;1.8;0.0;0.9;1.0;2.3;0.1;0.0
67190076;Luca Sangalli;M (C);M/AM (C);29;Spain;Málaga;Spanish Federation 1B;25 (3);2098;7.07;Important Player;£600K - £2.2M;£4.5K p/w;30/6/2025;167 cm;Right-Footed;Fairly Strong;Very Strong;10.3;6.6;50.7;57.4;5.3;1.3;1.2;0.5;10.7;2.5;0.3;0.7;1.5;2.1;13.4;1.0;16.0;1.0;0;0;12;0.1;1.8;0.9;0.0;0.2;0.4;2.56;0.1;31;29;2;0;2.7;0.0;4.6;0.9;0.0;0.5;0;2.0;3;4;0.3;2.3;0.0;1.1;0.9;1.7;0.0;0.1
67140188;Iván Sánchez;AM (R);M/AM (RLC);31;Spain;Valladolid;Second Division;36 (5);2607;6.99;Squad Player;£0 - £60K;£7K - £8.25K p/w;30/6/2024;171 cm;Left-Footed;Very Strong;Reasonable;13.6;5.3;30.0;35.8;3.6;1.9;1.0;0.5;11.2;3.2;0.3;0.7;2.1;2.3;13.1;3.1;14.3;3.1;0;0;15;0.7;4.2;1.3;0.0;0.3;0.1;1.41;0.1;25;34;0;0;5.5;0.1;5.5;1.2;0.0;0.1;0;1.5;0;9;0.3;2.9;0.0;0.4;0.6;1.0;0.0;0.0
67150077;Salva Ruiz;D (L);D/WB (L);29;Spain;Castellón;Spanish Federation 1B;42;3743;7.06;Important Player;£1.2M;£2.3K - £2.7K p/w;30/6/2026;175 cm;Left-Footed;Very Strong;Reasonable;10.4;11.5;41.0;46.0;5.8;1.4;1.2;0.5;11.6;3.3;0.7;1.0;3.3;2.7;13.5;1.3;13.6;4.5;0;0;22;0.9;1.0;1.7;0.0;0.2;0.1;-0.15;0.1;43;51;4;0;2.7;0.1;4.6;0.9;0.0;0.0;0;1.7;1;5;0.1;1.4;0.0;0.2;0.1;0.4;0.1;0.3
67216467;Víctor Pastrana;AM (L);M/AM (RL);27;Spain;A. Baleares;Spanish Federation 1B;37 (1);3053;7.00;Important Player;£1K - £12K;£1.3K - £1.5K p/w;30/6/2024;180 cm;Left-Footed Only;Very Strong;Weak;16.1;8.3;26.3;33.4;2.9;1.1;1.7;0.5;14.8;3.7;0.4;0.7;2.5;2.9;13.0;3.3;14.2;4.7;0;0;18;0.5;3.0;2.5;0.0;0.3;0.2;-0.21;0.2;42;51;0;0;5.5;0.1;6.8;1.0;0.0;0.2;0;1.3;0;12;0.4;1.8;0.0;0.6;0.6;1.4;0.0;0.1
37041863;Gervane Kastaneer;AM (L);M (RL), AM (RLC), ST (C);28;Netherlands;Castellón;Spanish Federation 1B;17 (13);1692;7.00;Scouting Required;£0 - £1K;£825 - £1.1K p/w;30/6/2024;189 cm;Right-Footed Only;Weak;Very Strong;15.3;5.1;39.6;46.3;2.1;1.2;0.7;0.5;6.9;1.9;0.3;1.0;1.0;1.2;12.3;4.1;7.9;3.4;0;0;10;0.6;2.0;2.7;0.0;0.2;0.2;-3.2;0.2;13;58;0;0;4.7;0.0;3.4;0.6;0.0;0.1;0;1.8;0;8;0.2;1.2;0.0;0.6;1.0;2.2;0.1;0.2
2000149201;Alassan;AM (L);AM (RL);21;Spain;Melilla;Spanish Federation 1B;19 (13);1853;6.90;Breakthrough Prospect;£750K;£850 - £1K p/w;30/6/2025;178 cm;Right-Footed;Weak;Very Strong;15.5;7.8;31.9;38.3;3.3;1.0;0.9;0.5;17.6;4.5;0.3;1.2;2.2;2.1;13.1;4.1;9.6;4.3;0;0;11;0.4;3.6;2.2;0.0;0.2;0.2;0.23;0.2;11;43;0;0;5.8;0.0;4.7;0.5;0.0;0.2;0;1.2;0;4;0.1;1.1;0.0;0.4;0.4;1.3;0.1;0.1
2000213557;Diego Villamayor;AM (R);M/AM (R);19;Spain;Tarazona;Spanish Federation 1A;1 (20);502;6.61;Scouting Required;£10K - £35K;£190 - £270 p/w;30/6/2027;183 cm;Right-Footed;Weak;Very Strong;24.7;0.9;27.8;31.0;2.2;1.4;1.1;0.5;11.1;1.8;0.4;2.0;1.1;1.4;12.1;2.0;11.7;3.8;0;0;3;0.5;4.3;1.3;0.0;0.0;0.1;-0.28;0.1;7;5;0;0;5.6;0.0;3.8;0.5;0.0;0.0;0;0.4;0;3;0.0;1.4;0.0;0.0;0.4;0.7;0.0;0.0
2000132470;Cala;AM (R);M (R), AM (RL);24;Spain;A. Madrid B;Spanish Federation 1B;26;2160;6.78;Scouting Required;£70K;£430 - £675 p/w;30/6/2025;174 cm;Left-Footed Only;Very Strong;Weak;17.5;6.9;28.9;36.1;3.7;1.3;1.5;0.5;13.1;3.6;0.2;0.8;2.4;2.7;13.0;4.6;13.3;4.3;0;0;13;0.6;2.9;1.2;0.0;0.2;0.2;-2.12;0.2;34;52;4;0;4.2;0.0;7.0;1.2;0.0;0.1;0;1.1;1;7;0.1;2.4;0.0;1.1;0.7;1.8;0.0;0.2
67293498;Cristo Romero;M (L);D/WB/M/AM (L);24;Spain;Intercity;Spanish Federation 1B;37;3319;7.08;Important Player;£0 - £100K;£1.9K - £2.6K p/w;30/6/2024;173 cm;Left-Footed;Very Strong;Reasonable;13.6;7.2;37.3;41.6;3.5;1.2;1.4;0.5;9.2;2.9;0.3;1.0;1.5;2.3;12.1;3.8;8.3;4.5;0;0;20;0.7;3.0;1.2;0.0;0.2;0.2;1.88;0.2;19;52;1;0;4.2;0.1;6.3;1.2;0.0;0.2;0;1.5;0;5;0.3;1.8;0.0;0.5;0.6;1.2;0.1;0.0
67260439;José Lara;AM (C);M (C), AM (RLC);24;Spain;Alcoyano;Spanish Federation 1B;34 (1);2986;6.75;Scouting Required;£10K - £95K;£1.3K - £2K p/w;30/6/2025;162 cm;Right-Footed;Reasonable;Very Strong;12.1;6.5;26.3;31.2;2.3;0.9;1.3;0.5;11.4;3.3;0.2;0.9;1.9;2.3;12.7;2.5;9.4;3.6;0;0;18;0.4;4.3;0.5;0.0;0.2;0.3;-2.64;0.1;60;51;2;0;4.8;0.0;7.9;1.1;0.0;0.2;0;1.4;1;13;0.2;1.9;0.0;0.8;0.6;1.4;0.0;0.1
2000024303;Diego Moreno;D (R);D/WB (R);23;Spain;Cartagena;Second Division;7 (12);826;6.51;Scouting Required;£55K - £550K;£1.1K - £1.7K p/w;30/6/2026;169 cm;Right-Footed;Reasonable;Very Strong;11.4;8.0;36.5;42.9;4.5;0.8;1.5;0.5;9.0;1.9;0.5;1.2;1.6;2.2;12.9;1.2;13.6;3.1;0;0;5;0.3;3.9;1.3;0.0;0.1;0.0;-0.07;0.0;8;4;1;0;5.2;0.0;3.2;0.3;0.0;0.0;0;0.9;0;1;0.0;0.8;0.0;0.0;0.0;0.1;0.1;0.2
2000328858;José Fernández;ST (C);AM (L), ST (C);16;Spain;Málaga;Spanish Federation 1B;6;495;7.27;Fringe Player;£24K - £240K;£825 p/w;30/6/2026;179 cm;Left-Footed;Very Strong;Fairly Strong;8.4;5.1;19.1;21.6;2.4;1.5;1.5;0.5;8.5;2.4;0.2;0.4;1.1;1.6;12.6;3.3;8.9;3.3;0;0;3;1.3;4.5;0.4;0.0;0.3;0.4;1.03;0.4;8;7;0;0;4.9;0.0;3.3;1.3;0.0;0.5;0;2.5;0;4;0.4;1.5;0.0;0.4;1.1;1.3;0.0;0.0
67175523;Francisco Varela;WB (L);D/WB/M (L);29;Spain;Linares;Spanish Federation 1B;38 (1);3254;6.97;Star Player;£2.5K - £26K;£1.7K - £2K p/w;30/6/2024;174 cm;Left-Footed Only;Very Strong;Weak;10.0;14.4;49.7;55.1;6.7;0.8;1.1;0.6;11.0;2.8;0.9;1.2;3.2;2.8;13.3;0.7;16.3;2.1;0;0;20;0.4;1.9;2.1;0.0;0.2;0.2;-1.82;0.0;28;16;1;0;4.0;0.1;6.3;1.1;0.0;0.2;0;1.4;2;1;0.1;2.0;0.0;0.5;0.4;0.8;0.1;0.3
67206502;Agus Medina;DM;DM, M (C);29;Spain;Albacete;Second Division;17 (25);1949;6.81;Scouting Required;£200K - £2M;£2.6K - £3.6K p/w;30/6/2026;176 cm;Right-Footed;Fairly Strong;Very Strong;11.8;9.7;40.7;47.1;4.0;1.0;1.2;0.6;10.6;2.5;0.6;0.9;1.8;1.8;12.6;0.9;10.9;0.5;0;0;12;0.1;2.4;1.2;0.0;0.1;0.2;-3.12;0.2;11;10;0;0;3.7;0.0;0.6;0.1;0.0;0.0;0;1.1;0;1;0.1;1.0;0.0;0.2;0.4;0.9;0.0;0.2
67227126;Juanpe;M (C);M/AM (C);28;Spain;Málaga;Spanish Federation 1B;24 (9);2064;6.97;Fringe Player;£12K - £750K;£2K p/w;30/6/2026;183 cm;Right-Footed;Reasonable;Very Strong;9.2;6.6;47.7;54.5;6.1;1.7;1.3;0.6;9.2;2.4;0.1;0.4;1.5;1.7;13.6;0.8;13.3;0.8;0;0;13;0.4;2.1;1.7;0.0;0.2;0.2;0.12;0.2;22;28;4;1;3.9;0.1;0.8;0.4;0.0;0.2;0;2.1;0;0;0.3;1.7;0.0;1.0;0.4;1.7;0.0;0.0
67288319;Iñaki Rupérez;M (C);M (C);21;Spain;Real San Sebastián B;Spanish Federation 1A;12 (5);952;6.55;Scouting Required;£10K - £100K;£525 - £750 p/w;30/6/2025;187 cm;Right-Footed;Reasonable;Very Strong;18.1;9.8;39.5;44.9;2.9;0.7;1.4;0.6;11.8;3.2;0.8;1.4;1.6;2.3;12.1;0.5;6.5;0.7;0;0;6;0.0;3.5;2.0;0.0;0.1;0.0;-0.26;0.0;16;6;1;0;5.5;0.4;0.7;0.0;0.0;0.0;0;0.7;0;0;0.0;0.7;0.0;0.1;0.4;0.4;0.0;0.0
67199306;Álvaro Jiménez;M (R);M (R), AM (RL);29;Spain;Tenerife;Second Division;8 (25);1259;6.92;Scouting Required;£170K - £1.7M;£2.5K - £3.5K p/w;30/6/2025;175 cm;Right-Footed;Reasonable;Very Strong;17.0;5.1;28.2;33.9;2.6;1.4;1.0;0.6;11.7;3.5;0.1;0.6;2.1;2.8;13.0;3.0;15.2;3.5;0;0;8;0.3;3.1;1.1;0.0;0.1;0.2;-0.34;0.2;14;15;0;0;4.3;0.0;5.7;0.7;0.0;0.2;0;1.2;0;4;0.4;1.6;0.0;1.0;0.9;2.3;0.0;0.0
2000014927;Pablo Pérez;AM (L);D/WB/M/AM (L);22;Spain;A. Madrid B;Spanish Federation 1B;21 (7);1880;6.90;Fringe Player;£2K - £18K;£600 - £700 p/w;30/6/2025;170 cm;Left-Footed Only;Very Strong;Weak;11.9;9.5;31.9;36.6;3.4;1.0;1.6;0.6;14.2;4.2;0.7;1.8;2.0;3.4;13.2;2.3;15.3;4.6;0;0;12;0.8;2.0;1.6;0.0;0.2;0.1;-1.54;0.1;32;25;4;0;3.5;0.0;5.3;0.9;0.0;0.0;0;1.2;0;3;0.4;1.2;0.0;0.2;0.2;0.6;0.2;0.2
67258468;Sergio Ortuño;M (C);M (C);25;Spain;Eldense;Second Division;19 (2);1721;6.92;Scouting Required;£110K - £1.1M;£2K - £2.8K p/w;30/6/2025;178 cm;Right-Footed Only;Weak;Very Strong;13.2;10.6;38.8;45.4;2.9;1.0;1.9;0.6;10.5;3.0;0.2;0.6;1.6;2.3;11.8;0.5;8.4;0.7;0;0;11;0.2;2.2;1.3;0.0;0.2;0.1;-1.26;0.1;20;11;1;0;3.5;0.0;0.7;0.2;0.0;0.1;0;1.0;0;2;0.3;1.0;0.0;0.6;0.3;0.9;0.1;0.0
67296805;Carlos Puga;D (R);D/WB/M/AM (R);23;Spain;Málaga;Spanish Federation 1B;4 (18);624;6.79;Fringe Player;£230K - £475K;£2.3K p/w;30/6/2026;175 cm;Right-Footed Only;Weak;Very Strong;9.4;12.5;40.8;46.4;6.1;1.2;1.9;0.6;9.2;3.5;0.1;1.0;4.2;1.2;15.4;1.0;25.7;3.9;0;0;4;0.6;2.6;0.6;0.0;0.2;0.0;0;0.0;3;4;0;0;3.2;0.1;4.5;0.7;0.0;0.0;0;2.0;0;1;0.1;1.3;0.0;0.0;0.0;0.0;0.1;0.0
2000081462;Álvaro Juan;AM (R);AM (RC), ST (C);24;Spain;Mérida;Spanish Federation 1B;22 (10);2015;6.86;Scouting Required;£28K - £275K;£525 - £725 p/w;30/6/2025;178 cm;Right-Footed;Reasonable;Very Strong;13.4;5.8;34.3;39.2;2.8;1.4;1.1;0.6;11.8;2.9;0.1;1.2;1.5;2.1;12.4;2.5;10.2;3.3;0;0;13;0.5;2.9;0.6;0.0;0.2;0.2;0.51;0.2;32;38;0;0;3.6;0.0;3.3;0.5;0.0;0.2;0;1.3;0;14;0.3;1.4;0.0;0.6;0.6;1.2;0.0;0.1
67140189;Fran Carnicer;M (C);DM, M (C);33;Spain;Linares;Spanish Federation 1B;17 (21);1859;6.96;Scouting Required;£0;£1.2K - £1.7K p/w;30/6/2024;178 cm;Right-Footed;Reasonable;Very Strong;9.5;6.7;63.0;69.7;6.2;1.3;1.8;0.6;11.3;2.8;0.4;0.7;1.5;2.0;13.0;0.7;6.4;0.8;0;0;12;0.3;2.2;1.6;0.0;0.2;0.1;-0.2;0.1;16;12;1;0;3.8;0.2;1.7;0.5;0.0;0.1;0;1.6;1;1;0.3;1.5;0.0;0.3;0.3;0.8;0.0;0.2
67129926;Borja Valle;AM (C);M (C), AM (RLC);31;Spain;Ponferrada;Spanish Federation 1A;36 (1);2475;6.91;Scouting Required;£100K - £1M;£1.8K - £2.5K p/w;30/6/2025;177 cm;Right-Footed;Reasonable;Very Strong;17.9;6.1;25.9;30.6;2.5;1.4;1.2;0.6;11.8;3.0;0.4;0.9;2.0;2.7;12.5;2.3;13.4;2.8;0;0;16;0.4;4.0;2.7;0.0;0.3;0.2;0.28;0.2;18;36;1;2;6.7;0.0;6.5;1.1;0.0;0.3;0;1.4;0;8;0.1;1.9;0.0;0.8;1.0;2.4;0.1;0.0
67214182;Juanra;D (C);D (RC);29;Spain;A. Baleares;Spanish Federation 1B;4 (12);461;6.77;Scouting Required;£0;£650 - £925 p/w;30/6/2024;184 cm;Right-Footed;Reasonable;Very Strong;6.8;11.9;34.4;38.1;3.1;1.0;2.0;0.6;6.6;2.0;1.0;1.2;1.2;2.7;13.0;0.2;7.8;2.0;0;0;3;0.6;1.8;2.9;0.0;0.2;0.0;-0.06;0.0;3;1;1;0;4.7;0.2;2.0;0.6;0.0;0.0;0;1.4;0;0;0.2;1.0;0.0;0.0;0.0;0.2;0.0;0.6
2000217729;Pelayo García;AM (L);AM (L);19;Spain;Linares;Spanish Federation 1B;15;1223;6.89;Scouting Required;£85K - £300K;£250 - £340 p/w;30/6/2025;170 cm;Left-Footed;Very Strong;Weak;15.0;6.5;28.6;33.3;1.8;0.9;1.3;0.6;14.6;3.8;0.3;1.3;1.9;2.6;12.8;4.9;11.5;4.7;0;0;8;1.0;2.8;0.4;0.0;0.2;0.2;-2.39;0.2;30;26;2;0;3.2;0.0;4.7;1.0;0.0;0.1;0;1.3;0;8;0.4;0.9;0.0;0.4;0.5;1.2;0.0;0.1
67005397;Pedro León;AM (C);M/AM (R);37;Spain;Murcia;Spanish Federation 1B;33;2903;6.86;Scouting Required;£26K - £95K;£2.7K - £4.1K p/w;30/6/2026;183 cm;Right-Footed;Reasonable;Very Strong;18.0;5.7;31.3;39.2;2.5;0.9;1.7;0.6;12.0;2.7;0.4;0.5;1.9;2.1;12.7;2.1;9.3;3.9;0;0;19;0.7;2.8;1.6;0.0;0.2;0.3;1.48;0.1;41;74;3;0;4.4;0.0;10.9;2.2;0.0;0.3;0;1.3;2;9;0.2;2.8;0.0;0.8;0.9;1.7;0.1;0.1
67240212;Íñigo;AM (R);M/AM (RL);27;Spain;Real Irún;Spanish Federation 1A;9 (20);1067;6.90;Scouting Required;£16K - £150K;£220 - £340 p/w;30/6/2025;165 cm;Right-Footed;Reasonable;Very Strong;18.7;2.4;28.0;34.1;2.4;1.9;1.3;0.6;9.7;3.2;0.1;0.8;0.8;2.3;12.3;2.6;11.7;5.2;0;0;7;0.3;5.4;0.8;0.0;0.1;0.3;-2.19;0.3;14;16;0;0;6.2;0.0;5.2;0.3;0.0;0.1;0;1.1;0;5;0.1;1.9;0.0;0.6;0.8;2.1;0.0;0.0
2000107738;Simo;AM (L);M (L), AM (RL);24;Spain;Córdoba;Spanish Federation 1B;10 (22);1052;6.87;Fringe Player;£26K - £250K;£1.6K - £1.9K p/w;30/6/2024;171 cm;Right-Footed;Weak;Very Strong;13.7;5.3;34.9;40.7;2.3;1.5;0.7;0.6;14.0;3.8;0.3;0.3;1.8;2.9;13.3;3.0;12.5;3.8;0;0;7;1.0;3.5;1.5;0.0;0.2;0.2;-0.68;0.2;19;32;2;0;5.0;0.1;4.0;1.1;0.0;0.2;0;1.2;0;7;0.3;1.6;0.0;0.4;0.9;1.5;0.1;0.2
67053759;Fidel Chaves;M (L);M (L), AM (LC);34;Spain;Albacete;Second Division;11 (19);1181;7.22;Scouting Required;£14K - £130K;£4.8K - £7.25K p/w;30/6/2025;179 cm;Left-Footed Only;Very Strong;Weak;15.1;7.9;26.8;33.0;1.8;1.2;0.8;0.6;13.8;3.7;0.5;0.5;2.1;2.8;12.7;2.7;15.6;3.8;0;0;8;0.9;3.0;3.1;0.0;0.3;0.2;4.73;0.2;10;16;0;0;6.1;0.2;14.1;2.9;0.0;0.6;0;1.6;0;2;0.3;2.9;0.0;1.0;1.2;2.1;0.0;0.0
67191229;Sebas Moyano;M (R);M (RL), AM (RLC);27;Spain;Oviedo;Second Division;8 (23);1029;6.86;Scouting Required;£900K - £2.3M;£2.9K - £4.1K p/w;30/6/2025;173 cm;Right-Footed Only;Weak;Very Strong;19.1;3.9;30.4;34.4;2.5;1.7;1.8;0.6;10.9;3.0;0.2;0.3;1.3;1.7;12.5;3.6;12.4;4.5;0;0;7;0.6;4.2;1.5;0.0;0.3;0.1;1.71;0.1;14;17;1;0;5.7;0.0;17.4;2.4;0.0;0.3;0;1.4;0;4;0.2;2.9;0.0;0.8;0.7;1.5;0.0;0.0
67197982;Javi Pérez;AM (C);M/AM (RC), ST (C);28;Spain;Alcorcón;Second Division;0 (17);293;6.58;Scouting Required;£0;£1.2K - £1.7K p/w;30/6/2024;184 cm;Right-Footed;Weak;Very Strong;14.7;8.6;28.0;32.3;1.8;1.5;1.2;0.6;11.4;2.2;0.3;0.9;1.8;2.2;14.0;0.3;13.8;0.9;0;0;2;0.0;4.6;1.8;0.0;0.0;0.1;0.71;0.1;1;4;0;0;6.5;0.0;0.9;0.0;0.0;0.3;0;0.9;0;0;0.0;1.5;0.0;0.3;0.6;1.5;0.0;0.3
2000209723;Ángel Chamón;M (C);DM, M (C);20;Spain;R. Majadahonda;Spanish Federation 1A;0 (6);145;6.27;Scouting Required;£1K - £9K;£230 - £320 p/w;30/6/2025;174 cm;Right-Footed Only;Weak;Very Strong;6.8;7.4;45.9;52.1;3.7;0.0;1.9;0.6;7.4;3.1;0.6;0.6;1.2;2.5;13.2;0.0;9.9;0.6;0;0;1;0.0;3.1;0.0;0.0;0.0;0.0;0;0.0;1;0;0;0;3.1;0.0;0.6;0.0;0.0;0.0;0;1.9;0;0;0.0;0.0;0.0;0.0;0.0;0.0;0.0;0.0
67293607;Guillem;WB (R);D/WB/M/AM (R);26;Spain;R. Majadahonda;Spanish Federation 1A;3 (9);426;6.62;Scouting Required;£0;£330 - £450 p/w;30/6/2024;173 cm;Right-Footed;Weak;Very Strong;14.2;9.9;36.3;44.8;5.1;0.8;0.6;0.6;7.2;1.7;1.1;1.5;2.3;1.7;11.6;1.1;15.4;2.1;0;0;3;1.3;2.3;1.7;0.0;0.0;0.1;-0.62;0.1;5;3;0;0;4.0;0.2;2.1;1.3;0.0;0.0;0;1.1;0;0;0.0;1.1;0.0;0.4;0.0;1.1;0.0;2.1
2000119910;Óscar Ureña;AM (R);M (RC), AM (RLC), ST (C);21;Spain;Leganés;Second Division;6 (15);836;6.97;Breakthrough Prospect;£1.2M;£1.4K - £1.6K p/w;30/6/2025;171 cm;Right-Footed;Weak;Very Strong;18.9;3.7;37.5;42.2;4.1;1.3;1.5;0.6;10.8;2.4;0.2;0.6;2.2;1.5;12.2;2.2;10.1;2.9;0;0;6;0.2;4.1;0.3;0.0;0.2;0.2;0.35;0.2;7;13;1;0;4.4;0.0;4.0;0.3;0.0;0.2;0;1.5;0;1;0.3;1.3;0.0;0.8;0.5;1.4;0.0;0.0
67204820;Kuki Zalazar;AM (R);M (R), AM (RC), ST (C);26;Uruguay;Córdoba;Spanish Federation 1B;6 (18);687;6.95;Fringe Player;£300K;£950 - £1.1K p/w;30/6/2025;176 cm;Left-Footed;Very Strong;Reasonable;17.6;3.8;44.4;52.0;4.3;1.7;2.0;0.7;12.8;3.0;0.1;0.9;0.5;2.5;13.6;4.2;6.9;3.9;0;0;5;1.0;2.8;0.7;0.0;0.2;0.1;0.12;0.1;3;10;0;0;3.4;0.0;5.6;1.7;0.0;0.1;0;1.3;0;3;0.3;2.1;0.0;0.8;0.4;1.2;0.0;0.0
67157584;Álex Gallar;AM (L);M (L), AM (RL), ST (C);32;Spain;Ibiza;Spanish Federation 1B;32 (1);2710;7.10;Regular Starter;£110K - £1.1M;£3.6K - £5.25K p/w;30/6/2025;178 cm;Left-Footed;Very Strong;Weak;14.3;7.2;33.7;39.8;3.8;1.3;1.7;0.7;11.8;2.6;0.4;0.7;2.3;2.2;13.1;3.1;13.3;3.7;0;0;20;0.7;4.4;1.4;0.0;0.2;0.3;-0.44;0.2;26;74;1;0;5.8;0.0;6.2;1.2;0.0;0.3;0;1.7;0;9;0.4;2.1;0.0;0.6;0.7;1.6;0.0;0.1
67179848;Pablo Ganet;M (C);M (C);29;Spain;Alcoyano;Spanish Federation 1B;1 (1);135;6.65;Important Player;£0 - £4.5K;£1.5K - £1.7K p/w;30/6/2024;182 cm;Right-Footed Only;Weak;Very Strong;18.0;10.0;37.3;44.0;4.0;0.7;2.0;0.7;13.3;4.7;0.0;0.0;1.3;0.7;14.3;2.7;17.3;2.0;0;0;1;0.0;4.0;2.7;0.0;0.1;0.2;-0.32;0.2;3;3;0;0;6.7;0.0;9.3;0.0;0.0;0.0;0;0.7;0;0;0.7;0.7;0.0;3.3;1.3;3.3;0.0;0.0
67099218;Dioni;ST (C);AM (LC), ST (C);34;Spain;Málaga;Spanish Federation 1B;1 (2);132;6.65;Surplus to Requirements;£500 - £26K;£2.7K p/w;30/6/2025;185 cm;Left-Footed;Very Strong;Reasonable;15.0;5.5;36.1;43.0;4.8;1.4;2.0;0.7;2.0;0.0;1.4;0.7;2.7;0.7;13.4;4.1;10.2;4.8;0;0;1;0.7;2.0;0.7;0.0;0.1;0.2;-0.33;0.2;2;2;0;0;2.7;0.0;8.2;0.7;0.0;0.0;0;1.4;0;1;0.0;1.4;0.0;0.7;1.4;2.0;0.7;0.0
67150299;Jozabed;M (C);M/AM (C);33;Spain;Lugo;Spanish Federation 1A;26 (3);2232;7.05;Fringe Player;£0 - £1.5K;£2.3K - £3.3K p/w;30/6/2024;180 cm;Right-Footed;Fairly Strong;Very Strong;13.3;13.7;44.8;51.8;3.7;1.4;1.0;0.7;10.0;2.7;0.5;0.7;1.9;1.8;12.4;1.0;8.5;0.8;0;0;17;0.1;2.1;1.4;0.0;0.3;0.1;2.03;0.1;22;25;3;0;3.5;0.1;2.5;0.5;0.0;0.2;0;1.4;0;1;0.2;1.6;0.0;0.5;0.4;0.9;0.0;0.0
67224132;Kevin Presa;M (C);DM, M (C);30;Pays Basque;Leonesa;Spanish Federation 1A;32 (3);2683;6.95;Scouting Required;£30K - £300K;£270 - £380 p/w;30/6/2026;178 cm;Right-Footed;Reasonable;Very Strong;13.0;10.8;42.8;47.5;4.1;1.2;1.2;0.7;10.3;2.9;0.3;1.1;1.2;1.9;12.4;0.7;9.2;0.8;0;0;21;0.1;2.2;1.0;0.0;0.2;0.2;-4.8;0.2;37;12;3;0;3.3;0.0;0.8;0.1;0.0;0.0;0;1.1;0;2;0.2;1.2;0.0;0.5;0.4;1.4;0.0;0.1
2000048076;Iñigo Gomeza;D (C);D (LC);22;Spain;R. Santander;Second Division;0 (3);127;6.60;Scouting Required;£100K - £1M;£1.1K - £1.6K p/w;30/6/2025;184 cm;Left-Footed;Very Strong;Weak;10.6;11.3;46.8;54.6;7.8;2.8;1.4;0.7;7.8;4.3;0.0;0.7;0.7;5.0;13.1;0.0;7.8;3.5;0;0;1;0.7;2.1;1.4;0.0;0.1;0.0;0;0.0;3;2;1;0;3.5;0.7;3.5;0.7;0.0;0.0;0;2.8;0;0;0.7;2.8;0.0;0.0;0.0;0.0;0.0;0.0
58152145;Nikita Iosifov;AM (L);M (L), AM (RL);23;Russia;Castellón;Spanish Federation 1B;31 (7);2653;6.97;Scouting Required;£500K - £1.3M;£1.4K - £2.1K p/w;30/6/2025;175 cm;Right-Footed;Fairly Strong;Very Strong;13.4;5.0;37.8;43.7;2.6;1.2;1.4;0.7;10.8;2.2;0.2;0.7;1.8;1.5;12.6;3.3;10.7;2.9;0;0;21;0.8;2.9;1.1;0.0;0.2;0.2;2.38;0.2;32;53;1;0;4.0;0.0;2.9;0.8;0.0;0.3;0;1.5;0;12;0.1;1.2;0.0;0.7;0.9;1.7;0.1;0.1
67288501;David Argüelles;D (L);D/WB/M/AM (L);22;Spain;Ibiza;Spanish Federation 1B;3 (8);372;6.66;Scouting Required;£14K - £55K;£1.1K - £1.5K p/w;30/6/2025;175 cm;Left-Footed;Very Strong;Weak;10.2;7.5;33.4;39.0;6.0;1.5;1.5;0.7;8.7;2.4;0.0;0.7;1.7;2.2;13.2;0.7;12.3;5.8;0;0;3;1.7;2.9;1.2;0.0;0.2;0.0;-0.11;0.0;6;4;0;0;4.1;0.0;6.0;1.7;0.0;0.0;0;1.7;0;0;0.0;1.5;0.0;0.5;0.2;0.5;0.2;0.0
2000116056;Diego Esteban;AM (L);M/AM (L);24;Spain;Algeciras;Spanish Federation 1B;7 (23);855;6.89;Scouting Required;£0 - £70K;£210 - £330 p/w;30/6/2024;181 cm;Right-Footed;Reasonable;Very Strong;15.3;8.4;26.0;31.8;2.4;1.6;1.3;0.7;13.2;2.7;0.2;1.1;2.3;3.3;14.6;2.5;14.2;4.7;0;0;7;0.6;5.6;3.9;0.0;0.3;0.2;2.77;0.2;22;12;1;0;9.5;0.0;7.2;0.8;0.0;0.5;0;1.4;0;7;0.2;1.9;0.0;0.8;1.3;2.2;0.0;0.1
2000129885;Joshua Mancha;AM (C);M (RL), AM (RLC), ST (C);19;Mexico;S. Gijón;Second Division;2 (4);243;6.70;Scouting Required;£1.2M - £2.9M;£1.2K - £1.7K p/w;30/6/2027;174 cm;Right-Footed;Reasonable;Very Strong;12.6;2.2;23.3;25.6;3.0;2.6;0.0;0.7;8.1;1.9;0.0;0.7;0.4;1.1;11.0;0.4;8.5;3.0;0;0;2;0.0;6.3;1.9;0.0;0.1;0.3;-0.72;0.3;5;3;0;0;8.1;0.0;3.0;0.0;0.0;0.0;0;1.5;0;3;0.0;2.6;0.0;0.4;0.7;1.9;0.0;0.0
67183968;Roberto Olabe;M (C);DM, M (LC), AM (C);28;Spain;Ibiza;Spanish Federation 1B;10 (20);1207;6.88;Scouting Required;£140K - £1.4M;£2.9K - £4.2K p/w;30/6/2025;178 cm;Left-Footed;Very Strong;Reasonable;11.5;9.6;54.9;62.6;5.5;1.2;1.3;0.7;11.9;3.5;0.2;1.3;1.7;2.0;14.5;1.5;12.3;1.1;0;0;10;0.4;1.9;2.5;0.0;0.2;0.1;0.34;0.1;11;14;1;0;4.4;0.1;6.9;1.1;0.0;0.1;0;1.6;0;2;0.1;2.3;0.0;0.5;0.4;0.8;0.1;0.1
24050201;Stanko Jurić;DM;DM, M (C);27;Croatia;Valladolid;Second Division;1 (15);358;6.74;Scouting Required;£600K - £1.6M;£6.75K - £9.5K p/w;30/6/2025;189 cm;Right-Footed;Reasonable;Very Strong;5.3;11.3;58.1;61.8;7.0;1.5;1.8;0.8;10.8;2.5;0.0;1.3;1.0;1.5;14.2;0.3;13.8;0.3;0;0;3;0.0;1.0;2.5;0.0;0.2;0.0;-0.04;0.0;5;2;2;0;3.5;0.3;0.3;0.0;0.0;0.0;0;1.8;0;1;0.3;1.5;0.0;0.0;0.0;0.3;0.0;0.0
67227215;Aarón;AM (R);M/AM (R);26;Spain;Intercity;Spanish Federation 1B;15 (10);1431;7.02;Fringe Player;£7K - £65K;£650 - £750 p/w;30/6/2025;180 cm;Right-Footed;Fairly Strong;Very Strong;15.8;5.5;40.6;46.4;3.8;0.9;1.6;0.8;9.7;2.6;0.3;1.0;1.8;2.5;12.4;4.4;10.4;5.0;0;0;12;0.5;2.6;1.3;0.0;0.3;0.1;0.08;0.1;23;46;0;0;3.9;0.1;8.5;1.7;0.0;0.1;0;1.4;0;6;0.4;2.5;0.0;0.8;0.4;1.3;0.1;0.1
2000188032;Álex Guti;AM (R);AM (RL);23;Spain;Sanluqueño;Spanish Federation 1B;13 (14);1420;6.88;Scouting Required;£30K - £300K;£290 - £390 p/w;30/6/2025;175 cm;Right-Footed Only;Weak;Very Strong;18.4;4.7;33.9;39.3;2.5;1.5;1.8;0.8;11.6;2.8;0.3;1.0;1.4;1.6;12.8;5.3;9.6;7.4;0;0;12;0.9;2.6;0.8;0.0;0.2;0.2;-0.43;0.2;24;45;0;0;3.4;0.1;7.9;0.9;0.0;0.2;0;1.3;1;6;0.2;1.5;0.0;0.6;0.6;1.5;0.0;0.1
67231123;Raúl Sánchez;ST (C);AM (RLC), ST (C);26;Spain;Castellón;Spanish Federation 1B;1 (17);233;6.73;Regular Starter;£28K - £275K;£1.5K - £1.8K p/w;30/6/2027;188 cm;Left-Footed;Very Strong;Fairly Strong;15.8;3.5;55.6;62.2;3.9;1.2;0.4;0.8;10.0;1.9;0.0;0.4;1.2;1.9;15.1;1.2;8.1;3.9;0;0;2;0.4;1.9;4.6;0.0;0.0;0.2;0.52;0.2;5;0;0;0;6.6;0.4;3.9;0.4;0.0;0.4;0;1.2;0;2;0.0;1.2;0.0;0.0;0.8;1.5;0.0;0.0
67274958;Daniel Garrido;M (C);M (C);24;Spain;S.D. Logroñés;Spanish Federation 1A;2 (18);349;6.70;Scouting Required;£0;£250 - £360 p/w;30/6/2024;170 cm;Right-Footed;Fairly Strong;Very Strong;9.8;8.3;41.0;47.2;2.6;0.3;1.8;0.8;11.9;1.5;0.0;0.3;1.3;0.8;12.4;0.5;8.8;0.8;0;0;3;0.0;4.9;0.3;0.0;0.3;0.0;-0.06;0.0;4;2;1;0;5.2;0.5;0.8;0.0;0.0;0.0;0;1.0;0;0;0.3;0.3;0.0;0.0;0.0;0.3;0.0;0.0
67179764;Tomás;D (L);D/WB/AM (L);30;Spain;Algeciras;Spanish Federation 1B;24;2089;7.05;Regular Starter;£20K - £190K;£875 - £1K p/w;30/6/2025;172 cm;Left-Footed Only;Very Strong;Weak;11.2;12.7;32.6;38.6;5.2;1.6;1.2;0.8;10.5;3.0;0.5;1.8;2.2;4.6;13.0;0.8;13.0;4.2;0;0;18;1.1;2.5;2.4;0.0;0.3;0.1;-1.24;0.0;40;10;6;0;4.9;0.3;7.8;1.7;0.0;0.1;0;1.5;0;1;0.4;2.4;0.0;0.3;0.3;0.6;0.2;0.0
67211800;Víctor García;WB (L);D/WB/M (L);30;Spain;Málaga;Spanish Federation 1B;8 (21);1083;6.81;Fringe Player;£5K - £325K;£1.9K p/w;30/6/2025;180 cm;Left-Footed Only;Very Strong;Weak;12.3;12.0;39.6;46.0;9.1;0.9;1.5;0.8;8.2;2.3;0.7;1.5;3.2;2.1;15.1;1.7;27.1;3.6;0;0;10;0.2;1.5;1.6;0.0;0.3;0.1;0.6;0.0;17;6;2;0;3.1;0.2;9.5;1.7;0.0;0.2;0;2.0;0;3;0.2;2.8;0.0;0.7;0.3;0.8;0.2;0.3
67258014;Mourad;ST (C);ST (C);26;Spain;Elche;Second Division;0 (15);321;6.68;Fringe Player;£1.9M;£2.4K - £2.8K p/w;30/6/2025;190 cm;Right-Footed;Reasonable;Very Strong;11.5;1.7;19.1;21.3;0.3;0.6;1.4;0.8;5.9;0.6;0.3;0.6;1.1;0.3;11.5;0.0;5.9;0.3;0;0;3;0.3;7.3;4.8;0.0;0.0;0.2;0.45;0.2;3;6;0;0;12.1;0.0;0.3;0.3;0.0;0.3;0;1.4;0;2;0.0;0.6;0.0;1.1;0.8;2.5;0.0;0.0
2000087588;Jorge Montes;M (L);D/WB/M/AM (L);20;Spain;S. Gijón;Second Division;2;106;7.05;Breakthrough Prospect;£250K;£330 - £390 p/w;30/6/2025;189 cm;Right-Footed;Weak;Very Strong;8.5;22.1;44.2;52.6;3.4;3.4;0.8;0.8;11.9;2.5;0.0;0.0;4.2;5.1;13.0;0.8;17.8;0.8;0;0;1;0.0;5.1;6.8;0.0;0.5;0.1;-0.07;0.1;3;0;0;0;11.9;0.0;2.5;0.0;0.0;0.0;0;2.5;0;0;0.0;3.4;0.0;0.0;0.8;0.8;0.0;0.0
2000084061;Miguel Ángel Brau;M (L);D/WB/M/AM (L);22;Spain;Granada B;Spanish Federation 1B;6 (12);636;6.90;Scouting Required;£0;£220 - £330 p/w;30/6/2024;183 cm;Left-Footed;Very Strong;Weak;13.4;7.8;27.6;34.2;2.5;1.1;1.6;0.8;15.6;3.8;0.6;1.4;2.4;2.7;13.5;3.4;12.6;3.3;0;0;6;0.8;4.1;2.3;0.0;0.3;0.3;1.22;0.3;17;10;1;0;6.4;0.0;5.2;1.0;0.0;0.4;0;1.8;0;2;0.3;1.6;0.0;0.4;0.8;1.7;0.0;0.3
2000310500;Andrés Palacios;AM (C);M (C), AM (RLC);19;Spain;Cornellà;Spanish Federation 1A;0 (9);210;6.46;Scouting Required;£8K - £80K;£230 - £310 p/w;30/6/2026;178 cm;Right-Footed;Reasonable;Very Strong;22.3;5.1;28.3;31.7;1.7;0.0;1.3;0.9;9.0;1.7;0.4;0.4;0.9;1.3;12.1;0.9;9.4;0.0;0;0;2;0.0;5.1;1.7;0.0;0.5;0.1;-0.2;0.1;2;0;0;0;6.9;0.0;0.0;0.0;0.0;0.0;0;0.4;0;0;0.0;2.1;0.0;0.0;0.0;0.9;0.0;0.0
29114922;Quentin Lecoeuche;D (L);D/WB/M (L);30;France;Zaragoza;Second Division;2 (6);307;7.23;Scouting Required;£65K - £650K;£3.8K - £5.5K p/w;30/6/2025;174 cm;Left-Footed Only;Very Strong;Weak;8.5;12.9;48.4;53.9;5.6;1.2;0.6;0.9;7.6;2.6;1.5;1.5;2.6;2.6;13.0;1.8;16.1;3.5;0;0;3;0.9;1.2;1.2;0.0;0.2;0.0;-0.04;0.0;0;7;0;0;2.3;0.3;3.8;1.2;0.0;0.0;0;2.1;0;0;0.3;1.5;0.0;0.3;0.3;0.3;0.0;0.9
2000052231;Javier Antón;AM (R);AM (RL);23;Spain;Alcoyano;Spanish Federation 1B;9 (23);1021;6.76;Scouting Required;£7K - £75K;£750 - £1.1K p/w;30/6/2025;175 cm;Right-Footed;Weak;Very Strong;16.1;8.5;28.0;33.5;3.0;1.4;1.8;0.9;12.8;3.2;0.2;1.9;1.9;2.6;13.6;4.5;12.1;7.3;0;0;10;0.4;4.8;1.2;0.0;0.2;0.3;-1.07;0.3;22;17;1;1;6.0;0.0;8.4;0.4;0.0;0.2;0;1.2;0;5;0.3;1.5;0.0;1.2;0.8;2.3;0.0;0.1
34011686;Clément Grenier;M (C);DM, M (C);33;France;R. Santander;Second Division;1 (10);197;6.67;Squad Player;£0;£2.8K - £3.2K p/w;30/6/2024;187 cm;Right-Footed;Reasonable;Very Strong;6.9;9.6;48.0;58.0;5.5;0.9;0.9;0.9;8.7;2.3;0.0;0.9;0.5;1.8;13.2;0.0;10.1;0.0;0;0;2;0.0;0.9;0.9;0.0;0.1;0.1;-0.26;0.1;1;2;0;0;1.8;0.0;8.7;1.8;0.0;0.0;0;1.8;0;0;0.5;3.2;0.0;0.9;0.5;1.8;0.0;0.5
67232678;Chema Núñez;AM (C);M (C), AM (LC);26;Spain;Antequera;Spanish Federation 1B;34 (7);2797;7.05;Important Player;£0 - £70K;£1.4K - £1.7K p/w;30/6/2024;174 cm;Left-Footed Only;Very Strong;Weak;15.7;7.7;28.5;35.3;3.1;1.5;0.9;0.9;14.5;3.7;0.3;0.7;2.7;2.8;13.4;2.4;13.4;4.6;0;0;29;0.5;4.7;1.5;0.0;0.3;0.4;0.43;0.2;48;63;2;0;6.2;0.0;10.9;1.3;0.0;0.4;0;1.7;0;20;0.3;3.1;0.0;1.1;1.2;2.4;0.0;0.0
67190075;Joseba Muguruza;M (R);D/WB/M/AM (R);30;Spain;Leonesa;Spanish Federation 1A;1 (3);189;6.87;Scouting Required;£35K;£1K - £1.4K p/w;30/6/2025;171 cm;Right-Footed;Weak;Very Strong;12.4;8.1;39.5;47.1;5.2;2.4;1.0;1.0;7.6;2.9;0.5;2.4;1.4;3.3;11.8;0.0;10.5;2.9;0;0;2;0.5;3.8;1.0;0.0;0.1;0.0;0;0.0;2;1;1;0;4.8;0.5;3.3;0.5;0.0;0.0;0;2.4;0;0;0.5;2.4;0.0;0.0;0.0;0.0;0.5;0.0
67257317;Sergio Pérez;AM (R);M (R), AM (RL);27;Spain;Melilla;Spanish Federation 1B;3 (20);561;6.88;Scouting Required;£0;£440 - £650 p/w;30/6/2024;182 cm;Right-Footed;Weak;Very Strong;16.7;5.8;26.8;32.1;4.5;1.3;1.8;1.0;14.4;3.5;0.5;1.1;2.2;3.2;14.1;3.0;14.4;6.6;0;0;6;0.6;4.5;2.4;0.0;0.3;0.1;1.41;0.1;8;13;0;0;6.9;0.2;7.2;0.6;0.0;0.3;0;0.8;0;4;0.2;1.3;0.0;0.8;1.0;1.1;0.0;0.2
2000053445;Jairo Noriega;M (C);M/AM (C);20;Spain;Coruña;Spanish Federation 1A;0 (3);93;7.00;Surplus to Requirements;£140K;£1.1K - £1.3K p/w;30/6/2025;184 cm;Right-Footed;Reasonable;Very Strong;13.5;6.8;34.8;37.7;1.9;2.9;2.9;1.0;8.7;1.0;0.0;2.9;3.9;1.9;11.9;1.0;4.8;0.0;0;0;1;0.0;1.9;2.9;0.0;0.2;0.0;0;0.0;0;1;0;0;4.8;0.0;0.0;0.0;0.0;0.0;0;1.0;0;0;1.0;2.9;0.0;0.0;0.0;0.0;0.0;0.0
2000049421;Dani Villahermosa;M (C);DM, M (C);23;Spain;Castellón;Spanish Federation 1B;1 (10);185;6.75;Scouting Required;£180K - £650K;£1.3K - £1.8K p/w;30/6/2025;174 cm;Right-Footed;Fairly Strong;Very Strong;10.7;4.9;79.3;88.1;5.8;0.5;1.0;1.0;9.2;2.9;0.5;1.0;1.5;1.5;15.3;0.0;8.3;0.5;0;0;2;0.0;2.9;0.5;0.0;0.1;0.3;-0.63;0.3;1;1;0;0;3.4;0.0;0.5;0.0;0.0;0.0;0;0.5;0;1;0.0;0.5;0.0;1.0;0.5;1.9;0.0;0.5
67248346;Berto Cayarga;AM (L);M (RL), AM (RLC);27;Spain;Coruña;Spanish Federation 1A;0 (8);183;6.71;Scouting Required;£24K - £230K;£1.1K - £1.5K p/w;30/6/2025;170 cm;Right-Footed;Fairly Strong;Very Strong;20.2;4.4;24.1;30.0;2.5;1.5;0.5;1.0;13.3;3.9;0.0;0.0;0.5;3.4;11.7;1.5;12.8;3.4;0;0;2;0.5;3.9;0.5;0.0;0.0;0.4;-0.83;0.4;4;0;0;0;4.4;0.0;3.4;0.5;0.0;0.0;0;1.0;0;0;0.0;1.5;0.0;1.0;1.0;3.0;0.0;0.0
67291843;Nahuel Arroyo;AM (L);M/AM (L);29;Spain;San Fernando;Spanish Federation 1B;5 (17);640;7.14;Regular Starter;£1K - £12K;£330 - £380 p/w;30/6/2024;180 cm;Left-Footed;Very Strong;Weak;9.1;8.9;23.5;27.6;1.7;1.5;1.8;1.0;11.5;3.4;0.4;1.3;2.4;2.0;13.7;3.0;14.2;2.8;0;0;7;0.8;4.6;3.7;0.0;0.3;0.4;3.33;0.4;10;11;0;0;8.3;0.0;2.8;0.8;0.0;0.8;0;2.4;0;3;0.3;1.5;0.0;1.0;1.5;3.0;0.0;0.1
67059800;Tito;AM (L);M/AM (L);35;Spain;Intercity;Spanish Federation 1B;6 (12);728;7.00;Scouting Required;£0;£825 - £1.1K p/w;30/6/2025;177 cm;Left-Footed Only;Very Strong;Weak;14.5;6.7;35.5;39.2;2.1;2.1;1.1;1.0;14.7;3.2;0.6;1.1;1.4;2.1;13.1;3.7;10.5;6.7;0;0;8;1.0;3.3;1.1;0.0;0.3;0.1;1.92;0.1;9;16;0;0;4.5;0.1;7.4;1.1;0.0;0.4;0;1.9;0;2;0.0;2.3;0.0;0.4;0.4;1.0;0.0;0.0
2000217233;Alejandro Alda;D (L);D (RL);21;Spain;Leganés;Second Division;1;90;6.90;Scouting Required;£0;£1.3K - £1.7K p/w;30/6/2025;193 cm;Right-Footed;Strong;Very Strong;25.0;4.0;45.0;54.0;4.0;2.0;2.0;1.0;9.0;4.0;1.0;6.0;1.0;4.0;12.1;1.0;12.0;4.0;0;0;1;0.0;1.0;6.0;0.0;0.2;0.0;0;0.0;0;0;0;0;7.0;0.0;4.0;0.0;0.0;0.0;0;0.0;0;0;0.0;2.0;0.0;0.0;0.0;0.0;0.0;0.0
2000222983;Dani Clavijo;M (C);DM, M (C);20;Spain;Granada B;Spanish Federation 1B;3;178;7.07;Scouting Required;£3.5K - £35K;£180 - £270 p/w;30/6/2025;170 cm;Right-Footed;Reasonable;Very Strong;9.6;7.6;50.1;58.1;4.0;1.5;0.5;1.0;13.1;3.0;0.0;4.6;1.0;3.5;13.0;0.5;12.1;0.5;0;0;2;0.0;1.0;1.5;0.0;0.4;0.1;-0.18;0.1;1;0;0;0;2.5;0.5;0.5;0.0;0.0;0.0;0;1.5;0;0;0.5;2.0;0.0;0.5;0.0;1.0;0.5;0.0
67228768;Hugo Rama;M (C);DM, M (RLC), AM (C);27;Spain;Coruña;Spanish Federation 1A;0 (8);177;6.60;Fringe Player;£40K - £425K;£1.8K - £2K p/w;30/6/2025;177 cm;Right-Footed;Weak;Very Strong;10.7;10.7;39.7;42.7;2.5;0.5;0.5;1.0;9.2;2.5;0.0;0.0;2.0;2.5;13.0;0.5;11.2;0.0;0;0;2;0.0;3.6;0.5;0.0;0.3;1.0;-2.06;0.6;1;0;0;0;4.1;0.0;7.1;2.0;0.0;0.0;0;1.5;0;0;0.0;0.5;0.0;0.5;1.0;2.5;0.0;0.0
2000023720;Martín;AM (C);DM, M/AM (C);24;Spain;Leonesa;Spanish Federation 1A;3 (15);619;6.61;Surplus to Requirements;£55K;£350 - £410 p/w;30/6/2025;175 cm;Right-Footed;Reasonable;Very Strong;13.4;9.2;40.3;46.1;4.2;1.3;0.9;1.0;9.3;2.5;0.7;0.7;1.6;1.7;12.6;1.0;8.4;0.4;0;0;7;0.0;1.7;2.3;0.0;0.3;0.0;-0.33;0.0;2;3;0;0;4.1;0.0;7.3;1.3;0.0;0.0;0;1.3;0;0;0.1;3.3;0.0;0.3;0.3;0.4;0.1;0.0
67257706;Haitam Abaida;AM (R);M (R), AM (RLC), ST (C);22;Spain;Málaga;Spanish Federation 1B;29 (6);2370;7.21;Breakthrough Prospect;£400K - £1.5M;£1.3K p/w;30/6/2027;172 cm;Left-Footed;Very Strong;Reasonable;16.6;6.2;37.9;44.6;6.0;1.8;1.2;1.1;12.7;2.7;0.1;0.6;1.7;1.8;14.0;5.4;16.7;4.5;0;0;28;0.9;2.8;0.6;0.0;0.3;0.2;2.93;0.2;32;69;2;0;3.5;0.0;7.7;1.3;0.0;0.3;0;2.1;0;15;0.3;2.3;0.0;0.9;0.8;1.8;0.0;0.0
2000049494;Salim El Jebari;M (C);M/AM (C);20;Spain;A. Madrid B;Spanish Federation 1B;4 (17);591;6.86;Scouting Required;£50K - £500K;£260 - £360 p/w;30/6/2025;179 cm;Right-Footed;Weak;Very Strong;12.3;4.9;44.5;52.4;4.0;1.4;1.5;1.1;8.8;0.9;0.2;1.1;1.8;1.8;14.6;1.7;12.9;1.1;0;0;7;0.3;2.0;1.1;0.0;0.2;0.3;0.3;0.3;3;8;0;0;3.0;0.0;1.2;0.5;0.0;0.3;0;1.4;0;2;0.2;1.5;0.0;0.6;0.9;1.4;0.3;0.0
67293676;Álex Balboa;AM (R);M (RC), AM (R);23;Spain;Huesca;Second Division;2 (1);142;6.63;Scouting Required;£12K - £120K;£1.4K - £1.9K p/w;30/6/2026;181 cm;Right-Footed;Reasonable;Very Strong;17.7;1.3;32.3;34.2;1.9;1.9;1.9;1.3;7.6;0.0;0.0;1.3;0.6;1.3;12.6;3.8;8.2;3.8;0;0;2;0.6;5.1;2.5;0.0;0.1;0.3;-0.41;0.3;2;2;0;0;7.6;0.0;3.8;0.6;0.0;0.0;0;0.6;0;0;0.0;1.9;0.0;0.0;0.6;1.3;0.0;0.0
67169241;Eugeni;M (C);M/AM (C);29;Pays Basque;Ibiza;Spanish Federation 1B;1 (9);219;6.80;Important Player;£7K - £18K;£2.6K - £3K p/w;30/6/2024;182 cm;Right-Footed;Reasonable;Very Strong;13.2;4.9;46.8;56.3;6.2;1.6;2.5;1.6;16.4;4.1;0.4;1.2;0.0;0.8;14.5;1.6;9.5;0.8;0;0;4;0.4;3.7;1.6;0.0;0.6;0.7;-0.67;0.0;0;3;0;0;5.3;0.0;9.5;2.5;0.0;0.4;0;1.6;0;0;0.4;4.5;0.0;0.8;0.8;2.1;0.0;0.0
2000300220;Iker Luque;AM (R);AM (RL);19;Spain;A. Madrid B;Spanish Federation 1B;1;81;7.60;Scouting Required;£16K - £160K;£170 - £260 p/w;30/6/2025;168 cm;Right-Footed;Reasonable;Very Strong;13.3;5.6;20.0;21.1;0.0;2.2;1.1;2.2;13.3;4.4;1.1;1.1;1.1;5.6;0.0;4.4;22.2;7.8;0;0;2;3.3;3.3;1.1;0.0;0.4;0.0;0;0.0;4;2;0;0;4.4;0.0;8.9;4.4;0.0;0.0;0;3.3;0;3;1.1;2.2;0.0;0.0;0.0;0.0;1.1;0.0
67157098;Borja Martínez;M (C);DM, M (RC);29;Spain;Tarragona;Spanish Federation 1A;0 (4);77;6.60;Scouting Required;£20K - £200K;£310 - £450 p/w;30/6/2025;176 cm;Left-Footed;Very Strong;Reasonable;4.7;5.8;45.6;49.1;4.7;2.3;0.0;2.3;9.4;4.7;0.0;1.2;0.0;2.3;0.0;2.3;10.5;3.5;0;0;2;1.2;4.7;0.0;0.0;0.3;0.0;0;0.0;2;0;1;0;4.7;0.0;3.5;1.2;0.0;0.0;0;0.0;0;0;0.0;2.3;0.0;0.0;0.0;0.0;0.0;1.2
2002099622;Ricardo Álvarez;AM (C);AM (LC), ST (C);15;Spain;Sestao;Spanish Federation 1A;1 (2);77;6.25;Scouting Required;£24K - £230K;£40 - £60 p/w;30/6/2028;176 cm;Left-Footed;Very Strong;Reasonable;32.7;2.3;30.4;35.1;2.3;1.2;1.2;2.3;8.2;2.3;0.0;0.0;0.0;2.3;0.0;1.2;9.4;2.3;0;0;2;0.0;5.8;0.0;0.0;0.3;0.0;0;0.0;2;1;0;0;5.8;0.0;2.3;0.0;0.0;0.0;0;0.0;0;1;0.0;1.2;0.0;0.0;0.0;0.0;0.0;0.0
